enrollment_id,application_id,enrollment_date,completion_status,completion_date
1,10,2015-01-19,Completed,2015-03-13
2,23,2015-03-14,Completed,2015-05-08
3,27,2015-03-09,Completed,2015-05-08
4,44,2015-03-14,Completed,2015-05-04
5,52,2015-03-18,Completed,2015-05-06
6,66,2015-03-07,Completed,2015-05-06
7,67,2015-03-14,Completed,2015-05-06
8,75,2015-03-16,Completed,2015-05-07
9,76,2015-03-10,Completed,2015-05-05
10,91,2015-03-18,Withdrawn,2015-04-18
11,94,2015-03-11,Withdrawn,2015-03-30
12,102,2015-03-13,Completed,2015-05-05
13,105,2015-03-17,Completed,2015-05-05
14,106,2015-03-09,Completed,2015-05-09
15,116,2015-03-07,Completed,2015-05-08
16,117,2015-03-11,Completed,2015-05-07
17,122,2016-09-16,Completed,2016-11-07
18,124,2016-09-17,Completed,2016-11-07
19,129,2016-04-26,Completed,2016-06-18
20,136,2016-09-06,Completed,2016-11-04
21,141,2016-09-06,Completed,2016-11-03
22,142,2016-04-22,Completed,2016-06-20
23,145,2016-09-15,Completed,2016-11-06
24,158,2016-09-14,Withdrawn,2016-09-25
25,160,2016-09-10,Completed,2016-11-03
26,161,2016-09-15,Completed,2016-11-04
27,162,2016-09-20,Completed,2016-11-07
28,166,2016-09-15,Completed,2016-11-05
29,168,2016-09-08,Completed,2016-11-06
30,171,2016-09-17,Completed,2016-11-09
31,173,2016-04-25,Withdrawn,2016-05-13
32,178,2016-09-08,Completed,2016-11-05
33,180,2016-04-20,Completed,2016-06-19
34,182,2016-09-13,Completed,2016-11-07
35,195,2016-04-22,Completed,2016-06-21
36,196,2016-09-15,Completed,2016-11-07
37,204,2016-09-09,Completed,2016-11-04
38,205,2016-09-19,Completed,2016-11-09
39,208,2016-09-12,Completed,2016-11-03
40,218,2016-09-08,Completed,2016-11-07
41,219,2016-09-06,Completed,2016-11-04
42,220,2016-09-11,Completed,2016-11-11
43,221,2016-09-10,Completed,2016-11-05
44,223,2016-09-07,Completed,2016-11-07
45,230,2016-04-30,Completed,2016-06-19
46,238,2016-04-20,Withdrawn,2016-04-30
47,248,2016-09-11,Completed,2016-11-07
48,254,2016-04-26,Completed,2016-06-22
49,265,2016-04-26,Completed,2016-06-19
50,278,2016-09-13,Completed,2016-11-07
51,284,2016-05-01,Completed,2016-06-19
52,285,2016-04-21,Completed,2016-06-20
53,291,2016-05-01,Completed,2016-06-17
54,292,2016-09-18,Completed,2016-11-07
55,306,2017-09-18,Completed,2017-11-15
56,314,2017-09-27,Completed,2017-11-14
57,315,2017-06-16,Withdrawn,2017-07-12
58,321,2017-10-21,Completed,2017-12-10
59,323,2017-09-20,Completed,2017-11-14
60,327,2017-10-23,Withdrawn,2017-11-18
61,328,2017-09-20,Completed,2017-11-15
62,331,2017-06-10,Completed,2017-08-06
63,332,2017-10-21,Completed,2017-12-12
64,334,2017-09-20,Completed,2017-11-16
65,335,2017-09-17,Completed,2017-11-15
66,336,2017-10-20,Completed,2017-12-13
67,338,2017-06-21,Completed,2017-08-09
68,344,2017-09-27,Completed,2017-11-19
69,349,2017-10-17,Completed,2017-12-13
70,355,2017-10-18,Completed,2017-12-13
71,358,2017-10-13,Completed,2017-12-10
72,367,2017-10-20,Completed,2017-12-14
73,373,2017-09-24,Completed,2017-11-15
74,378,2017-10-16,Withdrawn,2017-11-18
75,380,2017-06-12,Completed,2017-08-09
76,384,2017-10-12,Completed,2017-12-13
77,387,2017-09-22,Completed,2017-11-14
78,389,2017-09-27,Completed,2017-11-16
79,394,2017-09-21,Completed,2017-11-14
80,395,2017-09-24,Completed,2017-11-15
81,398,2017-10-17,Completed,2017-12-14
82,399,2017-09-18,Completed,2017-11-16
83,403,2017-09-28,Completed,2017-11-14
84,415,2017-06-21,Completed,2017-08-09
85,418,2017-10-20,Completed,2017-12-11
86,428,2017-06-15,Completed,2017-08-11
87,433,2017-09-17,Completed,2017-11-14
88,438,2017-06-21,Completed,2017-08-13
89,440,2017-10-22,Completed,2017-12-13
90,443,2017-10-17,Completed,2017-12-13
91,450,2017-10-19,Completed,2017-12-11
92,451,2017-10-14,Completed,2017-12-12
93,452,2017-06-22,Completed,2017-08-11
94,464,2017-10-22,Withdrawn,2017-11-08
95,466,2017-10-15,Withdrawn,2017-10-23
96,467,2017-06-14,Completed,2017-08-12
97,468,2017-09-19,Completed,2017-11-19
98,478,2017-10-19,Completed,2017-12-10
99,479,2017-09-26,Completed,2017-11-14
100,481,2017-10-19,Completed,2017-12-12
101,482,2017-09-18,Withdrawn,2017-10-01
102,485,2017-09-28,Completed,2017-11-19
103,486,2017-10-14,Completed,2017-12-12
104,493,2017-10-14,Completed,2017-12-11
105,495,2017-09-19,Completed,2017-11-19
106,496,2017-06-13,Completed,2017-08-10
107,497,2017-09-28,Completed,2017-11-19
108,498,2017-09-27,Completed,2017-11-14
109,510,2017-06-18,Completed,2017-08-04
110,561,2017-06-14,Completed,2017-08-12
111,572,2017-06-14,Completed,2017-08-08
112,601,2018-10-19,Completed,2018-12-13
113,602,2018-07-08,Completed,2018-09-05
114,604,2018-09-01,Completed,2018-10-18
115,622,2018-07-08,Completed,2018-09-04
116,625,2018-07-16,Completed,2018-09-03
117,627,2018-07-07,Completed,2018-09-03
118,638,2018-07-06,Completed,2018-09-08
119,648,2018-10-21,Completed,2018-12-14
120,665,2018-10-20,Completed,2018-12-14
121,672,2018-08-29,Completed,2018-10-18
122,678,2018-07-09,Completed,2018-09-03
123,684,2018-10-15,Completed,2018-12-11
124,687,2018-10-15,Completed,2018-12-13
125,692,2018-10-21,Completed,2018-12-12
126,704,2018-10-20,Completed,2018-12-17
127,705,2018-10-19,Completed,2018-12-13
128,710,2018-10-12,Completed,2018-12-09
129,711,2018-10-18,Completed,2018-12-13
130,712,2018-10-23,Completed,2018-12-12
131,716,2018-08-24,Completed,2018-10-20
132,735,2018-08-29,Completed,2018-10-18
133,738,2018-07-12,Completed,2018-09-07
134,740,2018-08-22,Completed,2018-10-20
135,742,2018-10-20,Completed,2018-12-15
136,751,2018-08-22,Completed,2018-10-18
137,753,2018-10-17,Completed,2018-12-12
138,757,2018-10-18,Completed,2018-12-14
139,759,2018-10-18,Completed,2018-12-09
140,760,2018-08-23,Completed,2018-10-23
141,766,2018-08-26,Completed,2018-10-22
142,772,2018-08-27,Completed,2018-10-21
143,773,2018-10-13,Completed,2018-12-11
144,786,2018-07-17,Completed,2018-09-03
145,792,2018-07-16,Completed,2018-09-06
146,796,2018-07-07,Completed,2018-09-07
147,801,2018-10-19,Completed,2018-12-14
148,802,2018-10-12,Completed,2018-12-12
149,805,2018-10-19,Completed,2018-12-16
150,810,2018-07-07,Completed,2018-09-05
151,815,2018-10-16,Withdrawn,2018-11-01
152,816,2018-07-16,Completed,2018-09-03
153,817,2018-02-22,Completed,2018-04-17
154,820,2018-08-30,Completed,2018-10-19
155,822,2018-10-21,Withdrawn,2018-11-17
156,825,2018-10-19,Completed,2018-12-13
157,827,2018-10-12,Completed,2018-12-11
158,833,2018-10-18,Completed,2018-12-12
159,834,2018-10-14,Completed,2018-12-13
160,842,2018-08-27,Completed,2018-10-18
161,847,2018-10-19,Completed,2018-12-11
162,849,2018-08-26,Completed,2018-10-22
163,850,2018-10-23,Completed,2018-12-17
164,853,2018-10-16,Completed,2018-12-10
165,856,2018-10-19,Completed,2018-12-14
166,860,2018-10-20,Completed,2018-12-13
167,863,2018-10-20,Completed,2018-12-14
168,874,2018-10-22,Completed,2018-12-09
169,876,2018-10-21,Withdrawn,2018-11-10
170,877,2018-10-26,Completed,2018-12-15
171,880,2018-07-08,Completed,2018-09-06
172,887,2018-10-22,Completed,2018-12-13
173,888,2018-10-22,Withdrawn,2018-11-12
174,910,2018-10-18,Completed,2018-12-12
175,911,2018-07-15,Completed,2018-09-04
176,913,2018-10-23,Completed,2018-12-14
177,914,2018-10-14,Completed,2018-12-09
178,918,2018-10-17,Completed,2018-12-11
179,921,2018-08-25,Completed,2018-10-21
180,925,2018-08-28,Completed,2018-10-21
181,932,2018-10-24,Completed,2018-12-15
182,935,2018-08-23,Completed,2018-10-23
183,936,2018-07-08,Completed,2018-09-08
184,937,2018-07-11,Completed,2018-09-06
185,939,2018-08-25,Completed,2018-10-18
186,943,2018-08-24,Completed,2018-10-20
187,955,2018-10-16,Completed,2018-12-16
188,976,2018-07-07,Completed,2018-09-05
189,978,2018-08-28,Completed,2018-10-19
190,983,2018-10-17,Completed,2018-12-15
191,984,2018-07-09,Completed,2018-09-07
192,985,2018-07-10,Completed,2018-09-03
193,990,2018-08-28,Completed,2018-10-22
194,991,2018-08-23,Completed,2018-10-19
195,992,2018-08-29,Completed,2018-10-18
196,993,2018-08-23,Completed,2018-10-23
197,994,2018-08-26,Completed,2018-10-23
198,996,2018-08-28,Completed,2018-10-18
199,1000,2018-08-21,Completed,2018-10-21
200,1010,2018-08-22,Completed,2018-10-21
201,1012,2018-08-31,Completed,2018-10-21
202,1013,2018-08-21,Completed,2018-10-21
203,1015,2018-07-10,Completed,2018-09-08
204,1019,2018-10-21,Completed,2018-12-14
205,1061,2019-09-20,Completed,2019-11-10
206,1065,2019-06-19,Withdrawn,2019-07-23
207,1078,2019-09-15,Withdrawn,2019-09-30
208,1085,2019-05-09,Completed,2019-07-03
209,1087,2019-03-02,Completed,2019-04-20
210,1088,2019-09-12,Completed,2019-11-08
211,1090,2019-06-14,Completed,2019-08-06
212,1091,2019-06-18,Completed,2019-08-10
213,1092,2019-06-10,Completed,2019-08-11
214,1096,2019-09-19,Completed,2019-11-10
215,1097,2019-05-17,Completed,2019-07-08
216,1104,2019-06-14,Completed,2019-08-11
217,1109,2019-06-19,Completed,2019-08-08
218,1115,2019-05-06,Completed,2019-07-03
219,1126,2019-09-22,Completed,2019-11-13
220,1127,2019-03-01,Completed,2019-04-25
221,1128,2019-02-17,Completed,2019-04-17
222,1138,2019-06-15,Completed,2019-08-10
223,1149,2019-05-16,Completed,2019-07-04
224,1150,2019-06-16,Completed,2019-08-06
225,1162,2019-09-17,Completed,2019-11-09
226,1167,2019-09-11,Completed,2019-11-11
227,1169,2019-06-18,Completed,2019-08-06
228,1172,2019-06-11,Withdrawn,2019-06-26
229,1173,2019-04-23,Completed,2019-06-12
230,1176,2019-05-08,Completed,2019-07-08
231,1190,2019-09-19,Completed,2019-11-10
232,1192,2019-09-14,Withdrawn,2019-10-12
233,1194,2019-05-06,Completed,2019-07-08
234,1205,2019-09-14,Completed,2019-11-12
235,1206,2019-03-02,Completed,2019-04-22
236,1209,2019-09-16,Completed,2019-11-10
237,1211,2019-09-14,Withdrawn,2019-10-13
238,1213,2019-06-15,Completed,2019-08-11
239,1216,2019-04-23,Completed,2019-06-11
240,1217,2019-04-17,Completed,2019-06-14
241,1219,2019-05-14,Completed,2019-07-03
242,1221,2019-04-18,Completed,2019-06-10
243,1225,2019-09-18,Completed,2019-11-13
244,1227,2019-06-09,Completed,2019-08-09
245,1231,2019-05-15,Completed,2019-07-04
246,1234,2019-09-17,Completed,2019-11-11
247,1239,2019-06-14,Completed,2019-08-06
248,1240,2019-06-14,Completed,2019-08-07
249,1241,2019-05-13,Completed,2019-07-04
250,1243,2019-05-12,Completed,2019-07-03
251,1248,2019-06-14,Completed,2019-08-08
252,1250,2019-02-16,Completed,2019-04-15
253,1255,2019-06-11,Completed,2019-08-09
254,1263,2019-05-07,Completed,2019-07-07
255,1270,2019-04-21,Completed,2019-06-10
256,1273,2019-02-17,Completed,2019-04-13
257,1276,2019-05-12,Completed,2019-07-08
258,1284,2019-09-20,Completed,2019-11-08
259,1285,2019-05-06,Completed,2019-07-07
260,1286,2019-05-07,Completed,2019-07-05
261,1289,2019-04-21,Completed,2019-06-14
262,1290,2019-06-19,Completed,2019-08-09
263,1292,2019-02-24,Completed,2019-04-20
264,1295,2019-02-24,Completed,2019-04-20
265,1300,2019-02-23,Completed,2019-04-22
266,1301,2019-05-12,Completed,2019-07-06
267,1310,2019-06-18,Completed,2019-08-11
268,1314,2019-05-16,Completed,2019-07-07
269,1330,2019-05-07,Completed,2019-07-06
270,1331,2019-09-17,Completed,2019-11-08
271,1335,2019-06-14,Completed,2019-08-07
272,1336,2019-03-01,Completed,2019-04-23
273,1337,2019-06-09,Completed,2019-08-10
274,1343,2019-02-26,Completed,2019-04-18
275,1346,2019-05-10,Completed,2019-07-07
276,1364,2019-03-02,Completed,2019-04-24
277,1370,2019-02-26,Completed,2019-04-22
278,1381,2019-09-15,Completed,2019-11-12
279,1400,2019-06-19,Completed,2019-08-09
280,1402,2019-09-17,Completed,2019-11-12
281,1403,2019-09-19,Completed,2019-11-09
282,1409,2019-04-20,Completed,2019-06-10
283,1414,2019-02-24,Withdrawn,2019-03-04
284,1415,2019-05-15,Withdrawn,2019-06-06
285,1416,2019-05-12,Completed,2019-07-04
286,1419,2019-05-14,Completed,2019-07-05
287,1423,2019-02-18,Completed,2019-04-18
288,1427,2019-09-15,Completed,2019-11-12
289,1428,2019-06-09,Completed,2019-08-06
290,1432,2019-06-12,Completed,2019-08-07
291,1452,2019-06-14,Completed,2019-08-08
292,1456,2019-05-09,Completed,2019-07-04
293,1462,2019-02-28,Completed,2019-04-24
294,1463,2019-02-26,Completed,2019-04-23
295,1464,2019-05-08,Withdrawn,2019-06-08
296,1469,2019-06-14,Completed,2019-08-07
297,1475,2019-02-26,Completed,2019-04-25
298,1479,2019-09-19,Completed,2019-11-11
299,1483,2019-06-11,Completed,2019-08-10
300,1484,2019-09-15,Completed,2019-11-08
301,1489,2019-04-19,Completed,2019-06-09
302,1490,2019-06-13,Completed,2019-08-08
303,1492,2019-03-05,Completed,2019-04-24
304,1509,2019-04-15,Completed,2019-06-10
305,1543,2019-05-06,Completed,2019-07-05
306,1547,2019-05-13,Completed,2019-07-03
307,1556,2019-09-22,Completed,2019-11-11
308,1557,2019-09-22,Completed,2019-11-09
309,1558,2019-04-15,Withdrawn,2019-05-12
310,1561,2019-09-16,Completed,2019-11-11
311,1562,2019-06-15,Completed,2019-08-10
312,1567,2019-04-23,Completed,2019-06-09
313,1569,2019-02-24,Completed,2019-04-25
314,1577,2019-09-20,Completed,2019-11-09
315,1590,2019-06-20,Withdrawn,2019-06-30
316,1591,2019-02-17,Completed,2019-04-18
317,1602,2019-09-18,Completed,2019-11-11
318,1613,2019-06-18,Withdrawn,2019-06-26
319,1635,2019-06-16,Withdrawn,2019-07-15
320,1638,2019-04-20,Completed,2019-06-11
321,1640,2019-09-12,Withdrawn,2019-09-18
322,1643,2019-05-12,Completed,2019-07-06
323,1651,2019-03-03,Completed,2019-04-21
324,1655,2019-04-17,Completed,2019-06-09
325,1668,2019-06-14,Completed,2019-08-06
326,1675,2019-04-15,Completed,2019-06-10
327,1679,2019-09-11,Completed,2019-11-08
328,1680,2019-09-14,Completed,2019-11-08
329,1692,2019-09-21,Completed,2019-11-11
330,1693,2019-04-21,Completed,2019-06-11
331,1697,2019-04-17,Completed,2019-06-14
332,1698,2019-09-13,Completed,2019-11-08
333,1702,2019-06-20,Completed,2019-08-09
334,1707,2019-02-18,Completed,2019-04-17
335,1715,2019-06-19,Completed,2019-08-07
336,1727,2019-03-01,Completed,2019-04-22
337,1734,2019-06-18,Completed,2019-08-09
338,1740,2019-04-22,Completed,2019-06-10
339,1742,2019-04-15,Completed,2019-06-09
340,1743,2019-02-20,Completed,2019-04-17
341,1746,2019-02-25,Completed,2019-04-24
342,1750,2019-02-24,Completed,2019-04-25
343,1751,2020-07-14,Completed,2020-09-11
344,1752,2020-09-16,Completed,2020-11-12
345,1753,2020-07-24,Completed,2020-09-20
346,1754,2020-07-24,Completed,2020-09-22
347,1758,2020-09-15,Completed,2020-11-10
348,1761,2020-09-15,Completed,2020-11-13
349,1771,2020-06-24,Completed,2020-08-15
350,1773,2020-09-23,Completed,2020-11-12
351,1775,2020-09-18,Withdrawn,2020-09-23
352,1776,2020-07-20,Withdrawn,2020-08-17
353,1780,2020-09-21,Completed,2020-11-10
354,1783,2020-06-21,Completed,2020-08-08
355,1787,2020-09-13,Completed,2020-11-13
356,1793,2020-07-18,Withdrawn,2020-07-25
357,1805,2020-09-12,Completed,2020-11-09
358,1807,2020-09-14,Completed,2020-11-12
359,1810,2020-08-01,Completed,2020-09-21
360,1812,2020-07-25,Completed,2020-09-22
361,1818,2020-09-17,Completed,2020-11-11
362,1824,2020-09-20,Completed,2020-11-09
363,1837,2020-02-10,Withdrawn,2020-02-19
364,1839,2020-09-17,Completed,2020-11-13
365,1841,2020-06-22,Completed,2020-08-17
366,1851,2020-06-20,Completed,2020-08-15
367,1852,2020-06-20,Completed,2020-08-14
368,1853,2020-09-21,Completed,2020-11-10
369,1856,2020-09-17,Withdrawn,2020-10-10
370,1863,2020-04-22,Completed,2020-06-23
371,1866,2020-09-22,Withdrawn,2020-10-03
372,1879,2020-09-23,Completed,2020-11-11
373,1880,2020-07-26,Completed,2020-09-21
374,1882,2020-07-20,Completed,2020-09-19
375,1891,2020-09-19,Completed,2020-11-08
376,1895,2020-07-18,Withdrawn,2020-08-02
377,1896,2020-09-20,Completed,2020-11-13
378,1902,2020-09-22,Completed,2020-11-12
379,1914,2020-07-17,Completed,2020-09-12
380,1917,2020-09-17,Completed,2020-11-09
381,1918,2020-07-17,Completed,2020-09-10
382,1919,2020-04-17,Completed,2020-06-07
383,1921,2020-09-19,Completed,2020-11-10
384,1925,2020-09-14,Completed,2020-11-12
385,1926,2020-07-27,Completed,2020-09-22
386,1931,2020-06-18,Completed,2020-08-09
387,1933,2020-07-29,Completed,2020-09-16
388,1934,2020-09-13,Completed,2020-11-09
389,1938,2020-09-12,Completed,2020-11-12
390,1945,2020-07-25,Completed,2020-09-24
391,1951,2020-02-15,Completed,2020-04-02
392,1955,2020-08-01,Completed,2020-09-22
393,1957,2020-09-12,Completed,2020-11-10
394,1959,2020-09-13,Completed,2020-11-10
395,1963,2020-09-23,Completed,2020-11-13
396,1969,2020-09-15,Withdrawn,2020-09-27
397,1971,2020-09-13,Completed,2020-11-11
398,1973,2020-09-16,Withdrawn,2020-09-29
399,1974,2020-09-17,Completed,2020-11-13
400,1984,2020-09-12,Completed,2020-11-13
401,1987,2020-02-14,Completed,2020-04-06
402,1991,2020-09-21,Completed,2020-11-10
403,1993,2020-09-21,Completed,2020-11-10
404,1994,2020-09-21,Completed,2020-11-08
405,1997,2020-07-22,Completed,2020-09-23
406,2008,2020-06-27,Completed,2020-08-16
407,2009,2020-06-10,Completed,2020-08-11
408,2013,2020-07-18,Completed,2020-09-14
409,2016,2020-09-22,Withdrawn,2020-10-26
410,2019,2020-09-20,Withdrawn,2020-09-25
411,2021,2020-09-19,Completed,2020-11-12
412,2025,2020-06-18,Completed,2020-08-08
413,2029,2020-07-24,Completed,2020-09-20
414,2036,2020-09-12,Completed,2020-11-11
415,2041,2020-09-16,Completed,2020-11-11
416,2049,2020-09-21,Completed,2020-11-13
417,2051,2020-06-18,Completed,2020-08-16
418,2053,2020-09-15,Completed,2020-11-12
419,2057,2020-09-17,Withdrawn,2020-09-22
420,2066,2020-04-28,Completed,2020-06-20
421,2073,2020-07-24,Completed,2020-09-19
422,2077,2020-07-30,Completed,2020-09-24
423,2078,2020-09-20,Completed,2020-11-14
424,2081,2020-07-13,Completed,2020-09-11
425,2084,2020-04-18,Completed,2020-06-08
426,2089,2020-03-19,Completed,2020-05-12
427,2093,2020-07-23,Completed,2020-09-24
428,2106,2020-07-25,Completed,2020-09-24
429,2114,2020-07-14,Completed,2020-09-10
430,2117,2020-07-26,Completed,2020-09-19
431,2121,2020-06-17,Completed,2020-08-14
432,2127,2020-07-27,Completed,2020-09-17
433,2140,2020-07-27,Completed,2020-09-21
434,2141,2020-04-16,Completed,2020-06-08
435,2142,2020-07-22,Completed,2020-09-21
436,2146,2020-07-22,Completed,2020-09-20
437,2147,2020-07-29,Completed,2020-09-22
438,2148,2020-07-12,Completed,2020-09-11
439,2155,2020-07-22,Completed,2020-09-11
440,2159,2020-07-26,Completed,2020-09-23
441,2165,2020-06-11,Completed,2020-08-08
442,2174,2020-07-29,Completed,2020-09-21
443,2183,2020-07-25,Completed,2020-09-18
444,2186,2020-07-18,Withdrawn,2020-08-18
445,2189,2020-07-30,Completed,2020-09-19
446,2190,2020-07-27,Completed,2020-09-19
447,2191,2020-04-25,Completed,2020-06-19
448,2193,2020-07-27,Completed,2020-09-24
449,2199,2020-07-13,Completed,2020-09-09
450,2200,2020-06-17,Completed,2020-08-07
451,2204,2020-07-21,Completed,2020-09-11
452,2207,2020-04-08,Completed,2020-06-08
453,2212,2020-07-20,Completed,2020-09-13
454,2213,2020-07-29,Completed,2020-09-18
455,2219,2020-07-13,Completed,2020-09-10
456,2223,2020-04-12,Completed,2020-06-10
457,2230,2020-06-17,Completed,2020-08-18
458,2235,2020-07-20,Completed,2020-09-14
459,2240,2020-06-23,Completed,2020-08-17
460,2250,2020-07-25,Withdrawn,2020-08-15
461,2251,2020-06-24,Completed,2020-08-17
462,2252,2020-06-21,Completed,2020-08-15
463,2260,2020-06-13,Completed,2020-08-08
464,2270,2020-06-10,Completed,2020-08-12
465,2291,2020-07-15,Completed,2020-09-14
466,2292,2020-07-21,Completed,2020-09-18
467,2296,2020-06-11,Completed,2020-08-09
468,2297,2020-07-18,Completed,2020-09-10
469,2299,2020-04-22,Completed,2020-06-19
470,2303,2020-07-18,Completed,2020-09-14
471,2305,2020-04-27,Completed,2020-06-22
472,2315,2020-06-11,Completed,2020-08-07
473,2326,2020-07-27,Completed,2020-09-15
474,2329,2020-06-10,Completed,2020-08-10
475,2335,2020-07-15,Completed,2020-09-10
476,2337,2020-07-29,Completed,2020-09-16
477,2344,2020-04-26,Completed,2020-06-24
478,2345,2020-07-21,Completed,2020-09-20
479,2348,2020-07-22,Completed,2020-09-14
480,2352,2020-07-18,Completed,2020-09-16
481,2354,2020-04-16,Completed,2020-06-10
482,2370,2020-07-12,Completed,2020-09-12
483,2371,2020-07-18,Completed,2020-09-14
484,2378,2020-05-03,Completed,2020-06-23
485,2379,2020-04-10,Completed,2020-06-07
486,2399,2020-06-14,Completed,2020-08-08
487,2404,2020-06-19,Withdrawn,2020-07-18
488,2406,2020-07-23,Completed,2020-09-15
489,2407,2020-07-17,Completed,2020-09-14
490,2416,2020-06-13,Completed,2020-08-07
491,2417,2020-03-17,Withdrawn,2020-04-01
492,2423,2020-06-16,Completed,2020-08-16
493,2427,2020-07-18,Completed,2020-09-18
494,2438,2020-02-11,Completed,2020-04-02
495,2443,2020-03-21,Completed,2020-05-11
496,2447,2020-02-06,Withdrawn,2020-02-11
497,2464,2020-07-26,Completed,2020-09-17
498,2470,2020-07-24,Completed,2020-09-18
499,2473,2020-04-11,Completed,2020-06-06
500,2479,2020-04-17,Completed,2020-06-05
501,2491,2020-07-24,Completed,2020-09-20
502,2501,2020-06-19,Completed,2020-08-16
503,2505,2020-06-16,Completed,2020-08-18
504,2518,2020-06-24,Completed,2020-08-13
505,2520,2020-06-25,Completed,2020-08-15
506,2531,2020-04-24,Completed,2020-06-21
507,2532,2020-04-15,Completed,2020-06-06
508,2553,2020-07-18,Completed,2020-09-19
509,2558,2020-03-20,Completed,2020-05-13
510,2564,2020-04-10,Completed,2020-06-08
511,2597,2020-02-09,Completed,2020-04-03
512,2611,2020-04-18,Completed,2020-06-10
513,2617,2020-03-15,Completed,2020-05-11
514,2619,2020-06-20,Completed,2020-08-07
515,2621,2020-04-14,Completed,2020-06-08
516,2629,2020-06-27,Completed,2020-08-17
517,2633,2020-06-11,Completed,2020-08-08
518,2634,2020-02-05,Completed,2020-04-07
519,2637,2020-03-21,Completed,2020-05-08
520,2644,2020-04-25,Completed,2020-06-21
521,2651,2020-06-26,Completed,2020-08-14
522,2656,2020-06-21,Withdrawn,2020-07-05
523,2658,2020-06-24,Completed,2020-08-17
524,2664,2020-02-06,Completed,2020-04-06
525,2680,2020-06-25,Completed,2020-08-17
526,2683,2020-06-15,Completed,2020-08-09
527,2688,2020-06-25,Completed,2020-08-16
528,2700,2020-06-17,Completed,2020-08-18
529,2701,2020-01-19,Completed,2020-03-08
530,2727,2020-06-14,Completed,2020-08-12
531,2728,2020-06-13,Withdrawn,2020-06-26
532,2739,2020-04-29,Completed,2020-06-20
533,2741,2020-06-13,Completed,2020-08-10
534,2753,2020-06-16,Completed,2020-08-08
535,2769,2020-01-17,Completed,2020-03-12
536,2778,2020-03-16,Completed,2020-05-08
537,2782,2020-05-02,Completed,2020-06-21
538,2805,2020-04-13,Completed,2020-06-09
539,2829,2020-04-27,Completed,2020-06-22
540,2840,2020-03-16,Completed,2020-05-11
541,2858,2020-04-22,Completed,2020-06-21
542,2864,2020-04-24,Completed,2020-06-21
543,2867,2020-05-01,Completed,2020-06-22
544,2877,2020-03-15,Completed,2020-05-13
545,2879,2020-04-27,Completed,2020-06-22
546,2880,2020-04-22,Withdrawn,2020-05-20
547,2898,2020-03-13,Completed,2020-05-09
548,2906,2020-04-10,Completed,2020-06-10
549,2912,2020-03-16,Completed,2020-05-08
550,2917,2020-04-17,Completed,2020-06-08
551,2923,2020-04-24,Completed,2020-06-24
552,2932,2020-01-19,Completed,2020-03-10
553,2938,2020-04-13,Completed,2020-06-06
554,2943,2020-04-26,Completed,2020-06-22
555,2985,2020-04-28,Completed,2020-06-19
556,2997,2020-04-17,Completed,2020-06-09
557,2999,2020-04-22,Completed,2020-06-22
558,3008,2020-02-16,Completed,2020-04-04
559,3009,2020-04-11,Completed,2020-06-09
560,3011,2020-03-21,Completed,2020-05-10
561,3041,2020-04-28,Completed,2020-06-20
562,3061,2020-03-15,Completed,2020-05-11
563,3062,2020-03-13,Completed,2020-05-10
564,3067,2020-02-14,Withdrawn,2020-03-14
565,3099,2020-04-09,Withdrawn,2020-04-27
566,3109,2021-09-16,Completed,2021-11-14
567,3113,2021-09-13,Withdrawn,2021-10-17
568,3122,2021-08-03,Completed,2021-09-21
569,3124,2021-05-31,Completed,2021-07-19
570,3151,2021-03-11,Completed,2021-05-10
571,3169,2021-05-25,Completed,2021-07-18
572,3200,2021-09-17,Completed,2021-11-07
573,3204,2021-07-24,Completed,2021-09-20
574,3215,2021-06-17,Completed,2021-08-04
575,3216,2021-09-15,Completed,2021-11-08
576,3219,2021-05-24,Completed,2021-07-20
577,3227,2021-09-13,Completed,2021-11-10
578,3236,2021-09-13,Completed,2021-11-11
579,3238,2021-09-17,Completed,2021-11-07
580,3249,2021-09-19,Completed,2021-11-12
581,3253,2021-09-20,Completed,2021-11-09
582,3257,2021-07-23,Completed,2021-09-23
583,3259,2021-09-19,Completed,2021-11-14
584,3267,2021-09-15,Completed,2021-11-14
585,3272,2021-09-16,Withdrawn,2021-10-17
586,3278,2021-09-23,Completed,2021-11-09
587,3281,2021-09-12,Completed,2021-11-14
588,3282,2021-07-31,Completed,2021-09-24
589,3288,2021-09-15,Completed,2021-11-12
590,3290,2021-09-22,Completed,2021-11-09
591,3293,2021-05-21,Withdrawn,2021-06-06
592,3294,2021-09-17,Completed,2021-11-11
593,3312,2021-09-19,Completed,2021-11-11
594,3319,2021-05-20,Completed,2021-07-22
595,3320,2021-03-16,Completed,2021-05-08
596,3324,2021-09-22,Completed,2021-11-10
597,3325,2021-06-10,Completed,2021-08-08
598,3327,2021-06-12,Completed,2021-08-09
599,3330,2021-07-28,Completed,2021-09-25
600,3337,2021-09-15,Completed,2021-11-09
601,3338,2021-09-23,Completed,2021-11-09
602,3343,2021-06-07,Completed,2021-08-04
603,3346,2021-07-30,Completed,2021-09-20
604,3352,2021-03-19,Completed,2021-05-16
605,3359,2021-09-18,Withdrawn,2021-10-06
606,3364,2021-09-14,Completed,2021-11-08
607,3366,2021-09-22,Completed,2021-11-09
608,3372,2021-09-17,Completed,2021-11-10
609,3388,2021-09-16,Withdrawn,2021-10-08
610,3402,2021-09-14,Completed,2021-11-10
611,3404,2021-09-14,Completed,2021-11-10
612,3416,2021-09-20,Completed,2021-11-13
613,3420,2021-08-03,Completed,2021-09-22
614,3425,2021-03-20,Completed,2021-05-08
615,3426,2021-08-03,Completed,2021-09-23
616,3430,2021-07-24,Completed,2021-09-22
617,3432,2021-07-23,Completed,2021-09-20
618,3434,2021-09-20,Withdrawn,2021-10-12
619,3435,2021-05-21,Completed,2021-07-18
620,3436,2021-09-23,Completed,2021-11-11
621,3445,2021-03-23,Completed,2021-05-16
622,3470,2021-09-17,Completed,2021-11-10
623,3474,2021-09-13,Completed,2021-11-06
624,3482,2021-09-17,Completed,2021-11-12
625,3486,2021-09-21,Completed,2021-11-13
626,3487,2021-07-27,Completed,2021-09-24
627,3489,2021-05-30,Completed,2021-07-21
628,3490,2021-09-19,Completed,2021-11-11
629,3498,2021-07-31,Completed,2021-09-23
630,3519,2021-05-31,Completed,2021-07-19
631,3535,2021-09-17,Completed,2021-11-13
632,3536,2021-09-18,Completed,2021-11-10
633,3558,2021-09-13,Completed,2021-11-12
634,3568,2021-03-17,Completed,2021-05-09
635,3573,2021-05-23,Completed,2021-07-19
636,3574,2021-09-20,Completed,2021-11-09
637,3581,2021-05-26,Completed,2021-07-19
638,3593,2021-09-23,Completed,2021-11-14
639,3632,2021-06-16,Completed,2021-08-08
640,3633,2021-05-20,Completed,2021-07-21
641,3634,2021-09-15,Completed,2021-11-09
642,3642,2021-09-19,Completed,2021-11-12
643,3643,2021-09-12,Completed,2021-11-10
644,3646,2021-07-25,Completed,2021-09-23
645,3647,2021-09-17,Completed,2021-11-12
646,3648,2021-07-28,Completed,2021-09-20
647,3649,2021-03-20,Completed,2021-05-07
648,3654,2021-06-09,Completed,2021-08-09
649,3662,2021-06-12,Completed,2021-08-05
650,3664,2021-06-13,Completed,2021-08-07
651,3665,2021-09-14,Completed,2021-11-14
652,3667,2021-03-18,Completed,2021-05-07
653,3675,2021-07-31,Completed,2021-09-20
654,3678,2021-09-13,Completed,2021-11-14
655,3679,2021-07-25,Withdrawn,2021-08-09
656,3681,2021-09-16,Withdrawn,2021-10-19
657,3705,2021-08-01,Completed,2021-09-21
658,3710,2021-09-14,Withdrawn,2021-10-09
659,3720,2021-09-23,Completed,2021-11-10
660,3725,2021-09-10,Completed,2021-11-07
661,3727,2021-07-27,Completed,2021-09-23
662,3747,2021-09-14,Completed,2021-11-13
663,3752,2021-09-21,Completed,2021-11-14
664,3753,2021-07-27,Completed,2021-09-24
665,3769,2021-09-13,Completed,2021-11-09
666,3775,2021-09-08,Completed,2021-11-05
667,3782,2021-09-12,Completed,2021-11-12
668,3795,2021-07-26,Completed,2021-09-25
669,3800,2021-07-27,Completed,2021-09-25
670,3806,2021-05-23,Completed,2021-07-17
671,3812,2021-03-12,Completed,2021-05-08
672,3827,2021-09-10,Completed,2021-11-07
673,3836,2021-07-27,Completed,2021-09-21
674,3838,2021-08-02,Completed,2021-09-21
675,3839,2021-06-14,Completed,2021-08-04
676,3849,2021-07-23,Completed,2021-09-20
677,3856,2021-07-25,Completed,2021-09-24
678,3872,2021-06-15,Completed,2021-08-08
679,3874,2021-09-10,Completed,2021-11-08
680,3875,2021-07-31,Completed,2021-09-22
681,3879,2021-07-23,Completed,2021-09-24
682,3888,2021-09-10,Withdrawn,2021-09-27
683,3891,2021-07-28,Completed,2021-09-24
684,3904,2021-07-25,Completed,2021-09-23
685,3905,2021-07-23,Completed,2021-09-25
686,3912,2021-09-07,Completed,2021-11-08
687,3921,2021-09-12,Completed,2021-11-04
688,3932,2021-05-30,Completed,2021-07-18
689,3939,2021-06-08,Completed,2021-08-05
690,3952,2021-09-16,Completed,2021-11-07
691,3963,2021-07-24,Completed,2021-09-24
692,3976,2021-06-14,Completed,2021-08-06
693,3984,2021-07-24,Completed,2021-09-20
694,3990,2021-08-02,Withdrawn,2021-08-10
695,3992,2021-03-28,Completed,2021-05-16
696,3993,2021-07-29,Completed,2021-09-22
697,3998,2021-07-28,Completed,2021-09-23
698,4003,2021-09-18,Completed,2021-11-04
699,4004,2021-07-26,Completed,2021-09-21
700,4007,2021-07-30,Completed,2021-09-20
701,4012,2021-03-18,Completed,2021-05-08
702,4013,2021-07-28,Completed,2021-09-22
703,4014,2021-05-29,Completed,2021-07-17
704,4015,2021-07-28,Completed,2021-09-22
705,4016,2021-07-27,Completed,2021-09-23
706,4017,2021-05-20,Completed,2021-07-18
707,4027,2021-07-24,Completed,2021-09-23
708,4037,2021-06-08,Completed,2021-08-06
709,4047,2021-09-07,Completed,2021-11-06
710,4054,2021-06-14,Completed,2021-08-04
711,4074,2021-09-14,Completed,2021-11-04
712,4079,2021-09-07,Completed,2021-11-07
713,4087,2021-06-17,Withdrawn,2021-07-01
714,4097,2021-07-26,Completed,2021-09-25
715,4112,2021-09-14,Withdrawn,2021-09-24
716,4115,2021-06-08,Completed,2021-08-04
717,4124,2021-06-10,Completed,2021-08-08
718,4134,2021-06-18,Withdrawn,2021-07-08
719,4151,2021-03-12,Withdrawn,2021-03-19
720,4158,2021-09-08,Completed,2021-11-09
721,4160,2021-03-26,Withdrawn,2021-04-22
722,4162,2021-09-09,Completed,2021-11-05
723,4167,2021-03-22,Completed,2021-05-20
724,4168,2021-07-26,Completed,2021-09-24
725,4174,2021-09-10,Completed,2021-11-05
726,4177,2021-03-11,Completed,2021-05-08
727,4195,2021-03-27,Completed,2021-05-20
728,4198,2021-03-19,Completed,2021-05-09
729,4200,2021-07-28,Completed,2021-09-23
730,4202,2022-03-21,Completed,2022-05-17
731,4214,2022-05-31,Completed,2022-07-20
732,4219,2022-10-14,Completed,2022-12-13
733,4237,2022-09-28,Completed,2022-11-20
734,4238,2022-10-01,Completed,2022-11-20
735,4251,2022-09-21,Completed,2022-11-17
736,4252,2022-09-29,Completed,2022-11-18
737,4266,2022-10-13,Withdrawn,2022-11-14
738,4271,2022-02-21,Completed,2022-04-12
739,4276,2022-09-19,Completed,2022-11-08
740,4284,2022-09-24,Completed,2022-11-21
741,4285,2022-08-13,Completed,2022-10-05
742,4287,2022-05-17,Withdrawn,2022-05-28
743,4300,2022-10-24,Completed,2022-12-12
744,4316,2022-10-22,Completed,2022-12-16
745,4320,2022-09-28,Completed,2022-11-22
746,4326,2022-09-21,Completed,2022-11-20
747,4328,2022-10-14,Completed,2022-12-12
748,4343,2022-08-23,Completed,2022-10-18
749,4350,2022-08-13,Completed,2022-10-03
750,4351,2022-10-02,Completed,2022-11-23
751,4357,2022-03-23,Completed,2022-05-16
752,4372,2022-05-11,Completed,2022-07-09
753,4374,2022-10-04,Completed,2022-11-24
754,4387,2022-09-26,Completed,2022-11-24
755,4394,2022-08-11,Completed,2022-10-07
756,4404,2022-10-13,Completed,2022-12-04
757,4413,2022-09-28,Completed,2022-11-17
758,4418,2022-09-24,Completed,2022-11-20
759,4431,2022-10-09,Completed,2022-12-03
760,4433,2022-09-23,Completed,2022-11-20
761,4440,2022-10-14,Completed,2022-12-06
762,4448,2022-08-12,Completed,2022-10-08
763,4457,2022-09-23,Completed,2022-11-20
764,4459,2022-04-26,Completed,2022-06-22
765,4462,2022-09-20,Completed,2022-11-17
766,4463,2022-09-25,Completed,2022-11-22
767,4464,2022-09-29,Withdrawn,2022-10-22
768,4469,2022-03-25,Completed,2022-05-14
769,4480,2022-08-29,Completed,2022-10-19
770,4487,2022-10-16,Completed,2022-12-15
771,4490,2022-09-25,Completed,2022-11-19
772,4494,2022-10-17,Completed,2022-12-13
773,4496,2022-09-19,Completed,2022-11-06
774,4499,2022-10-09,Completed,2022-12-07
775,4510,2022-05-16,Completed,2022-07-08
776,4517,2022-10-10,Completed,2022-12-08
777,4523,2022-09-11,Completed,2022-11-06
778,4535,2022-10-01,Completed,2022-11-20
779,4536,2022-09-24,Withdrawn,2022-10-04
780,4537,2022-09-18,Completed,2022-11-07
781,4546,2022-09-25,Withdrawn,2022-10-21
782,4554,2022-10-15,Completed,2022-12-11
783,4561,2022-09-29,Completed,2022-11-22
784,4572,2022-09-22,Completed,2022-11-18
785,4580,2022-09-30,Completed,2022-11-22
786,4586,2022-09-20,Completed,2022-11-19
787,4589,2022-09-28,Completed,2022-11-22
788,4595,2022-05-18,Completed,2022-07-08
789,4597,2022-10-25,Completed,2022-12-16
790,4598,2022-05-01,Completed,2022-06-22
791,4603,2022-05-26,Completed,2022-07-21
792,4604,2022-10-12,Completed,2022-12-07
793,4605,2022-10-08,Completed,2022-12-03
794,4613,2022-10-24,Completed,2022-12-15
795,4617,2022-08-25,Completed,2022-10-18
796,4619,2022-09-20,Completed,2022-11-21
797,4638,2022-09-08,Completed,2022-11-08
798,4658,2022-09-01,Completed,2022-10-19
799,4667,2022-10-11,Completed,2022-12-04
800,4674,2022-10-07,Completed,2022-12-05
801,4675,2022-05-02,Completed,2022-06-18
802,4680,2022-10-21,Completed,2022-12-15
803,4681,2022-03-25,Completed,2022-05-15
804,4682,2022-03-18,Withdrawn,2022-03-30
805,4694,2022-08-10,Completed,2022-10-07
806,4700,2022-10-12,Completed,2022-12-05
807,4716,2022-10-25,Completed,2022-12-15
808,4717,2022-05-24,Completed,2022-07-17
809,4718,2022-10-07,Completed,2022-12-03
810,4721,2022-05-30,Completed,2022-07-19
811,4722,2022-09-13,Completed,2022-11-06
812,4727,2022-10-07,Withdrawn,2022-10-21
813,4729,2022-10-08,Completed,2022-12-04
814,4739,2022-05-31,Completed,2022-07-22
815,4751,2022-10-01,Completed,2022-11-20
816,4763,2022-03-15,Completed,2022-05-14
817,4769,2022-08-15,Completed,2022-10-07
818,4777,2022-08-15,Withdrawn,2022-08-22
819,4778,2022-05-26,Completed,2022-07-18
820,4783,2022-08-17,Withdrawn,2022-08-25
821,4786,2022-03-25,Completed,2022-05-13
822,4807,2022-09-12,Completed,2022-11-07
823,4810,2022-08-09,Completed,2022-10-03
824,4814,2022-10-04,Completed,2022-11-22
825,4820,2022-09-15,Completed,2022-11-08
826,4829,2022-10-12,Completed,2022-12-07
827,4830,2022-08-13,Completed,2022-10-08
828,4832,2022-10-25,Completed,2022-12-12
829,4857,2022-10-16,Withdrawn,2022-11-05
830,4866,2022-09-24,Completed,2022-11-25
831,4873,2022-09-30,Completed,2022-11-19
832,4892,2022-10-01,Completed,2022-11-23
833,4904,2022-08-06,Completed,2022-10-05
834,4905,2022-09-23,Completed,2022-11-22
835,4935,2022-10-17,Completed,2022-12-14
836,4937,2022-08-13,Completed,2022-10-03
837,4938,2022-10-14,Completed,2022-12-04
838,4939,2022-08-07,Completed,2022-10-04
839,4944,2022-08-15,Completed,2022-10-03
840,4947,2022-09-17,Completed,2022-11-08
841,4951,2022-05-29,Completed,2022-07-21
842,4959,2022-05-28,Completed,2022-07-22
843,4968,2022-05-14,Completed,2022-07-13
844,4972,2022-08-09,Completed,2022-10-03
845,4974,2022-09-30,Completed,2022-11-24
846,4981,2022-10-07,Completed,2022-12-04
847,4982,2022-08-11,Completed,2022-10-06
848,4999,2022-05-29,Completed,2022-07-22
849,5003,2022-05-23,Withdrawn,2022-05-31
850,5005,2022-09-30,Completed,2022-11-22
851,5016,2022-10-01,Completed,2022-11-19
852,5017,2022-09-30,Completed,2022-11-23
853,5023,2022-09-30,Completed,2022-11-25
854,5035,2022-05-17,Completed,2022-07-08
855,5043,2022-10-13,Completed,2022-12-04
856,5046,2022-10-14,Completed,2022-12-15
857,5047,2022-10-08,Completed,2022-12-06
858,5058,2022-10-14,Completed,2022-12-05
859,5061,2022-09-28,Completed,2022-11-25
860,5063,2022-10-04,Completed,2022-11-24
861,5074,2022-04-28,Completed,2022-06-19
862,5082,2022-10-17,Completed,2022-12-04
863,5087,2022-04-24,Completed,2022-06-21
864,5088,2022-10-14,Completed,2022-12-05
865,5089,2022-10-06,Completed,2022-12-06
866,5093,2022-10-22,Completed,2022-12-14
867,5095,2022-05-21,Completed,2022-07-12
868,5104,2022-10-21,Completed,2022-12-15
869,5105,2022-10-17,Completed,2022-12-13
870,5110,2022-10-14,Completed,2022-12-06
871,5111,2022-08-23,Completed,2022-10-23
872,5127,2022-10-17,Completed,2022-12-05
873,5128,2022-05-20,Withdrawn,2022-06-22
874,5130,2022-05-22,Completed,2022-07-22
875,5132,2022-09-28,Completed,2022-11-20
876,5137,2022-05-25,Completed,2022-07-17
877,5142,2022-10-07,Completed,2022-12-04
878,5149,2022-09-25,Completed,2022-11-22
879,5152,2022-10-10,Completed,2022-12-08
880,5169,2022-08-07,Completed,2022-10-07
881,5171,2022-10-16,Completed,2022-12-16
882,5172,2022-10-01,Completed,2022-11-20
883,5174,2022-09-30,Completed,2022-11-17
884,5186,2022-04-30,Completed,2022-06-22
885,5193,2022-10-19,Completed,2022-12-14
886,5196,2022-09-16,Completed,2022-11-10
887,5214,2022-03-23,Completed,2022-05-13
888,5227,2022-10-16,Completed,2022-12-11
889,5235,2022-10-25,Completed,2022-12-13
890,5246,2022-10-17,Completed,2022-12-08
891,5250,2022-10-25,Completed,2022-12-11
892,5258,2022-09-24,Completed,2022-11-20
893,5260,2022-09-27,Completed,2022-11-19
894,5287,2022-08-24,Withdrawn,2022-09-04
895,5290,2022-09-09,Completed,2022-11-07
896,5295,2022-09-26,Completed,2022-11-20
897,5296,2022-10-09,Completed,2022-12-05
898,5315,2022-10-03,Completed,2022-11-24
899,5317,2022-09-09,Completed,2022-11-06
900,5323,2022-05-15,Completed,2022-07-10
901,5330,2022-08-15,Completed,2022-10-06
902,5334,2022-08-12,Completed,2022-10-07
903,5335,2022-10-04,Completed,2022-11-24
904,5350,2022-09-28,Completed,2022-11-19
905,5368,2022-09-13,Completed,2022-11-08
906,5371,2022-10-22,Completed,2022-12-14
907,5372,2022-09-11,Withdrawn,2022-10-01
908,5381,2022-08-21,Completed,2022-10-23
909,5388,2022-10-16,Withdrawn,2022-10-27
910,5394,2022-10-14,Completed,2022-12-07
911,5395,2022-08-17,Completed,2022-10-08
912,5402,2022-10-19,Completed,2022-12-13
913,5410,2022-08-09,Completed,2022-10-06
914,5413,2022-09-21,Completed,2022-11-18
915,5429,2022-02-24,Completed,2022-04-13
916,5441,2022-09-30,Completed,2022-11-25
917,5443,2022-09-24,Completed,2022-11-20
918,5444,2022-09-08,Completed,2022-11-09
919,5446,2022-09-23,Completed,2022-11-20
920,5451,2022-09-29,Completed,2022-11-22
921,5455,2022-10-16,Completed,2022-12-15
922,5462,2022-10-21,Completed,2022-12-13
923,5470,2022-09-25,Completed,2022-11-18
924,5472,2022-08-08,Withdrawn,2022-09-01
925,5475,2022-08-17,Completed,2022-10-06
926,5487,2022-09-25,Completed,2022-11-25
927,5490,2022-08-16,Completed,2022-10-06
928,5492,2022-10-18,Completed,2022-12-16
929,5494,2022-10-23,Completed,2022-12-12
930,5504,2022-10-01,Completed,2022-11-22
931,5529,2022-08-21,Completed,2022-10-22
932,5530,2022-10-18,Completed,2022-12-13
933,5543,2022-08-12,Withdrawn,2022-09-10
934,5544,2022-05-29,Completed,2022-07-19
935,5548,2022-08-14,Completed,2022-10-04
936,5555,2022-09-18,Completed,2022-11-10
937,5562,2022-08-14,Completed,2022-10-05
938,5563,2022-10-21,Completed,2022-12-14
939,5578,2022-05-30,Completed,2022-07-20
940,5589,2022-05-12,Completed,2022-07-13
941,5591,2022-10-16,Completed,2022-12-12
942,5592,2022-09-29,Withdrawn,2022-10-19
943,5594,2022-05-17,Completed,2022-07-11
944,5602,2022-10-25,Completed,2022-12-15
945,5630,2022-05-13,Completed,2022-07-08
946,5640,2022-09-30,Completed,2022-11-22
947,5651,2022-08-15,Completed,2022-10-08
948,5663,2022-04-29,Completed,2022-06-19
949,5664,2022-08-06,Completed,2022-10-06
950,5667,2022-09-08,Completed,2022-11-10
951,5671,2022-08-11,Completed,2022-10-07
952,5674,2022-09-29,Completed,2022-11-22
953,5679,2022-05-29,Completed,2022-07-19
954,5688,2022-05-14,Completed,2022-07-13
955,5693,2022-02-18,Completed,2022-04-14
956,5698,2022-08-12,Withdrawn,2022-08-26
957,5700,2022-05-20,Withdrawn,2022-06-10
958,5713,2022-08-17,Completed,2022-10-05
959,5715,2022-09-09,Withdrawn,2022-09-18
960,5718,2022-08-26,Completed,2022-10-20
961,5730,2022-05-13,Completed,2022-07-12
962,5736,2022-05-27,Completed,2022-07-21
963,5748,2022-09-28,Completed,2022-11-21
964,5781,2022-05-21,Completed,2022-07-19
965,5817,2022-02-18,Completed,2022-04-13
966,5826,2022-08-23,Completed,2022-10-19
967,5844,2022-05-14,Withdrawn,2022-05-25
968,5847,2022-05-14,Completed,2022-07-13
969,5849,2022-09-30,Completed,2022-11-25
970,5856,2022-09-15,Completed,2022-11-10
971,5871,2022-10-01,Completed,2022-11-25
972,5877,2022-02-22,Completed,2022-04-14
973,5889,2022-05-22,Completed,2022-07-12
974,5894,2022-05-28,Withdrawn,2022-06-29
975,5901,2023-09-22,Completed,2023-11-13
976,5913,2023-09-17,Completed,2023-11-13
977,5921,2023-06-27,Completed,2023-08-18
978,5931,2023-09-13,Completed,2023-11-09
979,5944,2023-08-09,Withdrawn,2023-08-29
980,5969,2023-09-12,Completed,2023-11-09
981,5973,2023-09-20,Completed,2023-11-10
982,5980,2023-10-27,Completed,2023-12-23
983,5983,2023-08-16,Withdrawn,2023-09-10
984,5999,2023-06-19,Completed,2023-08-18
985,6007,2023-09-12,Completed,2023-11-11
986,6012,2023-04-21,Completed,2023-06-13
987,6024,2023-09-13,Completed,2023-11-08
988,6029,2023-08-10,Completed,2023-10-05
989,6040,2023-04-22,Completed,2023-06-19
990,6043,2023-09-19,Completed,2023-11-13
991,6048,2023-09-14,Completed,2023-11-09
992,6052,2023-09-17,Completed,2023-11-09
993,6053,2023-08-11,Completed,2023-10-07
994,6054,2023-02-14,Completed,2023-04-11
995,6058,2023-10-30,Completed,2023-12-21
996,6069,2023-08-22,Completed,2023-10-19
997,6072,2023-04-26,Withdrawn,2023-05-14
998,6078,2023-08-14,Completed,2023-10-06
999,6082,2023-09-13,Withdrawn,2023-10-17
1000,6087,2023-09-17,Withdrawn,2023-10-11
1001,6098,2023-09-13,Completed,2023-11-11
1002,6099,2023-07-23,Completed,2023-09-19
1003,6101,2023-09-15,Withdrawn,2023-10-12
1004,6120,2023-09-19,Withdrawn,2023-09-27
1005,6136,2023-10-24,Completed,2023-12-22
1006,6141,2023-08-16,Completed,2023-10-08
1007,6142,2023-04-16,Completed,2023-06-11
1008,6159,2023-02-20,Completed,2023-04-12
1009,6174,2023-04-23,Completed,2023-06-18
1010,6175,2023-09-15,Withdrawn,2023-10-02
1011,6177,2023-10-27,Completed,2023-12-19
1012,6189,2023-01-17,Completed,2023-03-06
1013,6203,2023-06-26,Completed,2023-08-17
1014,6207,2023-09-11,Completed,2023-11-12
1015,6214,2023-07-22,Completed,2023-09-17
1016,6218,2023-09-15,Completed,2023-11-13
1017,6223,2023-04-21,Withdrawn,2023-05-19
1018,6231,2023-04-15,Completed,2023-06-10
1019,6233,2023-07-25,Completed,2023-09-15
1020,6240,2023-09-13,Completed,2023-11-09
1021,6241,2023-08-17,Completed,2023-10-05
1022,6253,2023-09-18,Completed,2023-11-12
1023,6263,2023-11-02,Completed,2023-12-20
1024,6265,2023-09-14,Completed,2023-11-13
1025,6271,2023-04-16,Withdrawn,2023-04-24
1026,6277,2023-09-16,Completed,2023-11-08
1027,6278,2023-04-15,Completed,2023-06-11
1028,6280,2023-10-27,Completed,2023-12-19
1029,6281,2023-04-21,Completed,2023-06-14
1030,6284,2023-04-23,Completed,2023-06-12
1031,6287,2023-04-12,Completed,2023-06-09
1032,6289,2023-08-18,Completed,2023-10-04
1033,6295,2023-06-29,Completed,2023-08-19
1034,6304,2023-08-12,Completed,2023-10-06
1035,6311,2023-08-17,Completed,2023-10-18
1036,6326,2023-06-23,Completed,2023-08-19
1037,6340,2023-06-29,Withdrawn,2023-07-04
1038,6344,2023-04-21,Completed,2023-06-11
1039,6351,2023-11-02,Completed,2023-12-21
1040,6353,2023-07-29,Withdrawn,2023-08-25
1041,6357,2023-04-23,Completed,2023-06-12
1042,6360,2023-09-16,Completed,2023-11-10
1043,6361,2023-08-14,Completed,2023-10-09
1044,6364,2023-08-08,Completed,2023-10-09
1045,6385,2023-09-12,Completed,2023-11-08
1046,6386,2023-04-24,Completed,2023-06-22
1047,6392,2023-06-25,Completed,2023-08-17
1048,6394,2023-09-12,Withdrawn,2023-10-16
1049,6396,2023-09-20,Completed,2023-11-09
1050,6399,2023-07-29,Completed,2023-09-18
1051,6416,2023-08-18,Completed,2023-10-09
1052,6426,2023-09-20,Completed,2023-11-11
1053,6430,2023-09-17,Completed,2023-11-08
1054,6431,2023-07-23,Completed,2023-09-18
1055,6437,2023-07-28,Completed,2023-09-15
1056,6444,2023-04-16,Completed,2023-06-14
1057,6447,2023-08-08,Completed,2023-10-08
1058,6449,2023-08-26,Completed,2023-10-17
1059,6451,2023-10-27,Completed,2023-12-24
1060,6468,2023-09-13,Completed,2023-11-13
1061,6478,2023-09-19,Completed,2023-11-08
1062,6490,2023-07-20,Completed,2023-09-15
1063,6494,2023-04-18,Completed,2023-06-13
1064,6495,2023-08-28,Completed,2023-10-17
1065,6512,2023-08-11,Completed,2023-10-07
1066,6516,2023-09-13,Completed,2023-11-13
1067,6518,2023-06-29,Completed,2023-08-16
1068,6521,2023-07-25,Withdrawn,2023-07-30
1069,6540,2023-09-20,Completed,2023-11-12
1070,6553,2023-08-21,Completed,2023-10-15
1071,6565,2023-10-27,Withdrawn,2023-11-14
1072,6573,2023-09-22,Completed,2023-11-12
1073,6575,2023-06-28,Completed,2023-08-18
1074,6590,2023-09-15,Completed,2023-11-11
1075,6593,2023-02-20,Completed,2023-04-12
1076,6611,2023-04-19,Completed,2023-06-10
1077,6623,2023-10-28,Completed,2023-12-20
1078,6628,2023-08-22,Completed,2023-10-15
1079,6629,2023-09-18,Withdrawn,2023-09-30
1080,6642,2023-08-14,Completed,2023-10-04
1081,6644,2023-08-25,Completed,2023-10-14
1082,6645,2023-08-13,Completed,2023-10-05
1083,6653,2023-08-09,Completed,2023-10-07
1084,6659,2023-08-26,Completed,2023-10-18
1085,6666,2023-08-18,Completed,2023-10-04
1086,6680,2023-08-20,Completed,2023-10-17
1087,6688,2023-06-27,Completed,2023-08-18
1088,6704,2023-08-17,Completed,2023-10-06
1089,6706,2023-02-23,Completed,2023-04-15
1090,6718,2023-08-09,Completed,2023-10-06
1091,6723,2023-09-21,Completed,2023-11-12
1092,6727,2023-10-25,Completed,2023-12-23
1093,6733,2023-07-25,Completed,2023-09-18
1094,6736,2023-09-22,Completed,2023-11-09
1095,6737,2023-07-18,Withdrawn,2023-08-02
1096,6741,2023-07-18,Completed,2023-09-17
1097,6743,2023-08-08,Completed,2023-10-09
1098,6744,2023-08-28,Completed,2023-10-19
1099,6747,2023-09-20,Completed,2023-11-11
1100,6760,2023-09-19,Withdrawn,2023-10-22
1101,6771,2023-06-19,Completed,2023-08-15
1102,6774,2023-08-07,Completed,2023-10-06
1103,6775,2023-09-13,Completed,2023-11-10
1104,6776,2023-10-30,Completed,2023-12-23
1105,6784,2023-08-12,Completed,2023-10-08
1106,6789,2023-08-14,Completed,2023-10-08
1107,6801,2023-10-30,Completed,2023-12-19
1108,6809,2023-07-23,Completed,2023-09-16
1109,6810,2023-07-23,Withdrawn,2023-08-07
1110,6813,2023-08-13,Completed,2023-10-04
1111,6822,2023-11-02,Completed,2023-12-20
1112,6842,2023-08-13,Completed,2023-10-05
1113,6844,2023-08-18,Completed,2023-10-05
1114,6845,2023-06-26,Completed,2023-08-17
1115,6849,2023-07-18,Completed,2023-09-20
1116,6858,2023-04-22,Completed,2023-06-12
1117,6862,2023-08-22,Completed,2023-10-14
1118,6872,2023-10-23,Completed,2023-12-20
1119,6889,2023-08-15,Withdrawn,2023-09-05
1120,6910,2023-11-02,Completed,2023-12-20
1121,6916,2023-10-23,Completed,2023-12-22
1122,6920,2023-08-10,Completed,2023-10-09
1123,6927,2023-08-09,Completed,2023-10-08
1124,6937,2023-08-14,Withdrawn,2023-09-05
1125,6942,2023-07-27,Completed,2023-09-15
1126,6951,2023-08-09,Completed,2023-10-09
1127,6954,2023-08-17,Completed,2023-10-08
1128,6956,2023-06-24,Completed,2023-08-16
1129,6970,2023-04-15,Completed,2023-06-14
1130,6971,2023-06-25,Completed,2023-08-18
1131,6972,2023-08-10,Completed,2023-10-08
1132,6973,2023-02-22,Completed,2023-04-18
1133,6991,2023-10-22,Completed,2023-12-24
1134,6992,2023-04-20,Completed,2023-06-14
1135,6997,2023-10-26,Completed,2023-12-22
1136,7017,2023-06-26,Completed,2023-08-16
1137,7022,2023-10-23,Completed,2023-12-24
1138,7040,2023-10-28,Completed,2023-12-23
1139,7042,2023-06-28,Completed,2023-08-16
1140,7061,2023-07-27,Completed,2023-09-18
1141,7065,2023-07-26,Completed,2023-09-15
1142,7069,2023-04-17,Completed,2023-06-12
1143,7107,2023-06-24,Completed,2023-08-15
1144,7124,2023-08-16,Completed,2023-10-05
1145,7131,2023-01-23,Completed,2023-03-14
1146,7138,2023-08-12,Completed,2023-10-09
1147,7150,2023-06-18,Completed,2023-08-18
1148,7153,2023-08-14,Completed,2023-10-07
1149,7157,2023-08-08,Completed,2023-10-06
1150,7160,2023-04-21,Completed,2023-06-10
1151,7161,2023-08-13,Completed,2023-10-04
1152,7162,2023-08-15,Completed,2023-10-07
1153,7166,2023-06-22,Completed,2023-08-17
1154,7167,2023-06-22,Completed,2023-08-16
1155,7168,2023-04-16,Completed,2023-06-14
1156,7181,2023-06-24,Completed,2023-08-18
1157,7184,2023-06-27,Completed,2023-08-15
1158,7194,2023-10-28,Completed,2023-12-19
1159,7197,2023-06-22,Completed,2023-08-15
1160,7199,2023-04-17,Completed,2023-06-14
1161,7215,2023-06-28,Completed,2023-08-16
1162,7230,2023-04-14,Completed,2023-06-14
1163,7234,2023-04-13,Completed,2023-06-14
1164,7235,2023-04-22,Completed,2023-06-12
1165,7236,2023-06-26,Completed,2023-08-16
1166,7238,2023-06-22,Completed,2023-08-18
1167,7242,2023-04-23,Completed,2023-06-11
1168,7256,2023-04-13,Completed,2023-06-11
1169,7270,2023-08-24,Completed,2023-10-18
1170,7276,2023-04-13,Withdrawn,2023-05-07
1171,7287,2023-04-21,Completed,2023-06-14
1172,7293,2023-04-22,Completed,2023-06-12
1173,7298,2023-10-24,Completed,2023-12-19
1174,7305,2023-07-22,Completed,2023-09-15
1175,7310,2023-07-28,Completed,2023-09-18
1176,7311,2023-04-21,Completed,2023-06-10
1177,7316,2023-04-16,Completed,2023-06-10
1178,7342,2023-06-19,Completed,2023-08-15
1179,7348,2023-01-16,Completed,2023-03-10
1180,7351,2023-02-18,Completed,2023-04-16
1181,7361,2023-04-17,Completed,2023-06-14
1182,7370,2023-08-28,Completed,2023-10-16
1183,7378,2023-04-15,Completed,2023-06-12
1184,7379,2023-06-24,Completed,2023-08-17
1185,7383,2023-08-22,Completed,2023-10-16
1186,7384,2023-08-21,Completed,2023-10-17
1187,7385,2023-04-21,Completed,2023-06-19
1188,7388,2023-06-26,Completed,2023-08-19
1189,7396,2023-07-22,Completed,2023-09-17
1190,7398,2023-06-27,Completed,2023-08-16
1191,7416,2023-07-21,Completed,2023-09-20
1192,7439,2023-10-28,Completed,2023-12-23
1193,7446,2023-11-01,Completed,2023-12-20
1194,7465,2023-08-23,Completed,2023-10-18
1195,7483,2023-04-21,Completed,2023-06-10
1196,7485,2023-08-23,Completed,2023-10-16
1197,7496,2023-02-16,Completed,2023-04-15
1198,7500,2023-06-23,Completed,2023-08-15
1199,7507,2023-11-02,Completed,2023-12-20
1200,7508,2023-04-24,Completed,2023-06-10
1201,7526,2023-08-24,Completed,2023-10-19
1202,7535,2023-06-23,Withdrawn,2023-07-20
1203,7553,2023-04-22,Completed,2023-06-19
1204,7579,2023-06-29,Completed,2023-08-19
1205,7581,2023-10-28,Completed,2023-12-21
1206,7588,2023-04-14,Completed,2023-06-12
1207,7604,2023-06-20,Completed,2023-08-18
1208,7606,2023-06-25,Completed,2023-08-18
1209,7610,2023-06-24,Completed,2023-08-19
1210,7621,2023-06-28,Completed,2023-08-18
1211,7630,2023-06-20,Completed,2023-08-18
1212,7631,2023-06-19,Completed,2023-08-18
1213,7634,2023-06-21,Completed,2023-08-15
1214,7636,2023-07-24,Completed,2023-09-15
1215,7653,2023-10-23,Completed,2023-12-23
1216,7674,2023-04-14,Completed,2023-06-15
1217,7687,2023-04-16,Completed,2023-06-11
1218,7704,2023-11-01,Completed,2023-12-22
1219,7711,2023-04-14,Completed,2023-06-10
1220,7724,2023-02-25,Withdrawn,2023-03-25
1221,7731,2023-04-21,Completed,2023-06-10
1222,7752,2023-08-21,Withdrawn,2023-09-12
1223,7756,2023-04-14,Completed,2023-06-15
1224,7765,2023-04-21,Completed,2023-06-12
1225,7802,2023-04-18,Completed,2023-06-11
1226,7806,2023-02-27,Completed,2023-04-14
1227,7816,2023-04-13,Completed,2023-06-13
1228,7817,2023-08-28,Withdrawn,2023-09-04
1229,7823,2023-04-19,Completed,2023-06-11
1230,7830,2023-04-20,Completed,2023-06-14
1231,7832,2023-10-24,Completed,2023-12-23
1232,7835,2023-04-23,Completed,2023-06-22
1233,7836,2023-04-13,Completed,2023-06-13
1234,7894,2023-07-26,Completed,2023-09-19
1235,7900,2023-04-21,Completed,2023-06-11
1236,7902,2023-04-20,Completed,2023-06-14
1237,7926,2023-10-24,Completed,2023-12-19
1238,7932,2023-04-14,Completed,2023-06-12
1239,7947,2023-10-30,Completed,2023-12-24
1240,7954,2023-04-23,Withdrawn,2023-05-04
1241,7966,2023-04-19,Completed,2023-06-11
1242,7968,2023-04-17,Withdrawn,2023-04-30
1243,7969,2023-10-26,Completed,2023-12-21
1244,7978,2023-02-17,Completed,2023-04-11
1245,7983,2023-10-31,Completed,2023-12-24
1246,7998,2023-11-02,Completed,2023-12-22
1247,8001,2023-10-26,Completed,2023-12-19
1248,8039,2023-04-20,Withdrawn,2023-05-22
1249,8040,2023-02-16,Completed,2023-04-16
1250,8055,2023-10-24,Completed,2023-12-21
1251,8059,2023-10-26,Completed,2023-12-21
1252,8062,2023-08-25,Withdrawn,2023-09-11
1253,8085,2023-08-20,Completed,2023-10-15
1254,8101,2023-07-24,Completed,2023-09-19
1255,8109,2023-07-28,Completed,2023-09-20
1256,8110,2023-04-19,Completed,2023-06-09
1257,8124,2023-10-30,Completed,2023-12-23
1258,8151,2023-08-17,Completed,2023-10-18
1259,8162,2023-04-28,Completed,2023-06-21
1260,8173,2023-04-21,Completed,2023-06-12
1261,8185,2023-02-25,Completed,2023-04-15
1262,8186,2023-08-20,Completed,2023-10-16
1263,8189,2023-07-18,Completed,2023-09-20
1264,8203,2023-04-14,Completed,2023-06-14
1265,8205,2023-07-28,Completed,2023-09-18
1266,8206,2023-07-21,Completed,2023-09-16
1267,8207,2023-10-29,Completed,2023-12-24
1268,8218,2023-02-19,Completed,2023-04-15
1269,8236,2023-04-25,Completed,2023-06-18
1270,8247,2023-02-28,Withdrawn,2023-03-14
1271,8263,2023-04-24,Completed,2023-06-11
1272,8265,2023-02-25,Completed,2023-04-11
1273,8269,2023-08-26,Withdrawn,2023-09-27
1274,8273,2023-04-19,Completed,2023-06-11
1275,8290,2023-08-17,Completed,2023-10-15
1276,8292,2023-08-22,Completed,2023-10-19
1277,8324,2023-08-20,Completed,2023-10-18
1278,8336,2023-04-13,Withdrawn,2023-05-02
1279,8358,2023-04-20,Completed,2023-06-10
1280,8361,2023-01-17,Completed,2023-03-03
1281,8369,2023-08-18,Completed,2023-10-19
1282,8371,2023-01-22,Withdrawn,2023-02-14
1283,8374,2023-02-17,Completed,2023-04-13
1284,8395,2023-04-22,Completed,2023-06-15
1285,8398,2023-04-21,Completed,2023-06-11
1286,8403,2023-07-29,Completed,2023-09-17
1287,8407,2023-04-23,Completed,2023-06-12
1288,8425,2023-08-23,Completed,2023-10-19
1289,8430,2023-07-28,Completed,2023-09-18
1290,8453,2023-02-19,Completed,2023-04-12
1291,8468,2023-04-15,Completed,2023-06-09
1292,8473,2023-04-27,Completed,2023-06-21
1293,8475,2023-07-22,Completed,2023-09-19
1294,8480,2023-08-25,Completed,2023-10-15
1295,8488,2023-07-25,Completed,2023-09-20
1296,8501,2023-07-23,Completed,2023-09-18
1297,8510,2023-04-15,Completed,2023-06-13
1298,8531,2023-08-25,Completed,2023-10-15
1299,8545,2023-08-27,Withdrawn,2023-09-09
1300,8587,2023-08-24,Completed,2023-10-16
1301,8607,2024-08-20,Completed,2024-10-10
1302,8609,2024-05-19,Completed,2024-07-08
1303,8612,2024-09-17,Completed,2024-11-09
1304,8619,2024-08-13,Completed,2024-10-08
1305,8623,2024-10-28,Completed,2024-12-18
1306,8626,2024-01-07,Completed,2024-03-06
1307,8629,2024-09-13,Completed,2024-11-06
1308,8634,2024-07-09,Completed,2024-09-06
1309,8638,2024-08-13,Completed,2024-10-08
1310,8643,2024-10-26,Completed,2024-12-20
1311,8647,2024-08-17,Completed,2024-10-12
1312,8653,2024-06-11,Completed,2024-08-03
1313,8662,2024-09-25,Completed,2024-11-17
1314,8666,2024-08-23,Completed,2024-10-13
1315,8669,2024-08-20,Completed,2024-10-12
1316,8679,2024-08-20,Completed,2024-10-08
1317,8704,2024-10-27,Completed,2024-12-21
1318,8710,2024-06-16,Completed,2024-08-07
1319,8720,2024-06-07,Completed,2024-08-04
1320,8725,2024-11-01,Completed,2024-12-23
1321,8726,2024-05-11,Withdrawn,2024-06-08
1322,8727,2024-07-09,Completed,2024-09-11
1323,8730,2024-09-08,Completed,2024-11-03
1324,8735,2024-04-10,Withdrawn,2024-05-02
1325,8745,2024-10-21,Completed,2024-12-18
1326,8758,2024-07-11,Completed,2024-09-07
1327,8761,2024-07-13,Completed,2024-09-06
1328,8762,2024-10-27,Completed,2024-12-18
1329,8765,2024-07-17,Completed,2024-09-06
1330,8774,2024-10-28,Completed,2024-12-19
1331,8777,2024-07-17,Completed,2024-09-11
1332,8783,2024-04-23,Completed,2024-06-22
1333,8789,2024-09-12,Completed,2024-11-09
1334,8794,2024-04-09,Completed,2024-06-11
1335,8795,2024-04-21,Withdrawn,2024-05-24
1336,8796,2024-06-06,Completed,2024-08-07
1337,8797,2024-07-18,Completed,2024-09-10
1338,8805,2024-10-26,Completed,2024-12-21
1339,8818,2024-08-14,Completed,2024-10-08
1340,8822,2024-09-05,Completed,2024-11-03
1341,8823,2024-09-24,Completed,2024-11-19
1342,8837,2024-10-27,Completed,2024-12-21
1343,8842,2024-09-07,Completed,2024-11-06
1344,8845,2024-08-18,Completed,2024-10-10
1345,8857,2024-07-16,Completed,2024-09-08
1346,8860,2024-10-25,Completed,2024-12-19
1347,8861,2024-10-21,Completed,2024-12-22
1348,8864,2024-07-13,Completed,2024-09-06
1349,8880,2024-09-17,Completed,2024-11-09
1350,8888,2024-09-09,Completed,2024-11-07
1351,8889,2024-10-27,Completed,2024-12-21
1352,8895,2024-09-28,Completed,2024-11-17
1353,8922,2024-08-21,Completed,2024-10-12
1354,8926,2024-08-12,Completed,2024-10-12
1355,8948,2024-10-29,Completed,2024-12-20
1356,8952,2024-08-18,Completed,2024-10-08
1357,8957,2024-08-16,Completed,2024-10-10
1358,8958,2024-09-14,Completed,2024-11-04
1359,8963,2024-04-09,Completed,2024-06-06
1360,8966,2024-04-16,Completed,2024-06-06
1361,8974,2024-06-12,Withdrawn,2024-06-28
1362,8979,2024-08-18,Completed,2024-10-11
1363,8986,2024-09-26,Completed,2024-11-19
1364,9004,2024-09-21,Withdrawn,2024-10-20
1365,9007,2024-08-20,Completed,2024-10-11
1366,9008,2024-04-15,Completed,2024-06-08
1367,9024,2024-09-15,Completed,2024-11-04
1368,9027,2024-08-18,Completed,2024-10-14
1369,9032,2024-08-16,Completed,2024-10-11
1370,9035,2024-08-22,Completed,2024-10-11
1371,9036,2024-09-13,Completed,2024-11-01
1372,9056,2024-10-23,Completed,2024-12-18
1373,9057,2024-09-14,Completed,2024-11-01
1374,9068,2024-04-13,Completed,2024-06-03
1375,9074,2024-08-17,Completed,2024-10-15
1376,9097,2024-04-18,Completed,2024-06-09
1377,9101,2024-08-21,Completed,2024-10-12
1378,9109,2024-10-21,Completed,2024-12-23
1379,9111,2024-08-14,Completed,2024-10-10
1380,9113,2024-09-11,Completed,2024-11-09
1381,9117,2024-07-20,Completed,2024-09-11
1382,9127,2024-08-12,Completed,2024-10-09
1383,9134,2024-11-01,Completed,2024-12-19
1384,9138,2024-08-13,Completed,2024-10-10
1385,9139,2024-09-30,Withdrawn,2024-10-17
1386,9144,2024-09-10,Completed,2024-11-06
1387,9154,2024-10-25,Completed,2024-12-18
1388,9163,2024-07-17,Completed,2024-09-07
1389,9176,2024-05-14,Completed,2024-07-11
1390,9179,2024-10-27,Completed,2024-12-20
1391,9180,2024-05-17,Completed,2024-07-08
1392,9181,2024-07-09,Completed,2024-09-08
1393,9188,2024-04-12,Completed,2024-06-07
1394,9193,2024-10-25,Completed,2024-12-21
1395,9200,2024-08-24,Completed,2024-10-11
1396,9201,2024-05-01,Completed,2024-06-20
1397,9205,2024-09-24,Completed,2024-11-19
1398,9209,2024-07-16,Completed,2024-09-11
1399,9220,2024-09-28,Completed,2024-11-17
1400,9223,2024-07-15,Completed,2024-09-11
1401,9227,2024-07-12,Completed,2024-09-08
1402,9228,2024-09-15,Completed,2024-11-06
1403,9239,2024-04-19,Completed,2024-06-11
1404,9243,2024-08-18,Completed,2024-10-14
1405,9256,2024-09-15,Completed,2024-11-04
1406,9261,2024-07-16,Completed,2024-09-09
1407,9265,2024-09-25,Completed,2024-11-17
1408,9266,2024-09-07,Completed,2024-11-04
1409,9271,2024-09-23,Completed,2024-11-19
1410,9272,2024-10-28,Completed,2024-12-19
1411,9300,2024-04-16,Completed,2024-06-03
1412,9302,2024-09-13,Completed,2024-11-05
1413,9303,2024-09-16,Completed,2024-11-09
1414,9305,2024-04-26,Completed,2024-06-19
1415,9310,2024-10-22,Completed,2024-12-21
1416,9314,2024-09-23,Completed,2024-11-16
1417,9316,2024-07-13,Completed,2024-09-08
1418,9319,2024-09-09,Completed,2024-11-04
1419,9322,2024-09-12,Completed,2024-11-01
1420,9323,2024-06-14,Completed,2024-08-04
1421,9327,2024-08-18,Completed,2024-10-12
1422,9329,2024-08-16,Completed,2024-10-07
1423,9331,2024-07-17,Completed,2024-09-12
1424,9332,2024-06-16,Completed,2024-08-06
1425,9339,2024-04-19,Completed,2024-06-06
1426,9343,2024-09-26,Completed,2024-11-20
1427,9344,2024-09-13,Completed,2024-11-06
1428,9347,2024-10-31,Completed,2024-12-19
1429,9348,2024-06-06,Completed,2024-08-07
1430,9378,2024-09-10,Completed,2024-11-06
1431,9387,2024-09-15,Completed,2024-11-07
1432,9390,2024-05-01,Completed,2024-06-23
1433,9394,2024-06-18,Completed,2024-08-09
1434,9398,2024-08-16,Completed,2024-10-13
1435,9408,2024-07-15,Completed,2024-09-13
1436,9409,2024-08-13,Completed,2024-10-12
1437,9410,2024-07-15,Completed,2024-09-11
1438,9411,2024-08-20,Completed,2024-10-10
1439,9430,2024-07-23,Completed,2024-09-10
1440,9464,2024-09-06,Completed,2024-11-02
1441,9484,2024-04-09,Completed,2024-06-10
1442,9506,2024-09-04,Completed,2024-11-02
1443,9522,2024-08-16,Completed,2024-10-15
1444,9526,2024-09-11,Completed,2024-11-05
1445,9527,2024-08-20,Completed,2024-10-12
1446,9529,2024-09-07,Completed,2024-11-06
1447,9537,2024-01-12,Completed,2024-03-11
1448,9543,2024-07-20,Withdrawn,2024-08-18
1449,9544,2024-10-21,Withdrawn,2024-11-22
1450,9550,2024-08-10,Completed,2024-10-12
1451,9562,2024-04-30,Completed,2024-06-20
1452,9565,2024-09-12,Completed,2024-11-09
1453,9578,2024-07-14,Completed,2024-09-13
1454,9580,2024-06-08,Completed,2024-08-07
1455,9586,2024-09-24,Completed,2024-11-18
1456,9596,2024-06-09,Completed,2024-08-06
1457,9598,2024-07-19,Completed,2024-09-10
1458,9621,2024-10-29,Completed,2024-12-19
1459,9632,2024-04-26,Completed,2024-06-21
1460,9638,2024-09-16,Completed,2024-11-09
1461,9639,2024-04-12,Completed,2024-06-06
1462,9642,2024-06-12,Withdrawn,2024-07-16
1463,9650,2024-08-13,Completed,2024-10-07
1464,9655,2024-09-18,Completed,2024-11-07
1465,9656,2024-10-27,Completed,2024-12-20
1466,9659,2024-10-23,Completed,2024-12-21
1467,9663,2024-06-15,Completed,2024-08-08
1468,9670,2024-10-31,Completed,2024-12-20
1469,9671,2024-08-11,Completed,2024-10-07
1470,9674,2024-09-05,Completed,2024-11-06
1471,9677,2024-04-13,Completed,2024-06-05
1472,9681,2024-09-24,Completed,2024-11-17
1473,9686,2024-09-22,Completed,2024-11-21
1474,9687,2024-09-07,Completed,2024-11-05
1475,9691,2024-07-12,Completed,2024-09-08
1476,9698,2024-05-20,Completed,2024-07-11
1477,9699,2024-09-19,Completed,2024-11-19
1478,9718,2024-11-01,Completed,2024-12-19
1479,9722,2024-07-16,Completed,2024-09-14
1480,9738,2024-09-13,Withdrawn,2024-10-03
1481,9739,2024-08-17,Completed,2024-10-11
1482,9741,2024-09-17,Completed,2024-11-08
1483,9747,2024-09-16,Completed,2024-11-05
1484,9748,2024-07-14,Completed,2024-09-10
1485,9749,2024-09-08,Withdrawn,2024-09-26
1486,9758,2024-09-14,Withdrawn,2024-10-16
1487,9763,2024-09-06,Completed,2024-11-04
1488,9772,2024-09-28,Completed,2024-11-16
1489,9779,2024-08-23,Completed,2024-10-13
1490,9783,2024-09-17,Completed,2024-11-07
1491,9784,2024-08-13,Withdrawn,2024-09-03
1492,9789,2024-04-21,Completed,2024-06-23
1493,9792,2024-09-21,Withdrawn,2024-09-27
1494,9795,2024-10-27,Completed,2024-12-23
1495,9799,2024-07-21,Completed,2024-09-10
1496,9823,2024-09-15,Completed,2024-11-02
1497,9833,2024-08-14,Withdrawn,2024-08-23
1498,9835,2024-04-06,Completed,2024-06-04
1499,9837,2024-04-23,Completed,2024-06-22
1500,9840,2024-09-10,Completed,2024-11-04
1501,9841,2024-06-08,Completed,2024-08-07
1502,9845,2024-09-28,Completed,2024-11-20
1503,9856,2024-10-23,Completed,2024-12-23
1504,9878,2024-08-10,Completed,2024-10-12
1505,9907,2024-08-20,Completed,2024-10-14
1506,9910,2024-07-22,Completed,2024-09-12
1507,9925,2024-09-28,Withdrawn,2024-10-17
1508,9927,2024-04-16,Withdrawn,2024-05-11
1509,9936,2024-09-11,Completed,2024-11-02
1510,9938,2024-09-15,Completed,2024-11-04
1511,9940,2024-05-12,Completed,2024-07-08
1512,9953,2024-09-08,Completed,2024-11-06
1513,9957,2024-08-11,Completed,2024-10-09
1514,9972,2024-08-23,Completed,2024-10-10
1515,9977,2024-09-20,Completed,2024-11-16
1516,9985,2024-09-25,Completed,2024-11-17
1517,9988,2024-09-27,Completed,2024-11-16
1518,9997,2024-04-13,Withdrawn,2024-04-26
1519,10001,2024-05-10,Completed,2024-07-12
1520,10006,2024-08-13,Completed,2024-10-12
1521,10011,2024-07-11,Completed,2024-09-06
1522,10017,2024-10-24,Withdrawn,2024-11-14
1523,10018,2024-09-09,Completed,2024-11-06
1524,10021,2024-09-16,Completed,2024-11-08
1525,10036,2024-09-05,Completed,2024-11-01
1526,10037,2024-09-05,Completed,2024-11-03
1527,10058,2024-05-18,Completed,2024-07-09
1528,10061,2024-06-08,Completed,2024-08-05
1529,10062,2024-08-21,Completed,2024-10-13
1530,10063,2024-07-15,Completed,2024-09-07
1531,10064,2024-04-21,Completed,2024-06-21
1532,10069,2024-07-11,Completed,2024-09-08
1533,10072,2024-08-20,Completed,2024-10-08
1534,10074,2024-09-11,Completed,2024-11-08
1535,10077,2024-06-17,Completed,2024-08-06
1536,10086,2024-08-18,Completed,2024-10-08
1537,10089,2024-07-13,Withdrawn,2024-07-30
1538,10101,2024-09-13,Completed,2024-11-08
1539,10103,2024-04-28,Completed,2024-06-18
1540,10104,2024-09-09,Completed,2024-11-03
1541,10134,2024-08-24,Completed,2024-10-12
1542,10137,2024-04-13,Completed,2024-06-07
1543,10140,2024-06-05,Completed,2024-08-02
1544,10156,2024-09-13,Completed,2024-11-03
1545,10167,2024-08-10,Withdrawn,2024-09-10
1546,10170,2024-09-25,Completed,2024-11-17
1547,10171,2024-06-13,Completed,2024-08-07
1548,10182,2024-10-30,Completed,2024-12-20
1549,10193,2024-09-13,Completed,2024-11-08
1550,10221,2024-04-10,Completed,2024-06-06
1551,10222,2024-10-25,Completed,2024-12-23
1552,10224,2024-08-20,Completed,2024-10-10
1553,10239,2024-09-30,Completed,2024-11-21
1554,10244,2024-10-24,Completed,2024-12-19
1555,10251,2024-04-16,Completed,2024-06-03
1556,10252,2024-09-29,Completed,2024-11-21
1557,10261,2024-10-21,Completed,2024-12-21
1558,10265,2024-10-22,Completed,2024-12-21
1559,10266,2024-09-06,Completed,2024-11-02
1560,10267,2024-11-01,Withdrawn,2024-11-10
1561,10276,2024-06-08,Completed,2024-08-08
1562,10283,2024-07-10,Completed,2024-09-08
1563,10286,2024-09-12,Completed,2024-11-05
1564,10291,2024-09-12,Completed,2024-11-06
1565,10292,2024-08-11,Completed,2024-10-12
1566,10293,2024-11-01,Completed,2024-12-23
1567,10305,2024-09-05,Completed,2024-11-05
1568,10309,2024-09-11,Completed,2024-11-05
1569,10310,2024-08-24,Completed,2024-10-15
1570,10320,2024-06-15,Completed,2024-08-07
1571,10321,2024-08-18,Completed,2024-10-12
1572,10322,2024-07-16,Completed,2024-09-11
1573,10349,2024-09-18,Completed,2024-11-06
1574,10352,2024-04-08,Completed,2024-06-04
1575,10359,2024-08-22,Completed,2024-10-12
1576,10382,2024-09-13,Completed,2024-11-08
1577,10384,2024-08-17,Completed,2024-10-10
1578,10392,2024-05-10,Withdrawn,2024-05-20
1579,10398,2024-09-08,Completed,2024-11-07
1580,10414,2024-04-27,Completed,2024-06-19
1581,10417,2024-09-17,Completed,2024-11-09
1582,10419,2024-09-15,Completed,2024-11-08
1583,10423,2024-10-30,Completed,2024-12-19
1584,10430,2024-04-21,Withdrawn,2024-05-17
1585,10432,2024-08-15,Completed,2024-10-08
1586,10443,2024-10-27,Completed,2024-12-22
1587,10446,2024-09-19,Completed,2024-11-19
1588,10453,2024-04-28,Completed,2024-06-22
1589,10457,2024-10-22,Completed,2024-12-22
1590,10466,2024-09-15,Completed,2024-11-03
1591,10481,2024-06-07,Completed,2024-08-08
1592,10482,2024-04-11,Completed,2024-06-09
1593,10483,2024-09-10,Completed,2024-11-04
1594,10484,2024-04-16,Completed,2024-06-11
1595,10490,2024-08-23,Completed,2024-10-15
1596,10494,2024-06-13,Withdrawn,2024-07-11
1597,10496,2024-10-22,Completed,2024-12-19
1598,10499,2024-07-10,Completed,2024-09-07
1599,10500,2024-07-13,Completed,2024-09-09
1600,10514,2024-08-15,Completed,2024-10-15
1601,10518,2024-09-28,Completed,2024-11-21
1602,10524,2024-09-12,Completed,2024-11-01
1603,10537,2024-05-18,Completed,2024-07-12
1604,10538,2024-04-18,Completed,2024-06-11
1605,10551,2024-09-09,Completed,2024-11-06
1606,10554,2024-06-06,Completed,2024-08-04
1607,10558,2024-09-15,Completed,2024-11-06
1608,10570,2024-10-26,Completed,2024-12-21
1609,10572,2024-06-12,Completed,2024-08-07
1610,10575,2024-09-24,Completed,2024-11-17
1611,10578,2024-08-10,Completed,2024-10-12
1612,10582,2024-09-09,Completed,2024-11-06
1613,10583,2024-09-07,Completed,2024-11-04
1614,10588,2024-06-13,Completed,2024-08-04
1615,10601,2024-09-23,Completed,2024-11-20
1616,10605,2024-07-21,Completed,2024-09-10
1617,10621,2024-10-30,Completed,2024-12-19
1618,10625,2024-09-15,Completed,2024-11-09
1619,10626,2024-08-17,Completed,2024-10-10
1620,10648,2024-10-29,Withdrawn,2024-11-03
1621,10651,2024-07-19,Completed,2024-09-14
1622,10654,2024-07-17,Completed,2024-09-11
1623,10659,2024-09-22,Completed,2024-11-19
1624,10674,2024-04-09,Completed,2024-06-08
1625,10679,2024-08-17,Completed,2024-10-07
1626,10680,2024-09-04,Withdrawn,2024-09-11
1627,10723,2024-09-04,Completed,2024-11-05
1628,10734,2024-09-11,Completed,2024-11-01
1629,10735,2024-08-17,Completed,2024-10-07
1630,10746,2024-05-01,Completed,2024-06-18
1631,10754,2024-09-14,Completed,2024-11-06
1632,10760,2024-09-06,Completed,2024-11-03
1633,10762,2024-08-16,Completed,2024-10-12
1634,10768,2024-07-17,Completed,2024-09-11
1635,10773,2024-05-12,Completed,2024-07-07
1636,10782,2024-09-05,Completed,2024-11-04
1637,10785,2024-05-11,Completed,2024-07-12
1638,10790,2024-07-16,Completed,2024-09-12
1639,10801,2024-07-20,Completed,2024-09-08
1640,10804,2024-08-18,Completed,2024-10-14
1641,10812,2024-08-20,Completed,2024-10-12
1642,10817,2024-06-11,Completed,2024-08-05
1643,10821,2024-09-26,Completed,2024-11-21
1644,10824,2024-09-08,Completed,2024-11-01
1645,10832,2024-08-15,Completed,2024-10-10
1646,10834,2024-09-12,Completed,2024-11-07
1647,10836,2024-09-10,Completed,2024-11-04
1648,10841,2024-10-25,Completed,2024-12-20
1649,10845,2024-10-24,Completed,2024-12-19
1650,10866,2024-09-16,Completed,2024-11-05
1651,10867,2024-09-08,Completed,2024-11-01
1652,10870,2024-04-08,Completed,2024-06-08
1653,10873,2024-09-06,Completed,2024-11-02
1654,10875,2024-09-14,Completed,2024-11-07
1655,10885,2024-09-07,Completed,2024-11-06
1656,10900,2024-04-15,Completed,2024-06-04
1657,10932,2024-07-16,Completed,2024-09-11
1658,10941,2024-10-25,Completed,2024-12-22
1659,10943,2024-09-15,Completed,2024-11-07
1660,10947,2024-09-09,Completed,2024-11-02
1661,10949,2024-04-29,Withdrawn,2024-05-11
1662,10960,2024-09-07,Completed,2024-11-06
1663,10965,2024-05-17,Completed,2024-07-09
1664,11007,2024-08-16,Completed,2024-10-11
1665,11014,2024-06-15,Completed,2024-08-06
1666,11017,2024-08-16,Completed,2024-10-15
1667,11019,2024-09-15,Completed,2024-11-03
1668,11022,2024-09-05,Completed,2024-11-03
1669,11024,2024-10-28,Completed,2024-12-18
1670,11025,2024-07-13,Withdrawn,2024-07-23
1671,11033,2024-08-20,Withdrawn,2024-09-01
1672,11040,2024-10-27,Completed,2024-12-20
1673,11049,2024-08-12,Completed,2024-10-10
1674,11051,2024-09-13,Completed,2024-11-05
1675,11054,2024-10-24,Completed,2024-12-20
1676,11076,2024-09-07,Completed,2024-11-07
1677,11078,2024-07-14,Withdrawn,2024-07-23
1678,11091,2024-10-28,Completed,2024-12-21
1679,11100,2024-06-11,Completed,2024-08-02
1680,11109,2024-09-04,Completed,2024-11-06
1681,11112,2024-07-17,Withdrawn,2024-08-07
1682,11118,2024-07-22,Completed,2024-09-14
1683,11120,2024-09-09,Completed,2024-11-08
1684,11123,2024-09-17,Completed,2024-11-06
1685,11129,2024-09-10,Completed,2024-11-03
1686,11130,2024-07-15,Completed,2024-09-06
1687,11141,2024-04-26,Completed,2024-06-22
1688,11152,2024-09-27,Completed,2024-11-21
1689,11155,2024-09-23,Completed,2024-11-19
1690,11159,2024-09-15,Withdrawn,2024-09-27
1691,11179,2024-09-14,Completed,2024-11-04
1692,11181,2024-09-28,Completed,2024-11-18
1693,11186,2024-05-17,Completed,2024-07-07
1694,11188,2024-04-10,Completed,2024-06-10
1695,11225,2024-06-14,Withdrawn,2024-06-20
1696,11229,2024-09-21,Completed,2024-11-17
1697,11260,2024-07-10,Completed,2024-09-08
1698,11263,2024-04-18,Withdrawn,2024-04-26
1699,11267,2024-09-11,Completed,2024-11-06
1700,11271,2024-06-14,Completed,2024-08-06
1701,11280,2024-04-17,Completed,2024-06-06
1702,11281,2024-04-10,Completed,2024-06-07
1703,11294,2024-06-10,Completed,2024-08-06
1704,11303,2024-08-15,Completed,2024-10-11
1705,11317,2024-09-20,Completed,2024-11-16
1706,11330,2024-09-08,Completed,2024-11-05
1707,11342,2024-09-22,Completed,2024-11-17
1708,11349,2024-06-10,Completed,2024-08-04
1709,11354,2024-07-16,Completed,2024-09-06
1710,11357,2024-09-10,Completed,2024-11-06
1711,11359,2024-07-10,Completed,2024-09-07
1712,11360,2024-04-06,Completed,2024-06-07
1713,11372,2024-09-06,Completed,2024-11-04
1714,11377,2024-06-16,Completed,2024-08-07
1715,11379,2024-07-23,Completed,2024-09-14
1716,11386,2024-08-19,Completed,2024-10-07
1717,11387,2024-07-13,Completed,2024-09-14
1718,11388,2024-04-07,Completed,2024-06-06
1719,11402,2024-07-20,Completed,2024-09-09
1720,11423,2024-06-13,Completed,2024-08-04
1721,11434,2024-04-15,Completed,2024-06-08
1722,11436,2024-08-20,Completed,2024-10-11
1723,11443,2024-06-13,Completed,2024-08-07
1724,11485,2024-08-18,Withdrawn,2024-09-03
1725,11491,2024-09-04,Completed,2024-11-06
1726,11493,2024-08-15,Completed,2024-10-11
1727,11527,2024-07-17,Withdrawn,2024-08-12
1728,11528,2024-07-11,Completed,2024-09-06
1729,11537,2024-06-09,Completed,2024-08-04
1730,11543,2024-09-21,Completed,2024-11-21
1731,11552,2024-08-17,Completed,2024-10-07
1732,11554,2024-07-20,Completed,2024-09-14
1733,11574,2024-08-18,Completed,2024-10-10
1734,11576,2024-06-12,Completed,2024-08-09
1735,11588,2024-08-16,Completed,2024-10-10
1736,11604,2024-09-27,Completed,2024-11-16
1737,11608,2024-06-08,Withdrawn,2024-06-14
1738,11613,2024-07-21,Withdrawn,2024-08-06
1739,11614,2024-07-18,Completed,2024-09-08
1740,11622,2024-09-25,Completed,2024-11-16
1741,11632,2024-08-10,Completed,2024-10-09
1742,11635,2024-08-10,Completed,2024-10-12
1743,11637,2024-08-19,Completed,2024-10-12
1744,11656,2024-07-17,Completed,2024-09-07
1745,11657,2024-08-11,Completed,2024-10-12
1746,11665,2024-06-11,Completed,2024-08-03
1747,11670,2024-04-18,Completed,2024-06-06
1748,11674,2024-08-14,Completed,2024-10-07
1749,11678,2024-07-15,Completed,2024-09-09
1750,11701,2024-09-20,Completed,2024-11-20
1751,11726,2024-06-14,Completed,2024-08-04
1752,11728,2024-08-16,Completed,2024-10-14
1753,11734,2024-08-14,Completed,2024-10-11
1754,11735,2024-06-16,Completed,2024-08-06
1755,11739,2024-09-30,Completed,2024-11-19
1756,11764,2024-08-14,Completed,2024-10-13
1757,11767,2024-09-27,Completed,2024-11-21
1758,11786,2024-09-19,Completed,2024-11-19
1759,11797,2024-06-13,Completed,2024-08-09
1760,11809,2024-08-15,Completed,2024-10-11
1761,11813,2024-04-30,Completed,2024-06-20
1762,11817,2024-04-15,Completed,2024-06-03
1763,11819,2024-07-10,Completed,2024-09-08
1764,11822,2024-07-16,Completed,2024-09-12
1765,11827,2024-08-19,Completed,2024-10-10
1766,11831,2024-06-14,Completed,2024-08-09
1767,11832,2024-07-14,Completed,2024-09-07
1768,11864,2024-06-13,Completed,2024-08-09
1769,11876,2024-06-16,Completed,2024-08-06
1770,11891,2024-06-16,Completed,2024-08-04
1771,11896,2024-07-10,Completed,2024-09-09
1772,11909,2024-09-26,Completed,2024-11-18
1773,11913,2024-09-27,Completed,2024-11-18
1774,11917,2024-07-19,Completed,2024-09-13
1775,11924,2024-07-20,Completed,2024-09-11
1776,11929,2024-08-20,Completed,2024-10-10
1777,11931,2024-06-15,Completed,2024-08-07
1778,11937,2024-04-15,Completed,2024-06-03
1779,11939,2024-06-18,Completed,2024-08-06
1780,11942,2024-06-06,Completed,2024-08-06
1781,11950,2024-07-09,Completed,2024-09-06
1782,11972,2024-07-18,Completed,2024-09-06
1783,11974,2024-07-15,Completed,2024-09-09
1784,11975,2024-07-18,Completed,2024-09-14
1785,11979,2024-06-17,Completed,2024-08-07
1786,11990,2024-06-11,Completed,2024-08-07
1787,12011,2024-08-22,Completed,2024-10-14
1788,12014,2024-07-17,Completed,2024-09-08
1789,12026,2024-06-08,Completed,2024-08-05
1790,12039,2024-07-09,Completed,2024-09-06
1791,12055,2024-07-14,Completed,2024-09-12
1792,12060,2024-04-14,Completed,2024-06-06
1793,12081,2024-07-18,Withdrawn,2024-08-01
1794,12097,2024-07-16,Completed,2024-09-08
1795,12112,2025-10-16,Completed,2025-12-06
1796,12113,2025-09-11,Completed,2025-11-10
1797,12123,2025-09-15,Completed,2025-11-14
1798,12131,2025-06-14,Completed,2025-08-03
1799,12132,2025-10-07,Completed,2025-12-09
1800,12144,2025-09-09,Completed,2025-11-04
1801,12145,2025-06-17,Completed,2025-08-13
1802,12149,2025-09-15,Completed,2025-11-08
1803,12153,2025-10-20,Withdrawn,2025-11-09
1804,12165,2025-10-11,Completed,2025-12-09
1805,12166,2025-09-04,Withdrawn,2025-10-08
1806,12169,2025-10-16,Completed,2025-12-08
1807,12173,2025-09-15,Completed,2025-11-11
1808,12182,2025-08-28,Completed,2025-10-20
1809,12183,2025-09-15,Completed,2025-11-13
1810,12190,2025-09-07,Completed,2025-11-07
1811,12194,2025-10-22,Completed,2025-12-12
1812,12196,2025-09-06,Completed,2025-11-05
1813,12198,2025-10-29,Completed,2025-12-22
1814,12205,2025-09-21,Completed,2025-11-15
1815,12207,2025-09-18,Completed,2025-11-15
1816,12223,2025-10-07,Completed,2025-12-06
1817,12237,2025-10-21,Completed,2025-12-13
1818,12249,2025-09-20,Completed,2025-11-10
1819,12255,2025-06-15,Completed,2025-08-13
1820,12261,2025-06-16,Completed,2025-08-09
1821,12274,2025-05-13,Completed,2025-07-11
1822,12281,2025-10-10,Completed,2025-12-04
1823,12283,2025-04-20,Completed,2025-06-20
1824,12298,2025-10-27,Completed,2025-12-23
1825,12308,2025-09-13,Completed,2025-11-15
1826,12309,2025-06-21,Completed,2025-08-13
1827,12313,2025-10-15,Completed,2025-12-08
1828,12314,2025-09-06,Completed,2025-11-03
1829,12317,2025-06-07,Completed,2025-08-08
1830,12329,2025-09-15,Completed,2025-11-03
1831,12334,2025-06-14,Completed,2025-08-10
1832,12335,2025-10-18,Completed,2025-12-09
1833,12339,2025-10-29,Completed,2025-12-24
1834,12340,2025-10-26,Completed,2025-12-23
1835,12341,2025-10-13,Completed,2025-12-06
1836,12347,2025-09-16,Completed,2025-11-10
1837,12348,2025-08-27,Completed,2025-10-17
1838,12366,2025-06-22,Completed,2025-08-11
1839,12368,2025-10-21,Withdrawn,2025-11-12
1840,12377,2025-09-11,Completed,2025-11-05
1841,12383,2025-10-08,Completed,2025-12-05
1842,12395,2025-10-22,Completed,2025-12-22
1843,12405,2025-06-12,Completed,2025-08-08
1844,12411,2025-04-25,Completed,2025-06-22
1845,12435,2025-10-27,Completed,2025-12-19
1846,12440,2025-10-22,Withdrawn,2025-10-30
1847,12449,2025-04-27,Completed,2025-06-18
1848,12457,2025-06-12,Completed,2025-08-08
1849,12468,2025-10-14,Completed,2025-12-12
1850,12469,2025-04-24,Completed,2025-06-22
1851,12477,2025-10-20,Completed,2025-12-10
1852,12490,2025-10-17,Completed,2025-12-08
1853,12491,2025-10-08,Completed,2025-12-06
1854,12495,2025-09-24,Completed,2025-11-10
1855,12497,2025-09-13,Completed,2025-11-06
1856,12500,2025-09-17,Completed,2025-11-03
1857,12501,2025-09-10,Completed,2025-11-06
1858,12504,2025-10-12,Completed,2025-12-07
1859,12506,2025-06-18,Withdrawn,2025-06-23
1860,12539,2025-10-11,Completed,2025-12-13
1861,12540,2025-09-11,Completed,2025-11-06
1862,12545,2025-10-25,Completed,2025-12-23
1863,12552,2025-11-01,Completed,2025-12-20
1864,12577,2025-09-08,Completed,2025-11-03
1865,12584,2025-09-16,Completed,2025-11-04
1866,12589,2025-09-21,Completed,2025-11-11
1867,12591,2025-03-16,Completed,2025-05-14
1868,12592,2025-10-31,Completed,2025-12-20
1869,12603,2025-10-16,Completed,2025-12-04
1870,12618,2025-09-22,Completed,2025-11-13
1871,12623,2025-10-27,Completed,2025-12-19
1872,12635,2025-10-15,Completed,2025-12-10
1873,12641,2025-06-17,Completed,2025-08-10
1874,12648,2025-08-24,Completed,2025-10-17
1875,12653,2025-09-11,Completed,2025-11-11
1876,12658,2025-09-20,Completed,2025-11-06
1877,12660,2025-10-14,Completed,2025-12-08
1878,12664,2025-09-18,Completed,2025-11-09
1879,12668,2025-10-16,Withdrawn,2025-11-19
1880,12677,2025-09-10,Completed,2025-11-09
1881,12683,2025-09-19,Completed,2025-11-11
1882,12708,2025-08-20,Completed,2025-10-19
1883,12725,2025-10-21,Completed,2025-12-12
1884,12729,2025-10-12,Completed,2025-12-04
1885,12749,2025-09-18,Completed,2025-11-10
1886,12759,2025-09-23,Completed,2025-11-14
1887,12771,2025-04-18,Completed,2025-06-14
1888,12776,2025-06-14,Completed,2025-08-09
1889,12783,2025-09-19,Completed,2025-11-06
1890,12793,2025-10-20,Completed,2025-12-12
1891,12809,2025-10-08,Completed,2025-12-08
1892,12810,2025-10-19,Completed,2025-12-11
1893,12811,2025-09-14,Completed,2025-11-05
1894,12815,2025-08-23,Completed,2025-10-17
1895,12828,2025-09-15,Completed,2025-11-04
1896,12830,2025-04-19,Completed,2025-06-17
1897,12831,2025-10-13,Completed,2025-12-11
1898,12836,2025-09-13,Completed,2025-11-08
1899,12844,2025-10-07,Completed,2025-12-05
1900,12846,2025-09-18,Completed,2025-11-06
1901,12860,2025-10-17,Completed,2025-12-13
1902,12865,2025-10-12,Withdrawn,2025-10-20
1903,12869,2025-09-23,Completed,2025-11-15
1904,12886,2025-10-11,Completed,2025-12-06
1905,12889,2025-09-19,Completed,2025-11-13
1906,12891,2025-09-09,Completed,2025-11-02
1907,12892,2025-10-16,Completed,2025-12-09
1908,12896,2025-06-12,Completed,2025-08-07
1909,12899,2025-10-16,Completed,2025-12-08
1910,12916,2025-09-08,Completed,2025-11-06
1911,12923,2025-09-13,Completed,2025-11-07
1912,12926,2025-10-17,Withdrawn,2025-11-02
1913,12927,2025-09-09,Completed,2025-11-01
1914,12928,2025-10-08,Completed,2025-12-06
1915,12929,2025-09-21,Completed,2025-11-11
1916,12940,2025-10-24,Completed,2025-12-22
1917,12942,2025-09-11,Completed,2025-11-03
1918,12947,2025-09-19,Completed,2025-11-10
1919,12950,2025-06-16,Completed,2025-08-11
1920,12961,2025-10-22,Completed,2025-12-11
1921,12964,2025-08-22,Completed,2025-10-20
1922,12967,2025-09-09,Completed,2025-11-07
1923,12971,2025-04-27,Completed,2025-06-15
1924,12976,2025-09-13,Completed,2025-11-15
1925,12986,2025-10-15,Withdrawn,2025-10-25
1926,12987,2025-10-17,Completed,2025-12-08
1927,12992,2025-04-17,Completed,2025-06-15
1928,12994,2025-10-13,Completed,2025-12-10
1929,13003,2025-09-14,Completed,2025-11-14
1930,13005,2025-09-23,Completed,2025-11-10
1931,13008,2025-04-21,Completed,2025-06-14
1932,13016,2025-10-15,Completed,2025-12-10
1933,13022,2025-09-15,Completed,2025-11-10
1934,13028,2025-09-17,Completed,2025-11-07
1935,13035,2025-10-22,Completed,2025-12-21
1936,13050,2025-09-12,Completed,2025-11-03
1937,13052,2025-04-22,Completed,2025-06-18
1938,13061,2025-09-06,Completed,2025-11-02
1939,13064,2025-02-26,Completed,2025-04-22
1940,13068,2025-10-17,Completed,2025-12-11
1941,13074,2025-09-13,Completed,2025-11-06
1942,13088,2025-09-11,Completed,2025-11-02
1943,13111,2025-10-29,Completed,2025-12-19
1944,13126,2025-10-21,Completed,2025-12-08
1945,13134,2025-06-09,Completed,2025-08-03
1946,13135,2025-06-08,Completed,2025-08-03
1947,13138,2025-04-28,Completed,2025-06-20
1948,13145,2025-09-14,Completed,2025-11-12
1949,13147,2025-04-27,Completed,2025-06-18
1950,13157,2025-05-14,Completed,2025-07-07
1951,13163,2025-09-19,Completed,2025-11-13
1952,13164,2025-10-23,Completed,2025-12-24
1953,13172,2025-02-09,Completed,2025-04-04
1954,13183,2025-05-11,Completed,2025-07-11
1955,13190,2025-10-22,Withdrawn,2025-11-24
1956,13204,2025-08-25,Completed,2025-10-21
1957,13234,2025-10-14,Completed,2025-12-06
1958,13242,2025-06-16,Completed,2025-08-15
1959,13248,2025-10-19,Completed,2025-12-09
1960,13254,2025-10-12,Completed,2025-12-09
1961,13256,2025-06-17,Completed,2025-08-12
1962,13258,2025-05-16,Completed,2025-07-12
1963,13263,2025-10-27,Withdrawn,2025-12-01
1964,13265,2025-10-09,Completed,2025-12-07
1965,13271,2025-09-14,Withdrawn,2025-10-07
1966,13277,2025-09-12,Completed,2025-11-03
1967,13280,2025-09-21,Completed,2025-11-11
1968,13302,2025-08-21,Completed,2025-10-18
1969,13308,2025-10-25,Completed,2025-12-19
1970,13318,2025-10-15,Completed,2025-12-09
1971,13325,2025-06-13,Completed,2025-08-12
1972,13335,2025-04-19,Completed,2025-06-15
1973,13346,2025-10-29,Withdrawn,2025-11-28
1974,13353,2025-10-17,Withdrawn,2025-11-03
1975,13359,2025-10-15,Completed,2025-12-09
1976,13376,2025-10-11,Completed,2025-12-12
1977,13377,2025-06-16,Withdrawn,2025-07-06
1978,13389,2025-10-13,Completed,2025-12-09
1979,13395,2025-10-27,Completed,2025-12-19
1980,13397,2025-09-15,Completed,2025-11-04
1981,13398,2025-10-23,Completed,2025-12-20
1982,13400,2025-10-09,Completed,2025-12-04
1983,13417,2025-09-13,Completed,2025-11-09
1984,13421,2025-10-13,Completed,2025-12-08
1985,13425,2025-10-09,Completed,2025-12-07
1986,13426,2025-11-01,Completed,2025-12-22
1987,13434,2025-09-12,Completed,2025-11-06
1988,13439,2025-10-14,Completed,2025-12-09
1989,13448,2025-06-17,Withdrawn,2025-07-17
1990,13456,2025-09-15,Completed,2025-11-06
1991,13457,2025-10-26,Completed,2025-12-24
1992,13472,2025-05-20,Withdrawn,2025-06-21
1993,13479,2025-10-15,Completed,2025-12-13
1994,13489,2025-09-09,Withdrawn,2025-09-21
1995,13509,2025-10-13,Completed,2025-12-13
1996,13513,2025-10-12,Completed,2025-12-10
1997,13520,2025-09-09,Completed,2025-11-03
1998,13533,2025-09-15,Completed,2025-11-03
1999,13540,2025-09-15,Completed,2025-11-13
2000,13547,2025-09-13,Completed,2025-11-06
2001,13548,2025-10-16,Completed,2025-12-11
2002,13553,2025-09-14,Completed,2025-11-04
2003,13563,2025-04-21,Withdrawn,2025-04-26
2004,13570,2025-09-17,Completed,2025-11-09
2005,13578,2025-09-14,Completed,2025-11-12
2006,13582,2025-06-13,Completed,2025-08-08
2007,13587,2025-06-20,Completed,2025-08-12
2008,13596,2025-09-24,Completed,2025-11-11
2009,13607,2025-09-08,Completed,2025-11-03
2010,13613,2025-09-18,Completed,2025-11-09
2011,13614,2025-10-24,Completed,2025-12-20
2012,13615,2025-10-17,Withdrawn,2025-11-04
2013,13634,2025-10-19,Completed,2025-12-12
2014,13636,2025-10-16,Completed,2025-12-12
2015,13637,2025-09-19,Completed,2025-11-07
2016,13645,2025-09-10,Completed,2025-11-08
2017,13648,2025-06-14,Completed,2025-08-08
2018,13649,2025-06-11,Completed,2025-08-05
2019,13656,2025-08-25,Completed,2025-10-22
2020,13665,2025-09-13,Completed,2025-11-05
2021,13673,2025-09-11,Completed,2025-11-10
2022,13685,2025-09-22,Completed,2025-11-15
2023,13691,2025-10-14,Completed,2025-12-13
2024,13696,2025-06-20,Completed,2025-08-13
2025,13702,2025-10-15,Completed,2025-12-09
2026,13703,2025-06-16,Withdrawn,2025-07-05
2027,13709,2025-10-30,Completed,2025-12-19
2028,13725,2025-09-12,Completed,2025-11-09
2029,13726,2025-11-01,Completed,2025-12-19
2030,13727,2025-10-31,Completed,2025-12-22
2031,13730,2025-09-13,Completed,2025-11-07
2032,13738,2025-06-16,Completed,2025-08-06
2033,13755,2025-09-16,Completed,2025-11-11
2034,13759,2025-09-19,Completed,2025-11-10
2035,13770,2025-10-28,Completed,2025-12-23
2036,13774,2025-04-27,Completed,2025-06-13
2037,13787,2025-06-07,Completed,2025-08-03
2038,13794,2025-04-24,Completed,2025-06-13
2039,13799,2025-06-19,Completed,2025-08-11
2040,13806,2025-08-20,Completed,2025-10-18
2041,13807,2025-09-05,Completed,2025-11-01
2042,13816,2025-10-20,Withdrawn,2025-11-01
2043,13818,2025-10-13,Completed,2025-12-12
2044,13821,2025-09-06,Completed,2025-11-04
2045,13826,2025-10-22,Completed,2025-12-10
2046,13827,2025-10-22,Completed,2025-12-12
2047,13831,2025-09-20,Completed,2025-11-14
2048,13836,2025-10-08,Withdrawn,2025-10-22
2049,13839,2025-09-13,Completed,2025-11-06
2050,13850,2025-10-15,Completed,2025-12-04
2051,13853,2025-09-21,Completed,2025-11-14
2052,13861,2025-10-30,Completed,2025-12-24
2053,13875,2025-10-13,Completed,2025-12-13
2054,13900,2025-10-16,Completed,2025-12-13
2055,13901,2025-10-13,Completed,2025-12-08
2056,13914,2025-04-24,Completed,2025-06-14
2057,13918,2025-08-26,Completed,2025-10-21
2058,13922,2025-10-31,Completed,2025-12-24
2059,13952,2025-10-10,Completed,2025-12-07
2060,13953,2025-10-09,Completed,2025-12-07
2061,13969,2025-06-20,Completed,2025-08-11
2062,13970,2025-09-15,Completed,2025-11-14
2063,13971,2025-09-11,Completed,2025-11-06
2064,13978,2025-09-14,Completed,2025-11-05
2065,13982,2025-04-25,Completed,2025-06-17
2066,13988,2025-10-18,Completed,2025-12-12
2067,14004,2025-09-05,Completed,2025-11-01
2068,14005,2025-09-09,Completed,2025-11-02
2069,14012,2025-09-13,Completed,2025-11-07
2070,14028,2025-05-12,Completed,2025-07-12
2071,14029,2025-09-10,Completed,2025-11-07
2072,14034,2025-10-29,Completed,2025-12-22
2073,14035,2025-03-01,Completed,2025-04-21
2074,14048,2025-04-30,Completed,2025-06-21
2075,14051,2025-10-30,Completed,2025-12-20
2076,14058,2025-05-20,Completed,2025-07-09
2077,14059,2025-09-13,Completed,2025-11-11
2078,14071,2025-10-19,Completed,2025-12-11
2079,14080,2025-09-17,Completed,2025-11-09
2080,14095,2025-09-13,Completed,2025-11-15
2081,14096,2025-06-16,Completed,2025-08-13
2082,14105,2025-09-20,Completed,2025-11-10
2083,14113,2025-09-08,Completed,2025-11-03
2084,14119,2025-10-13,Completed,2025-12-09
2085,14126,2025-10-17,Completed,2025-12-09
2086,14127,2025-09-19,Completed,2025-11-13
2087,14130,2025-09-23,Completed,2025-11-15
2088,14137,2025-08-25,Withdrawn,2025-09-24
2089,14139,2025-02-04,Completed,2025-04-01
2090,14140,2025-09-19,Completed,2025-11-13
2091,14145,2025-10-17,Completed,2025-12-06
2092,14146,2025-09-11,Completed,2025-11-07
2093,14148,2025-06-13,Completed,2025-08-13
2094,14156,2025-09-10,Completed,2025-11-10
2095,14158,2025-09-12,Completed,2025-11-06
2096,14167,2025-08-21,Withdrawn,2025-09-10
2097,14171,2025-06-20,Completed,2025-08-11
2098,14183,2025-10-28,Completed,2025-12-20
2099,14185,2025-09-15,Completed,2025-11-12
2100,14194,2025-03-20,Completed,2025-05-14
2101,14196,2025-10-24,Completed,2025-12-24
2102,14201,2025-10-20,Completed,2025-12-09
2103,14203,2025-11-02,Completed,2025-12-24
2104,14204,2025-06-08,Completed,2025-08-06
2105,14206,2025-06-20,Withdrawn,2025-06-29
2106,14210,2025-04-20,Completed,2025-06-18
2107,14213,2025-10-31,Completed,2025-12-21
2108,14214,2025-10-19,Completed,2025-12-09
2109,14216,2025-09-07,Completed,2025-11-08
2110,14217,2025-05-15,Completed,2025-07-07
2111,14222,2025-10-20,Completed,2025-12-13
2112,14234,2025-04-20,Completed,2025-06-13
2113,14237,2025-10-09,Completed,2025-12-08
2114,14240,2025-08-24,Completed,2025-10-22
2115,14247,2025-09-10,Completed,2025-11-09
2116,14252,2025-09-07,Withdrawn,2025-10-12
2117,14255,2025-06-14,Completed,2025-08-11
2118,14263,2025-10-18,Completed,2025-12-11
2119,14266,2025-04-19,Completed,2025-06-16
2120,14310,2025-10-18,Completed,2025-12-09
2121,14311,2025-04-29,Completed,2025-06-19
2122,14320,2025-08-28,Completed,2025-10-18
2123,14345,2025-06-22,Completed,2025-08-12
2124,14372,2025-10-13,Completed,2025-12-08
2125,14378,2025-08-24,Completed,2025-10-21
2126,14380,2025-08-23,Completed,2025-10-19
2127,14382,2025-09-12,Completed,2025-11-07
2128,14388,2025-05-14,Completed,2025-07-07
2129,14403,2025-06-17,Completed,2025-08-11
2130,14411,2025-10-26,Completed,2025-12-24
2131,14413,2025-04-27,Completed,2025-06-19
2132,14420,2025-09-12,Completed,2025-11-05
2133,14425,2025-09-10,Completed,2025-11-08
2134,14426,2025-10-15,Completed,2025-12-12
2135,14430,2025-10-11,Completed,2025-12-09
2136,14442,2025-10-27,Completed,2025-12-22
2137,14446,2025-10-11,Completed,2025-12-09
2138,14456,2025-10-20,Completed,2025-12-08
2139,14459,2025-10-08,Completed,2025-12-09
2140,14470,2025-06-23,Completed,2025-08-11
2141,14477,2025-10-14,Completed,2025-12-12
2142,14485,2025-09-11,Completed,2025-11-03
2143,14489,2025-10-24,Completed,2025-12-22
2144,14490,2025-05-14,Completed,2025-07-12
2145,14495,2025-10-13,Completed,2025-12-12
2146,14498,2025-08-24,Completed,2025-10-19
2147,14512,2025-10-13,Withdrawn,2025-11-06
2148,14514,2025-09-19,Completed,2025-11-11
2149,14529,2025-09-16,Completed,2025-11-07
2150,14531,2025-05-21,Completed,2025-07-11
2151,14537,2025-04-22,Withdrawn,2025-05-26
2152,14541,2025-09-12,Completed,2025-11-01
2153,14546,2025-06-18,Completed,2025-08-12
2154,14561,2025-09-13,Completed,2025-11-07
2155,14564,2025-10-23,Completed,2025-12-23
2156,14577,2025-10-24,Completed,2025-12-23
2157,14578,2025-04-22,Completed,2025-06-17
2158,14596,2025-08-31,Completed,2025-10-20
2159,14598,2025-10-08,Completed,2025-12-04
2160,14599,2025-06-23,Completed,2025-08-14
2161,14600,2025-10-29,Completed,2025-12-20
2162,14604,2025-09-22,Completed,2025-11-10
2163,14605,2025-06-14,Completed,2025-08-08
2164,14610,2025-10-16,Completed,2025-12-07
2165,14612,2025-09-14,Completed,2025-11-10
2166,14621,2025-09-22,Completed,2025-11-14
2167,14652,2025-11-01,Completed,2025-12-22
2168,14653,2025-06-12,Completed,2025-08-10
2169,14657,2025-10-16,Completed,2025-12-09
2170,14663,2025-10-28,Completed,2025-12-21
2171,14667,2025-06-21,Completed,2025-08-11
2172,14668,2025-09-07,Completed,2025-11-03
2173,14669,2025-06-21,Withdrawn,2025-07-19
2174,14670,2025-05-12,Completed,2025-07-08
2175,14672,2025-10-17,Completed,2025-12-06
2176,14674,2025-09-13,Completed,2025-11-06
2177,14675,2025-10-11,Completed,2025-12-09
2178,14702,2025-10-08,Completed,2025-12-04
2179,14707,2025-06-10,Completed,2025-08-08
2180,14716,2025-06-06,Completed,2025-08-06
2181,14727,2025-10-16,Completed,2025-12-05
2182,14740,2025-08-27,Withdrawn,2025-09-30
2183,14751,2025-11-01,Completed,2025-12-19
2184,14783,2025-04-21,Completed,2025-06-13
2185,14786,2025-09-13,Completed,2025-11-06
2186,14800,2025-08-31,Completed,2025-10-22
2187,14801,2025-09-13,Completed,2025-11-05
2188,14803,2025-09-21,Completed,2025-11-14
2189,14804,2025-10-18,Completed,2025-12-06
2190,14805,2025-10-29,Completed,2025-12-19
2191,14809,2025-09-16,Completed,2025-11-11
2192,14819,2025-05-12,Completed,2025-07-11
2193,14830,2025-10-16,Completed,2025-12-08
2194,14832,2025-09-12,Completed,2025-11-01
2195,14833,2025-11-01,Completed,2025-12-19
2196,14861,2025-06-21,Completed,2025-08-10
2197,14878,2025-05-11,Withdrawn,2025-05-25
2198,14881,2025-06-15,Completed,2025-08-12
2199,14888,2025-10-17,Completed,2025-12-07
2200,14898,2025-10-07,Completed,2025-12-06
2201,14900,2025-09-19,Completed,2025-11-11
2202,14903,2025-09-08,Completed,2025-11-02
2203,14920,2025-10-22,Completed,2025-12-23
2204,14929,2025-04-27,Completed,2025-06-17
2205,14933,2025-09-13,Completed,2025-11-15
2206,14940,2025-10-31,Completed,2025-12-19
2207,14951,2025-10-08,Completed,2025-12-05
2208,14954,2025-09-06,Completed,2025-11-05
2209,14965,2025-09-12,Completed,2025-11-02
2210,14966,2025-11-02,Completed,2025-12-19
2211,14971,2025-06-14,Completed,2025-08-08
2212,14972,2025-04-22,Completed,2025-06-13
2213,14979,2025-10-09,Completed,2025-12-08
2214,14997,2025-10-29,Withdrawn,2025-11-09
2215,14999,2025-09-06,Completed,2025-11-08
2216,15005,2025-10-29,Completed,2025-12-20
2217,15007,2025-09-12,Completed,2025-11-02
2218,15012,2025-10-26,Completed,2025-12-22
2219,15023,2025-10-10,Completed,2025-12-07
2220,15026,2025-04-20,Completed,2025-06-21
2221,15038,2025-10-27,Completed,2025-12-23
2222,15041,2025-10-27,Completed,2025-12-23
2223,15048,2025-09-16,Completed,2025-11-03
2224,15050,2025-08-22,Completed,2025-10-22
2225,15056,2025-10-23,Completed,2025-12-24
2226,15057,2025-06-23,Completed,2025-08-14
2227,15061,2025-08-23,Completed,2025-10-19
2228,15063,2025-03-05,Completed,2025-04-22
2229,15070,2025-08-31,Completed,2025-10-17
2230,15071,2025-10-29,Completed,2025-12-20
2231,15089,2025-06-15,Completed,2025-08-08
2232,15091,2025-09-10,Completed,2025-11-10
2233,15097,2025-04-23,Completed,2025-06-17
2234,15099,2025-10-09,Completed,2025-12-06
2235,15104,2025-10-10,Completed,2025-12-04
2236,15108,2025-03-21,Completed,2025-05-13
2237,15117,2025-09-12,Completed,2025-11-06
2238,15137,2025-09-12,Completed,2025-11-07
2239,15140,2025-11-01,Completed,2025-12-23
2240,15143,2025-10-22,Completed,2025-12-24
2241,15145,2025-04-19,Completed,2025-06-15
2242,15155,2025-09-14,Completed,2025-11-10
2243,15160,2025-09-17,Completed,2025-11-13
2244,15177,2025-10-16,Completed,2025-12-06
2245,15183,2025-05-16,Completed,2025-07-10
2246,15184,2025-10-28,Completed,2025-12-21
2247,15196,2025-09-17,Completed,2025-11-10
2248,15208,2025-10-22,Completed,2025-12-22
2249,15212,2025-09-19,Withdrawn,2025-09-26
2250,15214,2025-10-07,Completed,2025-12-07
2251,15215,2025-10-17,Completed,2025-12-06
2252,15223,2025-04-21,Completed,2025-06-14
2253,15231,2025-11-01,Completed,2025-12-22
2254,15234,2025-10-15,Completed,2025-12-04
2255,15236,2025-08-27,Completed,2025-10-21
2256,15238,2025-09-14,Completed,2025-11-14
2257,15241,2025-08-22,Completed,2025-10-22
2258,15242,2025-09-14,Completed,2025-11-10
2259,15244,2025-09-13,Completed,2025-11-07
2260,15248,2025-08-28,Completed,2025-10-20
2261,15251,2025-08-27,Completed,2025-10-18
2262,15263,2025-09-24,Completed,2025-11-15
2263,15270,2025-09-13,Completed,2025-11-06
2264,15271,2025-09-09,Withdrawn,2025-10-07
2265,15275,2025-06-16,Completed,2025-08-10
2266,15278,2025-06-08,Completed,2025-08-07
2267,15279,2025-09-07,Completed,2025-11-08
2268,15292,2025-06-14,Completed,2025-08-10
2269,15301,2025-04-17,Completed,2025-06-14
2270,15317,2025-09-19,Completed,2025-11-15
2271,15319,2025-06-14,Completed,2025-08-03
2272,15325,2025-06-13,Completed,2025-08-10
2273,15339,2025-04-26,Completed,2025-06-18
2274,15355,2025-03-21,Completed,2025-05-13
2275,15370,2025-09-14,Completed,2025-11-02
2276,15373,2025-06-12,Completed,2025-08-04
2277,15374,2025-05-13,Completed,2025-07-09
2278,15379,2025-06-17,Completed,2025-08-08
2279,15383,2025-04-19,Completed,2025-06-15
2280,15387,2025-06-12,Withdrawn,2025-06-30
2281,15415,2025-09-07,Completed,2025-11-04
2282,15423,2025-04-16,Completed,2025-06-18
2283,15426,2025-06-07,Withdrawn,2025-07-01
2284,15428,2025-09-09,Completed,2025-11-11
2285,15437,2025-05-17,Completed,2025-07-09
2286,15453,2025-05-17,Completed,2025-07-09
2287,15455,2025-02-28,Completed,2025-04-25
2288,15458,2025-09-13,Completed,2025-11-09
2289,15463,2025-08-28,Completed,2025-10-18
2290,15464,2025-09-15,Completed,2025-11-08
2291,15472,2025-06-11,Withdrawn,2025-07-12
2292,15482,2025-06-13,Completed,2025-08-08
2293,15486,2025-05-12,Completed,2025-07-07
2294,15496,2025-08-22,Completed,2025-10-21
2295,15498,2025-09-10,Completed,2025-11-11
2296,15499,2025-09-18,Completed,2025-11-15
2297,15506,2025-08-26,Completed,2025-10-20
2298,15538,2025-09-13,Completed,2025-11-06
2299,15544,2025-09-13,Completed,2025-11-14
2300,15553,2025-09-14,Completed,2025-11-11
2301,15563,2025-09-14,Completed,2025-11-03
2302,15571,2025-09-17,Completed,2025-11-10
2303,15572,2025-04-24,Completed,2025-06-17
2304,15578,2025-09-19,Completed,2025-11-10
2305,15603,2025-09-20,Completed,2025-11-08
2306,15606,2025-09-13,Completed,2025-11-13
2307,15609,2025-06-06,Completed,2025-08-08
2308,15616,2025-06-21,Completed,2025-08-13
2309,15619,2025-08-21,Completed,2025-10-18
2310,15623,2025-09-10,Completed,2025-11-03
2311,15624,2025-08-29,Completed,2025-10-18
2312,15635,2025-09-06,Completed,2025-11-03
2313,15640,2025-09-19,Completed,2025-11-10
2314,15642,2025-08-27,Completed,2025-10-22
2315,15652,2025-09-12,Completed,2025-11-02
2316,15655,2025-09-11,Completed,2025-11-09
2317,15656,2025-09-18,Completed,2025-11-14
2318,15669,2025-06-14,Completed,2025-08-04
2319,15684,2025-09-17,Completed,2025-11-08
2320,15685,2025-09-11,Completed,2025-11-06
2321,15690,2025-09-19,Completed,2025-11-08
2322,15691,2025-06-17,Completed,2025-08-09
2323,15701,2025-09-20,Completed,2025-11-06
2324,15712,2025-09-14,Withdrawn,2025-09-25
2325,15738,2025-09-07,Completed,2025-11-08
2326,15740,2025-09-09,Completed,2025-11-05
2327,15742,2025-09-09,Completed,2025-11-07
2328,15747,2025-06-15,Completed,2025-08-13
2329,15749,2025-09-23,Completed,2025-11-12
2330,15754,2025-02-28,Completed,2025-04-22
2331,15769,2025-09-12,Completed,2025-11-07
2332,15777,2025-06-07,Completed,2025-08-06
2333,15787,2025-08-28,Completed,2025-10-19
2334,15792,2025-06-18,Completed,2025-08-09
2335,15813,2025-09-16,Completed,2025-11-11
2336,15818,2025-09-12,Completed,2025-11-06
2337,15836,2025-09-10,Completed,2025-11-03
2338,15838,2025-04-20,Completed,2025-06-18
2339,15852,2025-06-13,Completed,2025-08-11
2340,15861,2025-08-29,Completed,2025-10-17
2341,15862,2025-06-18,Completed,2025-08-10
2342,15867,2025-09-08,Completed,2025-11-03
2343,15875,2025-09-16,Completed,2025-11-06
2344,15893,2025-06-21,Completed,2025-08-13
2345,15898,2025-09-13,Completed,2025-11-14
2346,15902,2025-09-14,Completed,2025-11-14
2347,15909,2025-06-22,Completed,2025-08-10
2348,15915,2025-06-14,Completed,2025-08-14
2349,15919,2025-08-22,Completed,2025-10-22
2350,15923,2025-08-22,Completed,2025-10-20
2351,15933,2025-08-30,Completed,2025-10-20
2352,15939,2025-06-12,Completed,2025-08-03
2353,15950,2025-06-20,Completed,2025-08-10
2354,15951,2025-03-17,Completed,2025-05-11
2355,15966,2025-09-09,Completed,2025-11-04
2356,15969,2025-09-13,Completed,2025-11-08
2357,15970,2025-02-06,Completed,2025-04-02
2358,15978,2025-03-23,Completed,2025-05-13
2359,15987,2025-08-30,Completed,2025-10-19
2360,15998,2025-08-25,Completed,2025-10-17
2361,16000,2025-06-19,Completed,2025-08-11
2362,16012,2026-05-30,Completed,2026-07-22
2363,16019,2026-07-23,Ongoing,
2364,16026,2026-04-18,Completed,2026-06-12
2365,16034,2026-05-10,Completed,2026-07-06
2366,16040,2026-05-21,Completed,2026-07-18
2367,16044,2026-06-16,Ongoing,
2368,16053,2026-03-23,Completed,2026-05-12
2369,16062,2026-05-13,Completed,2026-07-03
2370,16076,2026-05-30,Completed,2026-07-20
2371,16079,2026-05-06,Completed,2026-07-05
2372,16089,2026-07-14,Ongoing,
2373,16091,2026-06-24,Ongoing,
2374,16100,2026-06-28,Ongoing,
2375,16106,2026-05-29,Completed,2026-07-21
2376,16108,2026-06-24,Ongoing,
2377,16111,2026-07-01,Ongoing,
2378,16113,2026-08-01,Ongoing,
2379,16116,2026-05-27,Completed,2026-07-23
2380,16141,2026-05-26,Completed,2026-07-23
2381,16150,2026-05-12,Completed,2026-07-06
2382,16152,2026-06-22,Withdrawn,2026-07-03
2383,16176,2026-05-10,Completed,2026-07-07
2384,16189,2026-06-16,Ongoing,
2385,16196,2026-06-16,Withdrawn,2026-06-22
2386,16197,2026-07-27,Ongoing,
2387,16212,2026-07-29,Ongoing,
2388,16214,2026-06-07,Ongoing,
2389,16215,2026-06-18,Ongoing,
2390,16216,2026-05-23,Completed,2026-07-22
2391,16228,2026-07-29,Ongoing,
2392,16245,2026-08-01,Ongoing,
2393,16257,2026-06-20,Ongoing,
2394,16260,2026-07-10,Ongoing,
2395,16274,2026-06-18,Ongoing,
2396,16286,2026-02-25,Completed,2026-04-18
2397,16291,2026-07-10,Ongoing,
2398,16293,2026-06-03,Completed,2026-07-23
2399,16296,2026-05-31,Completed,2026-07-21
2400,16306,2026-07-30,Ongoing,
2401,16307,2026-06-13,Ongoing,
2402,16313,2026-05-27,Completed,2026-07-24
2403,16329,2026-03-04,Completed,2026-04-21
2404,16340,2026-06-02,Completed,2026-07-22
2405,16352,2026-07-10,Ongoing,
2406,16354,2026-07-17,Ongoing,
2407,16362,2026-07-16,Ongoing,
2408,16363,2026-07-28,Ongoing,
2409,16373,2026-02-13,Completed,2026-04-10
2410,16381,2026-05-21,Completed,2026-07-21
2411,16383,2026-07-28,Ongoing,
2412,16391,2026-07-02,Ongoing,
2413,16393,2026-05-26,Completed,2026-07-21
2414,16396,2026-07-01,Ongoing,
2415,16397,2026-06-27,Ongoing,
2416,16419,2026-05-28,Completed,2026-07-23
2417,16420,2026-06-17,Ongoing,
2418,16421,2026-06-10,Ongoing,
2419,16422,2026-06-09,Ongoing,
2420,16424,2026-05-23,Completed,2026-07-23
2421,16425,2026-06-21,Ongoing,
2422,16427,2026-05-23,Completed,2026-07-23
2423,16430,2026-06-16,Ongoing,
2424,16438,2026-06-16,Ongoing,
2425,16443,2026-07-02,Ongoing,
2426,16449,2026-06-12,Ongoing,
2427,16450,2026-05-31,Completed,2026-07-18
2428,16461,2026-06-20,Ongoing,
2429,16462,2026-06-26,Ongoing,
2430,16463,2026-06-24,Ongoing,
2431,16487,2026-03-17,Completed,2026-05-14
2432,16490,2026-06-18,Ongoing,
2433,16491,2026-07-19,Ongoing,
2434,16492,2026-06-19,Ongoing,
2435,16501,2026-05-31,Completed,2026-07-23
2436,16502,2026-07-13,Ongoing,
2437,16507,2026-08-01,Ongoing,
2438,16528,2026-05-11,Completed,2026-07-06
2439,16538,2026-05-30,Completed,2026-07-22
2440,16542,2026-06-27,Ongoing,
2441,16551,2026-08-01,Ongoing,
2442,16552,2026-06-30,Ongoing,
2443,16559,2026-05-30,Completed,2026-07-19
2444,16571,2026-06-21,Ongoing,
2445,16572,2026-05-29,Completed,2026-07-24
2446,16575,2026-04-21,Completed,2026-06-13
2447,16591,2026-05-11,Completed,2026-07-05
2448,16609,2026-06-30,Ongoing,
2449,16610,2026-05-28,Withdrawn,2026-06-07
2450,16612,2026-05-22,Withdrawn,2026-06-18
2451,16617,2026-07-17,Ongoing,
2452,16625,2026-06-16,Withdrawn,2026-06-26
2453,16634,2026-05-05,Completed,2026-07-03
2454,16635,2026-06-28,Ongoing,
2455,16651,2026-06-02,Completed,2026-07-23
2456,16666,2026-07-17,Ongoing,
2457,16681,2026-05-28,Completed,2026-07-20
2458,16684,2026-06-27,Ongoing,
2459,16695,2026-07-02,Ongoing,
2460,16701,2026-05-29,Completed,2026-07-20
2461,16702,2026-06-01,Completed,2026-07-21
2462,16704,2026-06-11,Withdrawn,2026-07-12
2463,16711,2026-06-06,Ongoing,
2464,16712,2026-06-20,Ongoing,
2465,16716,2026-04-12,Completed,2026-06-07
2466,16724,2026-05-28,Completed,2026-07-21
2467,16734,2026-04-19,Completed,2026-06-06
2468,16744,2026-06-07,Ongoing,
2469,16747,2026-07-17,Ongoing,
2470,16752,2026-05-09,Completed,2026-07-07
2471,16756,2026-04-18,Completed,2026-06-13
2472,16762,2026-02-18,Completed,2026-04-06
2473,16775,2026-06-18,Ongoing,
2474,16776,2026-07-30,Ongoing,
2475,16784,2026-06-12,Ongoing,
2476,16789,2026-06-19,Ongoing,
2477,16802,2026-07-24,Ongoing,
2478,16813,2026-06-11,Ongoing,
2479,16815,2026-05-21,Completed,2026-07-19
2480,16817,2026-05-28,Completed,2026-07-20
2481,16842,2026-06-12,Ongoing,
2482,16845,2026-07-28,Ongoing,
2483,16854,2026-02-18,Completed,2026-04-06
2484,16861,2026-06-28,Withdrawn,2026-07-18
2485,16869,2026-06-21,Ongoing,
2486,16872,2026-06-27,Withdrawn,2026-07-20
2487,16877,2026-03-25,Completed,2026-05-17
2488,16886,2026-06-26,Ongoing,
2489,16898,2026-05-08,Completed,2026-07-06
2490,16901,2026-07-26,Ongoing,
2491,16924,2026-06-26,Ongoing,
2492,16927,2026-06-14,Ongoing,
2493,16929,2026-07-15,Withdrawn,2026-08-01
2494,16930,2026-05-23,Completed,2026-07-18
2495,16951,2026-06-25,Ongoing,
2496,16956,2026-07-13,Ongoing,
2497,16961,2026-03-27,Completed,2026-05-16
2498,16966,2026-05-30,Completed,2026-07-22
2499,16975,2026-04-14,Completed,2026-06-07
2500,16977,2026-06-13,Ongoing,
2501,16987,2026-06-14,Ongoing,
2502,16996,2026-03-14,Completed,2026-05-12
2503,16999,2026-07-24,Ongoing,
2504,17001,2026-06-12,Ongoing,
2505,17003,2026-02-26,Completed,2026-04-22
2506,17008,2026-03-25,Completed,2026-05-15
2507,17042,2026-07-13,Ongoing,
2508,17044,2026-05-25,Completed,2026-07-20
2509,17045,2026-07-27,Ongoing,
2510,17050,2026-05-15,Completed,2026-07-06
2511,17053,2026-07-24,Ongoing,
2512,17059,2026-06-20,Ongoing,
2513,17060,2026-05-28,Completed,2026-07-22
2514,17068,2026-05-15,Completed,2026-07-06
2515,17073,2026-06-30,Ongoing,
2516,17077,2026-03-04,Completed,2026-04-21
2517,17083,2026-06-18,Ongoing,
2518,17086,2026-05-27,Completed,2026-07-20
2519,17088,2026-06-20,Ongoing,
2520,17095,2026-03-18,Completed,2026-05-13
2521,17105,2026-06-11,Ongoing,
2522,17107,2026-04-12,Completed,2026-06-13
2523,17115,2026-06-23,Ongoing,
2524,17136,2026-07-02,Ongoing,
2525,17137,2026-06-30,Ongoing,
2526,17140,2026-06-28,Ongoing,
2527,17149,2026-06-12,Ongoing,
2528,17171,2026-07-15,Ongoing,
2529,17185,2026-05-10,Completed,2026-07-06
2530,17205,2026-05-07,Completed,2026-07-06
2531,17217,2026-04-12,Completed,2026-06-12
2532,17218,2026-05-16,Completed,2026-07-06
2533,17226,2026-05-27,Completed,2026-07-18
2534,17228,2026-04-11,Withdrawn,2026-04-19
2535,17231,2026-03-21,Completed,2026-05-17
2536,17241,2026-02-14,Withdrawn,2026-03-17
2537,17245,2026-07-26,Ongoing,
2538,17246,2026-06-15,Ongoing,
2539,17247,2026-05-31,Completed,2026-07-21
2540,17261,2026-08-01,Ongoing,
2541,17271,2026-06-26,Ongoing,
2542,17279,2026-05-13,Completed,2026-07-07
2543,17292,2026-06-20,Ongoing,
2544,17298,2026-07-27,Withdrawn,2026-08-01
2545,17300,2026-05-05,Completed,2026-07-04
2546,17307,2026-02-15,Completed,2026-04-08
2547,17320,2026-06-23,Withdrawn,2026-07-07
2548,17329,2026-04-01,Completed,2026-05-18
2549,17348,2026-07-02,Withdrawn,2026-07-27
2550,17365,2026-04-13,Withdrawn,2026-05-01
2551,17373,2026-05-25,Completed,2026-07-24
2552,17375,2026-03-18,Completed,2026-05-15
2553,17379,2026-06-20,Ongoing,
2554,17386,2026-05-23,Completed,2026-07-21
2555,17389,2026-07-17,Ongoing,
2556,17392,2026-07-13,Ongoing,
2557,17396,2026-06-23,Withdrawn,2026-07-15
2558,17398,2026-05-30,Withdrawn,2026-06-23
2559,17402,2026-03-22,Completed,2026-05-19
2560,17403,2026-06-15,Ongoing,
2561,17411,2026-03-24,Completed,2026-05-14
2562,17416,2026-06-22,Ongoing,
2563,17417,2026-06-09,Ongoing,
2564,17427,2026-06-05,Ongoing,
2565,17440,2026-06-01,Completed,2026-07-22
2566,17465,2026-06-23,Ongoing,
2567,17476,2026-06-20,Ongoing,
2568,17482,2026-07-09,Ongoing,
2569,17485,2026-06-24,Ongoing,
2570,17492,2026-06-27,Ongoing,
2571,17497,2026-07-25,Ongoing,
2572,17502,2026-07-26,Ongoing,
2573,17517,2026-07-02,Ongoing,
2574,17524,2026-05-27,Completed,2026-07-20
2575,17527,2026-03-19,Completed,2026-05-10
2576,17530,2026-06-19,Ongoing,
2577,17531,2026-06-28,Ongoing,
2578,17539,2026-06-18,Ongoing,
2579,17560,2026-05-16,Completed,2026-07-05
2580,17571,2026-02-13,Completed,2026-04-09
2581,17575,2026-07-13,Ongoing,
2582,17576,2026-06-25,Ongoing,
2583,17578,2026-06-15,Ongoing,
2584,17584,2026-07-26,Ongoing,
2585,17587,2026-06-11,Ongoing,
2586,17589,2026-08-01,Ongoing,
2587,17592,2026-07-12,Ongoing,
2588,17601,2026-06-27,Ongoing,
2589,17602,2026-06-19,Ongoing,
2590,17604,2026-04-16,Completed,2026-06-11
2591,17622,2026-05-26,Completed,2026-07-21
2592,17629,2026-06-03,Completed,2026-07-21
2593,17630,2026-07-11,Ongoing,
2594,17638,2026-05-24,Completed,2026-07-21
2595,17641,2026-05-15,Completed,2026-07-07
2596,17654,2026-06-07,Ongoing,
2597,17657,2026-04-20,Completed,2026-06-09
2598,17662,2026-06-25,Ongoing,
2599,17669,2026-06-07,Ongoing,
2600,17687,2026-06-14,Ongoing,
2601,17693,2026-06-19,Ongoing,
2602,17697,2026-03-22,Completed,2026-05-11
2603,17704,2026-07-29,Ongoing,
2604,17712,2026-06-21,Ongoing,
2605,17715,2026-06-20,Ongoing,
2606,17736,2026-05-09,Completed,2026-07-03
2607,17765,2026-06-26,Ongoing,
2608,17771,2026-03-24,Completed,2026-05-21
2609,17780,2026-06-06,Withdrawn,2026-06-23
2610,17814,2026-04-16,Completed,2026-06-12
2611,17835,2026-05-11,Completed,2026-07-05
2612,17850,2026-05-24,Completed,2026-07-22
2613,17866,2026-06-01,Completed,2026-07-21
2614,17868,2026-06-18,Ongoing,
2615,17873,2026-07-31,Ongoing,
2616,17901,2026-03-24,Completed,2026-05-21
2617,17903,2026-07-25,Ongoing,
2618,17906,2026-06-17,Ongoing,
2619,17909,2026-07-29,Ongoing,
2620,17912,2026-06-13,Ongoing,
2621,17913,2026-06-19,Ongoing,
2622,17915,2026-06-21,Ongoing,
2623,17918,2026-06-22,Ongoing,
2624,17919,2026-06-17,Ongoing,
2625,17928,2026-06-24,Ongoing,
2626,17933,2026-07-03,Ongoing,
2627,17937,2026-06-15,Ongoing,
2628,17946,2026-06-20,Ongoing,
2629,17950,2026-07-27,Ongoing,
2630,17951,2026-06-01,Completed,2026-07-25
2631,17957,2026-03-29,Completed,2026-05-19
2632,17959,2026-06-03,Completed,2026-07-25
2633,17966,2026-06-18,Ongoing,
2634,17981,2026-06-21,Ongoing,
2635,18006,2026-06-12,Ongoing,
2636,18007,2026-05-29,Completed,2026-07-25
2637,18012,2026-06-17,Ongoing,
2638,18016,2026-06-19,Ongoing,
2639,18027,2026-04-13,Completed,2026-06-08
2640,18028,2026-05-29,Completed,2026-07-20
2641,18030,2026-04-11,Completed,2026-06-09
2642,18035,2026-08-01,Ongoing,
2643,18039,2026-06-12,Ongoing,
2644,18040,2026-06-11,Withdrawn,2026-07-06
2645,18042,2026-06-20,Ongoing,
2646,18048,2026-06-29,Ongoing,
2647,18060,2026-07-29,Ongoing,
2648,18066,2026-05-31,Completed,2026-07-20
2649,18070,2026-05-28,Completed,2026-07-25
2650,18072,2026-06-01,Completed,2026-07-21
2651,18076,2026-03-24,Completed,2026-05-21
2652,18079,2026-06-21,Ongoing,
2653,18085,2026-03-28,Completed,2026-05-18
2654,18087,2026-06-20,Ongoing,
2655,18100,2026-02-09,Completed,2026-04-08
2656,18102,2026-04-15,Completed,2026-06-06
2657,18111,2026-05-20,Completed,2026-07-22
2658,18112,2026-07-26,Ongoing,
2659,18115,2026-07-11,Ongoing,
2660,18125,2026-05-27,Completed,2026-07-20
2661,18129,2026-06-01,Completed,2026-07-21
2662,18140,2026-05-25,Completed,2026-07-23
2663,18143,2026-05-28,Completed,2026-07-23
2664,18147,2026-07-31,Ongoing,
2665,18152,2026-03-30,Completed,2026-05-18
2666,18164,2026-06-10,Ongoing,
2667,18172,2026-06-19,Ongoing,
2668,18184,2026-04-16,Completed,2026-06-11
2669,18185,2026-07-08,Ongoing,
2670,18190,2026-05-24,Completed,2026-07-21
2671,18199,2026-02-12,Completed,2026-04-09
2672,18200,2026-06-25,Ongoing,
2673,18206,2026-05-27,Withdrawn,2026-06-28
2674,18208,2026-05-28,Completed,2026-07-20
2675,18209,2026-07-08,Ongoing,
2676,18212,2026-06-22,Ongoing,
2677,18213,2026-06-18,Ongoing,
2678,18226,2026-07-02,Ongoing,
2679,18228,2026-04-12,Completed,2026-06-09
2680,18230,2026-02-27,Completed,2026-04-20
2681,18236,2026-05-26,Completed,2026-07-21
2682,18243,2026-07-10,Ongoing,
2683,18247,2026-06-14,Ongoing,
2684,18248,2026-05-21,Completed,2026-07-22
2685,18250,2026-06-03,Completed,2026-07-22
2686,18258,2026-04-20,Completed,2026-06-10
2687,18260,2026-05-24,Completed,2026-07-20
2688,18262,2026-07-30,Ongoing,
2689,18263,2026-05-23,Completed,2026-07-21
2690,18272,2026-06-21,Ongoing,
2691,18279,2026-06-29,Ongoing,
2692,18283,2026-03-13,Completed,2026-05-11
2693,18300,2026-06-12,Ongoing,
2694,18311,2026-05-06,Completed,2026-07-04
2695,18313,2026-07-27,Ongoing,
2696,18339,2026-03-27,Completed,2026-05-18
2697,18344,2026-06-25,Ongoing,
2698,18345,2026-07-23,Ongoing,
2699,18356,2026-06-17,Ongoing,
2700,18357,2026-03-21,Completed,2026-05-12
2701,18368,2026-05-07,Completed,2026-07-02
2702,18372,2026-02-17,Completed,2026-04-09
2703,18375,2026-06-14,Ongoing,
2704,18379,2026-06-10,Ongoing,
2705,18383,2026-04-01,Completed,2026-05-20
2706,18390,2026-07-30,Ongoing,
2707,18408,2026-03-01,Completed,2026-04-18
2708,18418,2026-04-21,Completed,2026-06-12
2709,18419,2026-05-28,Completed,2026-07-21
2710,18438,2026-04-18,Withdrawn,2026-05-20
2711,18442,2026-06-26,Ongoing,
2712,18453,2026-07-02,Ongoing,
2713,18457,2026-07-25,Withdrawn,2026-08-01
2714,18464,2026-03-28,Completed,2026-05-18
2715,18470,2026-06-20,Withdrawn,2026-06-28
2716,18490,2026-04-11,Completed,2026-06-10
2717,18507,2026-07-02,Ongoing,
2718,18509,2026-05-07,Completed,2026-07-07
2719,18516,2026-05-24,Completed,2026-07-25
2720,18527,2026-06-25,Ongoing,
2721,18530,2026-04-17,Completed,2026-06-06
2722,18535,2026-03-21,Completed,2026-05-14
2723,18542,2026-06-10,Ongoing,
2724,18562,2026-06-12,Ongoing,
2725,18566,2026-07-24,Ongoing,
2726,18567,2026-02-18,Completed,2026-04-05
2727,18571,2026-07-12,Ongoing,
2728,18591,2026-06-15,Ongoing,
2729,18594,2026-06-09,Ongoing,
2730,18609,2026-06-19,Ongoing,
2731,18612,2026-06-17,Ongoing,
2732,18627,2026-05-30,Completed,2026-07-24
2733,18628,2026-03-25,Completed,2026-05-18
2734,18633,2026-08-01,Ongoing,
2735,18639,2026-05-29,Completed,2026-07-23
2736,18641,2026-06-25,Ongoing,
2737,18646,2026-05-25,Withdrawn,2026-06-13
2738,18657,2026-04-15,Completed,2026-06-07
2739,18666,2026-07-02,Withdrawn,2026-07-22
2740,18670,2026-04-15,Completed,2026-06-12
2741,18673,2026-05-15,Completed,2026-07-03
2742,18675,2026-03-26,Completed,2026-05-20
2743,18676,2026-03-20,Completed,2026-05-12
2744,18678,2026-08-01,Ongoing,
2745,18684,2026-07-10,Withdrawn,2026-08-01
2746,18691,2026-05-25,Withdrawn,2026-06-04
2747,18694,2026-06-20,Ongoing,
2748,18699,2026-06-11,Ongoing,
2749,18710,2026-05-29,Completed,2026-07-19
2750,18715,2026-07-29,Withdrawn,2026-08-01
2751,18720,2026-05-25,Completed,2026-07-23
2752,18724,2026-05-31,Completed,2026-07-21
2753,18745,2026-07-26,Ongoing,
2754,18749,2026-03-26,Completed,2026-05-14
2755,18756,2026-05-27,Completed,2026-07-21
2756,18759,2026-05-28,Completed,2026-07-25
2757,18762,2026-06-25,Ongoing,
2758,18773,2026-06-11,Withdrawn,2026-06-27
2759,18774,2026-07-26,Ongoing,
2760,18776,2026-02-18,Completed,2026-04-09
2761,18787,2026-04-20,Completed,2026-06-12
2762,18800,2026-06-15,Withdrawn,2026-07-18
2763,18809,2026-02-18,Withdrawn,2026-03-24
2764,18821,2026-05-12,Completed,2026-07-05
2765,18824,2026-06-15,Withdrawn,2026-06-28
2766,18833,2026-02-25,Completed,2026-04-21
2767,18839,2026-06-25,Ongoing,
2768,18840,2026-06-18,Ongoing,
2769,18843,2026-06-22,Ongoing,
2770,18846,2026-06-19,Ongoing,
2771,18853,2026-07-27,Ongoing,
2772,18866,2026-04-09,Completed,2026-06-08
2773,18869,2026-06-13,Ongoing,
2774,18878,2026-02-17,Completed,2026-04-09
2775,18889,2026-06-27,Ongoing,
2776,18907,2026-07-25,Ongoing,
2777,18912,2026-05-27,Withdrawn,2026-06-28
2778,18924,2026-01-09,Completed,2026-03-07
2779,18930,2026-07-29,Ongoing,
2780,18934,2026-06-24,Ongoing,
2781,18939,2026-06-21,Ongoing,
2782,18949,2026-06-12,Ongoing,
2783,18952,2026-05-24,Completed,2026-07-18
2784,18957,2026-06-27,Ongoing,
2785,18977,2026-03-28,Completed,2026-05-19
2786,18997,2026-03-20,Completed,2026-05-18
2787,18998,2026-05-06,Completed,2026-07-07
2788,19002,2026-07-10,Ongoing,
2789,19012,2026-05-14,Withdrawn,2026-06-10
2790,19014,2026-06-06,Ongoing,
2791,19029,2026-04-22,Completed,2026-06-08
2792,19030,2026-06-01,Completed,2026-07-25
2793,19033,2026-07-19,Ongoing,
2794,19047,2026-05-30,Completed,2026-07-24
2795,19050,2026-06-20,Ongoing,
2796,19056,2026-05-10,Completed,2026-07-06
2797,19057,2026-05-26,Completed,2026-07-21
2798,19058,2026-06-18,Ongoing,
2799,19062,2026-05-29,Completed,2026-07-24
2800,19065,2026-06-30,Withdrawn,2026-08-01
2801,19070,2026-07-23,Ongoing,
2802,19079,2026-03-29,Completed,2026-05-22
2803,19086,2026-06-25,Ongoing,
2804,19088,2026-05-24,Completed,2026-07-19
2805,19103,2026-05-27,Completed,2026-07-24
2806,19104,2026-06-02,Completed,2026-07-23
2807,19120,2026-05-25,Completed,2026-07-21
2808,19123,2026-02-08,Withdrawn,2026-02-17
2809,19131,2026-05-20,Completed,2026-07-19
2810,19133,2026-05-10,Completed,2026-07-04
2811,19146,2026-05-22,Completed,2026-07-19
2812,19147,2026-06-25,Ongoing,
2813,19148,2026-03-18,Completed,2026-05-17
2814,19150,2026-04-20,Completed,2026-06-10
2815,19158,2026-07-24,Ongoing,
2816,19182,2026-05-21,Completed,2026-07-19
2817,19185,2026-04-22,Completed,2026-06-09
2818,19187,2026-07-23,Ongoing,
2819,19208,2026-05-05,Completed,2026-07-07
2820,19211,2026-07-14,Ongoing,
2821,19213,2026-07-13,Ongoing,
2822,19214,2026-05-10,Completed,2026-07-07
2823,19215,2026-03-13,Completed,2026-05-11
2824,19218,2026-07-18,Ongoing,
2825,19224,2026-05-28,Completed,2026-07-18
2826,19228,2026-05-08,Completed,2026-07-05
2827,19230,2026-04-22,Completed,2026-06-11
2828,19241,2026-05-25,Completed,2026-07-21
2829,19244,2026-04-19,Completed,2026-06-09
2830,19245,2026-05-22,Withdrawn,2026-06-05
2831,19249,2026-02-24,Completed,2026-04-23
2832,19251,2026-04-11,Completed,2026-06-08
2833,19257,2026-05-21,Completed,2026-07-17
2834,19265,2026-07-27,Ongoing,
2835,19266,2026-06-17,Ongoing,
2836,19269,2026-06-24,Ongoing,
2837,19273,2026-05-25,Completed,2026-07-22
2838,19276,2026-05-26,Completed,2026-07-20
2839,19280,2026-06-27,Ongoing,
2840,19293,2026-03-17,Completed,2026-05-17
2841,19295,2026-06-18,Ongoing,
2842,19298,2026-05-09,Completed,2026-07-04
2843,19303,2026-05-16,Completed,2026-07-04
2844,19304,2026-07-18,Ongoing,
2845,19309,2026-03-21,Withdrawn,2026-03-31
2846,19313,2026-05-14,Completed,2026-07-05
2847,19332,2026-06-27,Ongoing,
2848,19349,2026-06-22,Ongoing,
2849,19354,2026-06-26,Ongoing,
2850,19356,2026-05-30,Completed,2026-07-21
2851,19368,2026-05-27,Completed,2026-07-17
2852,19370,2026-07-19,Ongoing,
2853,19387,2026-07-18,Ongoing,
2854,19397,2026-06-24,Ongoing,
2855,19415,2026-05-14,Completed,2026-07-06
2856,19420,2026-07-12,Ongoing,
2857,19428,2026-06-01,Completed,2026-07-25
2858,19436,2026-06-11,Ongoing,
2859,19449,2026-02-25,Completed,2026-04-20
2860,19452,2026-06-08,Ongoing,
2861,19462,2026-05-22,Completed,2026-07-21
2862,19467,2026-05-21,Completed,2026-07-17
2863,19471,2026-06-28,Ongoing,
2864,19472,2026-07-25,Withdrawn,2026-08-01
2865,19477,2026-05-25,Withdrawn,2026-06-23
2866,19480,2026-06-23,Ongoing,
2867,19481,2026-06-25,Ongoing,
2868,19493,2026-06-30,Ongoing,
2869,19499,2026-05-15,Completed,2026-07-06
2870,19500,2026-05-28,Withdrawn,2026-06-03
2871,19506,2026-07-24,Ongoing,
2872,19507,2026-05-22,Withdrawn,2026-06-04
2873,19513,2026-06-13,Withdrawn,2026-06-26
2874,19515,2026-06-21,Withdrawn,2026-07-04
2875,19530,2026-06-26,Ongoing,
2876,19545,2026-03-27,Completed,2026-05-16
2877,19553,2026-06-23,Ongoing,
2878,19556,2026-07-02,Ongoing,
2879,19567,2026-05-28,Completed,2026-07-21
2880,19579,2026-06-01,Completed,2026-07-24
2881,19581,2026-06-29,Withdrawn,2026-07-14
2882,19584,2026-06-10,Ongoing,
2883,19585,2026-05-21,Completed,2026-07-21
2884,19588,2026-05-28,Completed,2026-07-20
2885,19598,2026-06-27,Ongoing,
2886,19599,2026-05-10,Completed,2026-07-05
2887,19607,2026-02-27,Completed,2026-04-19
2888,19609,2026-05-06,Completed,2026-07-07
2889,19615,2026-07-23,Ongoing,
2890,19634,2026-06-23,Ongoing,
2891,19643,2026-05-25,Completed,2026-07-20
2892,19648,2026-08-01,Ongoing,
2893,19652,2026-06-24,Ongoing,
2894,19653,2026-07-13,Ongoing,
2895,19656,2026-07-19,Ongoing,
2896,19661,2026-05-27,Completed,2026-07-17
2897,19664,2026-08-01,Ongoing,
2898,19668,2026-02-18,Completed,2026-04-10
2899,19683,2026-05-05,Completed,2026-07-02
2900,19692,2026-07-26,Ongoing,
2901,19694,2026-06-05,Ongoing,
2902,19700,2026-03-20,Completed,2026-05-12
2903,19710,2026-05-06,Completed,2026-07-07
2904,19711,2026-06-30,Ongoing,
2905,19713,2026-05-24,Completed,2026-07-18
2906,19717,2026-08-01,Ongoing,
2907,19730,2026-04-11,Completed,2026-06-06
2908,19734,2026-03-22,Withdrawn,2026-04-09
2909,19746,2026-05-10,Completed,2026-07-06
2910,19749,2026-06-20,Ongoing,
2911,19772,2026-05-30,Completed,2026-07-24
2912,19785,2026-05-30,Completed,2026-07-19
2913,19791,2026-07-30,Ongoing,
2914,19809,2026-07-17,Ongoing,
2915,19813,2026-04-20,Completed,2026-06-09
2916,19825,2026-06-11,Ongoing,
2917,19828,2026-06-23,Withdrawn,2026-06-30
2918,19838,2026-08-01,Ongoing,
2919,19846,2026-05-06,Completed,2026-07-06
2920,19857,2026-05-29,Completed,2026-07-18
2921,19860,2026-05-28,Completed,2026-07-19
2922,19861,2026-05-27,Withdrawn,2026-06-15
2923,19862,2026-05-22,Completed,2026-07-17
2924,19869,2026-07-13,Ongoing,
2925,19871,2026-07-09,Ongoing,
2926,19879,2026-05-29,Completed,2026-07-22
2927,19922,2026-05-20,Completed,2026-07-21
2928,19931,2026-07-29,Ongoing,
2929,19932,2026-02-23,Completed,2026-04-18
2930,19937,2026-03-24,Withdrawn,2026-04-01
2931,19941,2026-05-25,Completed,2026-07-18
2932,19951,2026-06-09,Ongoing,
2933,19967,2026-05-24,Completed,2026-07-22
2934,19973,2026-03-01,Completed,2026-04-22
2935,19992,2026-06-25,Ongoing,
2936,20006,2026-05-23,Completed,2026-07-20
2937,20017,2026-07-27,Ongoing,
2938,20018,2026-04-11,Completed,2026-06-11
2939,20021,2026-06-10,Ongoing,
2940,20025,2026-06-23,Ongoing,
2941,20026,2026-04-01,Completed,2026-05-18
2942,20028,2026-07-31,Ongoing,
2943,20037,2026-02-09,Completed,2026-04-07
2944,20049,2026-07-14,Ongoing,
2945,20053,2026-05-21,Completed,2026-07-21
2946,20065,2026-04-20,Completed,2026-06-06
2947,20067,2026-06-24,Ongoing,
2948,20076,2026-03-28,Completed,2026-05-20
2949,20079,2026-03-20,Completed,2026-05-10
2950,20085,2026-05-23,Completed,2026-07-20
2951,20097,2026-08-01,Withdrawn,2026-08-01
2952,20098,2026-04-13,Completed,2026-06-10
2953,20108,2026-05-06,Completed,2026-07-04
2954,20114,2026-03-27,Completed,2026-05-19
2955,20117,2026-05-11,Completed,2026-07-02
2956,20118,2026-07-26,Ongoing,
2957,20121,2026-02-26,Completed,2026-04-22
2958,20124,2026-07-19,Ongoing,
2959,20125,2026-07-15,Ongoing,
2960,20127,2026-07-14,Ongoing,
2961,20142,2026-05-20,Completed,2026-07-17
2962,20151,2026-07-23,Ongoing,
2963,20158,2026-06-06,Ongoing,
2964,20160,2026-07-27,Ongoing,
2965,20161,2026-04-21,Completed,2026-06-11
2966,20165,2026-06-24,Ongoing,
2967,20166,2026-07-28,Ongoing,
2968,20171,2026-07-29,Ongoing,
2969,20174,2026-04-22,Withdrawn,2026-05-20
2970,20175,2026-03-24,Completed,2026-05-19
2971,20178,2026-05-23,Completed,2026-07-23
2972,20179,2026-03-27,Withdrawn,2026-04-10
2973,20192,2026-06-03,Completed,2026-07-21
2974,20202,2026-03-24,Completed,2026-05-17
2975,20209,2026-06-22,Ongoing,
2976,20215,2026-04-19,Completed,2026-06-08
2977,20216,2026-06-22,Ongoing,
2978,20231,2026-06-03,Completed,2026-07-22
2979,20234,2026-05-09,Completed,2026-07-05
2980,20235,2026-03-17,Completed,2026-05-16
2981,20256,2026-05-28,Completed,2026-07-21
2982,20257,2026-04-20,Completed,2026-06-08
2983,20268,2026-06-03,Withdrawn,2026-06-15
2984,20271,2026-03-20,Completed,2026-05-13
2985,20272,2026-05-27,Completed,2026-07-17
2986,20319,2026-07-18,Ongoing,
2987,20362,2026-03-31,Completed,2026-05-22
2988,20375,2026-03-16,Completed,2026-05-11
2989,20378,2026-05-07,Completed,2026-07-07
2990,20380,2026-07-02,Ongoing,
2991,20387,2026-05-16,Completed,2026-07-04
2992,20388,2026-05-30,Completed,2026-07-21
2993,20390,2026-07-12,Ongoing,
2994,20394,2026-06-29,Ongoing,
2995,20406,2026-05-21,Completed,2026-07-17
2996,20409,2026-07-01,Ongoing,
2997,20419,2026-06-24,Withdrawn,2026-07-07
2998,20422,2026-07-17,Ongoing,
2999,20437,2026-04-16,Completed,2026-06-06
3000,20441,2026-07-15,Ongoing,
3001,20444,2026-06-11,Ongoing,
3002,20459,2026-06-28,Ongoing,
3003,20467,2026-05-12,Withdrawn,2026-05-27
3004,20471,2026-05-26,Completed,2026-07-21
3005,20479,2026-02-08,Completed,2026-04-07
3006,20493,2026-06-20,Ongoing,
3007,20498,2026-07-10,Ongoing,
3008,20499,2026-02-22,Withdrawn,2026-03-13
3009,20506,2026-07-09,Ongoing,
3010,20516,2026-06-22,Ongoing,
3011,20526,2026-05-16,Completed,2026-07-02
3012,20530,2026-02-14,Completed,2026-04-09
3013,20531,2026-05-07,Completed,2026-07-07
3014,20536,2026-07-14,Ongoing,
