participant_resource_id,enrollment_id,resource_id,quantity
1,1,1,1
2,1,3,1
3,1,4,1
4,1,5,1
5,1,6,1
6,1,7,1
7,1,8,1
8,2,1,1
9,2,3,1
10,2,4,1
11,2,5,1
12,2,6,1
13,2,7,1
14,2,8,1
15,3,3,1
16,3,4,1
17,3,5,1
18,3,7,1
19,3,8,1
20,4,3,1
21,4,4,1
22,4,5,1
23,4,6,1
24,4,7,1
25,4,8,1
26,5,3,1
27,5,4,1
28,5,5,1
29,5,6,1
30,5,7,1
31,5,8,1
32,6,3,1
33,6,4,1
34,6,5,1
35,6,6,1
36,6,7,1
37,6,8,1
38,7,1,1
39,7,3,1
40,7,4,1
41,7,5,1
42,7,6,1
43,7,7,1
44,7,8,1
45,8,1,1
46,8,3,1
47,8,4,1
48,8,5,1
49,8,6,1
50,8,7,1
51,8,8,1
52,9,1,1
53,9,3,1
54,9,4,1
55,9,5,1
56,9,6,1
57,9,7,1
58,9,8,1
59,10,3,1
60,10,4,1
61,10,5,1
62,10,6,1
63,10,7,1
64,10,8,1
65,11,1,1
66,11,3,1
67,11,4,1
68,11,5,1
69,11,6,1
70,11,7,1
71,11,8,1
72,12,3,1
73,12,4,1
74,12,5,1
75,12,6,1
76,12,7,1
77,12,8,1
78,13,3,1
79,13,4,1
80,13,5,1
81,13,6,1
82,13,7,1
83,13,8,1
84,14,1,1
85,14,3,1
86,14,4,1
87,14,5,1
88,14,7,1
89,14,8,1
90,15,1,1
91,15,3,1
92,15,4,1
93,15,5,1
94,15,6,1
95,15,7,1
96,15,8,1
97,16,3,1
98,16,4,1
99,16,5,1
100,16,6,1
101,16,7,1
102,16,8,1
103,17,3,1
104,17,4,1
105,17,5,1
106,17,7,1
107,17,8,1
108,18,1,1
109,18,3,1
110,18,4,1
111,18,5,1
112,18,6,1
113,18,7,1
114,18,8,1
115,19,3,1
116,19,4,1
117,19,5,1
118,19,7,1
119,19,8,1
120,20,3,1
121,20,4,1
122,20,5,1
123,20,6,1
124,20,7,1
125,20,8,1
126,21,3,1
127,21,4,1
128,21,5,1
129,21,6,1
130,21,7,1
131,21,8,1
132,22,3,1
133,22,4,1
134,22,5,1
135,22,6,1
136,22,7,1
137,22,8,1
138,23,1,1
139,23,3,1
140,23,4,1
141,23,5,1
142,23,6,1
143,23,7,1
144,23,8,1
145,24,1,1
146,24,3,1
147,24,4,1
148,24,5,1
149,24,6,1
150,24,7,1
151,24,8,1
152,25,3,1
153,25,4,1
154,25,5,1
155,25,6,1
156,25,7,1
157,25,8,1
158,26,3,1
159,26,4,1
160,26,5,1
161,26,6,1
162,26,7,1
163,26,8,1
164,27,3,1
165,27,4,1
166,27,5,1
167,27,6,1
168,27,7,1
169,27,8,1
170,28,3,1
171,28,4,1
172,28,5,1
173,28,6,1
174,28,7,1
175,28,8,1
176,29,3,1
177,29,4,1
178,29,5,1
179,29,6,1
180,29,7,1
181,29,8,1
182,30,3,1
183,30,4,1
184,30,5,1
185,30,6,1
186,30,7,1
187,30,8,1
188,31,3,1
189,31,4,1
190,31,5,1
191,31,7,1
192,31,8,1
193,32,1,1
194,32,3,1
195,32,4,1
196,32,5,1
197,32,6,1
198,32,7,1
199,32,8,1
200,33,3,1
201,33,4,1
202,33,5,1
203,33,6,1
204,33,7,1
205,33,8,1
206,34,3,1
207,34,4,1
208,34,5,1
209,34,6,1
210,34,7,1
211,34,8,1
212,35,1,1
213,35,3,1
214,35,4,1
215,35,5,1
216,35,6,1
217,35,7,1
218,35,8,1
219,36,3,1
220,36,4,1
221,36,5,1
222,36,6,1
223,36,7,1
224,36,8,1
225,37,3,1
226,37,4,1
227,37,5,1
228,37,6,1
229,37,7,1
230,37,8,1
231,38,3,1
232,38,4,1
233,38,5,1
234,38,6,1
235,38,7,1
236,38,8,1
237,39,1,1
238,39,3,1
239,39,4,1
240,39,5,1
241,39,7,1
242,39,8,1
243,40,3,1
244,40,4,1
245,40,5,1
246,40,6,1
247,40,7,1
248,40,8,1
249,41,3,1
250,41,4,1
251,41,5,1
252,41,6,1
253,41,7,1
254,41,8,1
255,42,1,1
256,42,3,1
257,42,4,1
258,42,5,1
259,42,7,1
260,42,8,1
261,43,3,1
262,43,4,1
263,43,5,1
264,43,6,1
265,43,7,1
266,43,8,1
267,44,3,1
268,44,4,1
269,44,5,1
270,44,6,1
271,44,7,1
272,44,8,1
273,45,1,1
274,45,3,1
275,45,4,1
276,45,5,1
277,45,6,1
278,45,7,1
279,45,8,1
280,46,3,1
281,46,4,1
282,46,5,1
283,46,6,1
284,46,7,1
285,46,8,1
286,47,3,1
287,47,4,1
288,47,5,1
289,47,6,1
290,47,7,1
291,47,8,1
292,48,1,1
293,48,3,1
294,48,4,1
295,48,5,1
296,48,6,1
297,48,7,1
298,48,8,1
299,49,3,1
300,49,4,1
301,49,5,1
302,49,6,1
303,49,7,1
304,49,8,1
305,50,3,1
306,50,4,1
307,50,5,1
308,50,7,1
309,50,8,1
310,51,3,1
311,51,4,1
312,51,5,1
313,51,6,1
314,51,7,1
315,51,8,1
316,52,3,1
317,52,4,1
318,52,5,1
319,52,6,1
320,52,7,1
321,52,8,1
322,53,1,1
323,53,3,1
324,53,4,1
325,53,5,1
326,53,6,1
327,53,7,1
328,53,8,1
329,54,3,1
330,54,4,1
331,54,5,1
332,54,6,1
333,54,7,1
334,54,8,1
335,55,1,1
336,55,3,1
337,55,4,1
338,55,5,1
339,55,6,1
340,55,7,1
341,55,8,1
342,56,3,1
343,56,4,1
344,56,5,1
345,56,6,1
346,56,7,1
347,56,8,1
348,57,3,1
349,57,4,1
350,57,5,1
351,57,7,1
352,57,8,1
353,58,3,1
354,58,4,1
355,58,5,1
356,58,7,1
357,58,8,1
358,59,1,1
359,59,3,1
360,59,4,1
361,59,5,1
362,59,6,1
363,59,7,1
364,59,8,1
365,60,3,1
366,60,4,1
367,60,5,1
368,60,6,1
369,60,7,1
370,60,8,1
371,61,3,1
372,61,4,1
373,61,5,1
374,61,6,1
375,61,7,1
376,61,8,1
377,62,3,1
378,62,4,1
379,62,5,1
380,62,6,1
381,62,7,1
382,62,8,1
383,63,3,1
384,63,4,1
385,63,5,1
386,63,6,1
387,63,7,1
388,63,8,1
389,64,3,1
390,64,4,1
391,64,5,1
392,64,6,1
393,64,7,1
394,64,8,1
395,65,3,1
396,65,4,1
397,65,5,1
398,65,7,1
399,65,8,1
400,66,1,1
401,66,3,1
402,66,4,1
403,66,5,1
404,66,6,1
405,66,7,1
406,66,8,1
407,67,1,1
408,67,3,1
409,67,4,1
410,67,5,1
411,67,6,1
412,67,7,1
413,67,8,1
414,68,3,1
415,68,4,1
416,68,5,1
417,68,6,1
418,68,7,1
419,68,8,1
420,69,1,1
421,69,3,1
422,69,4,1
423,69,5,1
424,69,6,1
425,69,7,1
426,69,8,1
427,70,3,1
428,70,4,1
429,70,5,1
430,70,6,1
431,70,7,1
432,70,8,1
433,71,1,1
434,71,3,1
435,71,4,1
436,71,5,1
437,71,6,1
438,71,7,1
439,71,8,1
440,72,3,1
441,72,4,1
442,72,5,1
443,72,6,1
444,72,7,1
445,72,8,1
446,73,3,1
447,73,4,1
448,73,5,1
449,73,7,1
450,73,8,1
451,74,3,1
452,74,4,1
453,74,5,1
454,74,6,1
455,74,7,1
456,74,8,1
457,75,3,1
458,75,4,1
459,75,5,1
460,75,6,1
461,75,7,1
462,75,8,1
463,76,3,1
464,76,4,1
465,76,5,1
466,76,7,1
467,76,8,1
468,77,3,1
469,77,4,1
470,77,5,1
471,77,6,1
472,77,7,1
473,77,8,1
474,78,3,1
475,78,4,1
476,78,5,1
477,78,6,1
478,78,7,1
479,78,8,1
480,79,3,1
481,79,4,1
482,79,5,1
483,79,6,1
484,79,7,1
485,79,8,1
486,80,1,1
487,80,3,1
488,80,4,1
489,80,5,1
490,80,6,1
491,80,7,1
492,80,8,1
493,81,3,1
494,81,4,1
495,81,5,1
496,81,7,1
497,81,8,1
498,82,3,1
499,82,4,1
500,82,5,1
501,82,7,1
502,82,8,1
503,83,1,1
504,83,3,1
505,83,4,1
506,83,5,1
507,83,7,1
508,83,8,1
509,84,3,1
510,84,4,1
511,84,5,1
512,84,6,1
513,84,7,1
514,84,8,1
515,85,1,1
516,85,3,1
517,85,4,1
518,85,5,1
519,85,6,1
520,85,7,1
521,85,8,1
522,86,3,1
523,86,4,1
524,86,5,1
525,86,7,1
526,86,8,1
527,87,3,1
528,87,4,1
529,87,5,1
530,87,6,1
531,87,7,1
532,87,8,1
533,88,3,1
534,88,4,1
535,88,5,1
536,88,6,1
537,88,7,1
538,88,8,1
539,89,3,1
540,89,4,1
541,89,5,1
542,89,6,1
543,89,7,1
544,89,8,1
545,90,3,1
546,90,4,1
547,90,5,1
548,90,6,1
549,90,7,1
550,90,8,1
551,91,1,1
552,91,3,1
553,91,4,1
554,91,5,1
555,91,7,1
556,91,8,1
557,92,3,1
558,92,4,1
559,92,5,1
560,92,6,1
561,92,7,1
562,92,8,1
563,93,1,1
564,93,3,1
565,93,4,1
566,93,5,1
567,93,6,1
568,93,7,1
569,93,8,1
570,94,3,1
571,94,4,1
572,94,5,1
573,94,6,1
574,94,7,1
575,94,8,1
576,95,3,1
577,95,4,1
578,95,5,1
579,95,6,1
580,95,7,1
581,95,8,1
582,96,3,1
583,96,4,1
584,96,5,1
585,96,6,1
586,96,7,1
587,96,8,1
588,97,1,1
589,97,3,1
590,97,4,1
591,97,5,1
592,97,7,1
593,97,8,1
594,98,3,1
595,98,4,1
596,98,5,1
597,98,6,1
598,98,7,1
599,98,8,1
600,99,1,1
601,99,3,1
602,99,4,1
603,99,5,1
604,99,6,1
605,99,7,1
606,99,8,1
607,100,3,1
608,100,4,1
609,100,5,1
610,100,6,1
611,100,7,1
612,100,8,1
613,101,3,1
614,101,4,1
615,101,5,1
616,101,7,1
617,101,8,1
618,102,3,1
619,102,4,1
620,102,5,1
621,102,6,1
622,102,7,1
623,102,8,1
624,103,3,1
625,103,4,1
626,103,5,1
627,103,7,1
628,103,8,1
629,104,3,1
630,104,4,1
631,104,5,1
632,104,6,1
633,104,7,1
634,104,8,1
635,105,3,1
636,105,4,1
637,105,5,1
638,105,6,1
639,105,7,1
640,105,8,1
641,106,1,1
642,106,3,1
643,106,4,1
644,106,5,1
645,106,6,1
646,106,7,1
647,106,8,1
648,107,3,1
649,107,4,1
650,107,5,1
651,107,6,1
652,107,7,1
653,107,8,1
654,108,1,1
655,108,3,1
656,108,4,1
657,108,5,1
658,108,6,1
659,108,7,1
660,108,8,1
661,109,3,1
662,109,4,1
663,109,5,1
664,109,6,1
665,109,7,1
666,109,8,1
667,110,3,1
668,110,4,1
669,110,5,1
670,110,6,1
671,110,7,1
672,110,8,1
673,111,3,1
674,111,4,1
675,111,5,1
676,111,6,1
677,111,7,1
678,111,8,1
679,112,3,1
680,112,4,1
681,112,5,1
682,112,6,1
683,112,7,1
684,112,8,1
685,113,3,1
686,113,4,1
687,113,5,1
688,113,6,1
689,113,7,1
690,113,8,1
691,114,3,1
692,114,4,1
693,114,5,1
694,114,6,1
695,114,7,1
696,114,8,1
697,115,3,1
698,115,4,1
699,115,5,1
700,115,7,1
701,115,8,1
702,116,3,1
703,116,4,1
704,116,5,1
705,116,6,1
706,116,7,1
707,116,8,1
708,117,1,1
709,117,3,1
710,117,4,1
711,117,5,1
712,117,6,1
713,117,7,1
714,117,8,1
715,118,3,1
716,118,4,1
717,118,5,1
718,118,6,1
719,118,7,1
720,118,8,1
721,119,1,1
722,119,3,1
723,119,4,1
724,119,5,1
725,119,7,1
726,119,8,1
727,120,3,1
728,120,4,1
729,120,5,1
730,120,6,1
731,120,7,1
732,120,8,1
733,121,3,1
734,121,4,1
735,121,5,1
736,121,6,1
737,121,7,1
738,121,8,1
739,122,1,1
740,122,3,1
741,122,4,1
742,122,5,1
743,122,6,1
744,122,7,1
745,122,8,1
746,123,3,1
747,123,4,1
748,123,5,1
749,123,6,1
750,123,7,1
751,123,8,1
752,124,3,1
753,124,4,1
754,124,5,1
755,124,7,1
756,124,8,1
757,125,3,1
758,125,4,1
759,125,5,1
760,125,6,1
761,125,7,1
762,125,8,1
763,126,3,1
764,126,4,1
765,126,5,1
766,126,7,1
767,126,8,1
768,127,1,1
769,127,3,1
770,127,4,1
771,127,5,1
772,127,6,1
773,127,7,1
774,127,8,1
775,128,3,1
776,128,4,1
777,128,5,1
778,128,6,1
779,128,7,1
780,128,8,1
781,129,3,1
782,129,4,1
783,129,5,1
784,129,6,1
785,129,7,1
786,129,8,1
787,130,3,1
788,130,4,1
789,130,5,1
790,130,6,1
791,130,7,1
792,130,8,1
793,131,3,1
794,131,4,1
795,131,5,1
796,131,6,1
797,131,7,1
798,131,8,1
799,132,3,1
800,132,4,1
801,132,5,1
802,132,6,1
803,132,7,1
804,132,8,1
805,133,3,1
806,133,4,1
807,133,5,1
808,133,6,1
809,133,7,1
810,133,8,1
811,134,3,1
812,134,4,1
813,134,5,1
814,134,6,1
815,134,7,1
816,134,8,1
817,135,1,1
818,135,3,1
819,135,4,1
820,135,5,1
821,135,6,1
822,135,7,1
823,135,8,1
824,136,1,1
825,136,3,1
826,136,4,1
827,136,5,1
828,136,6,1
829,136,7,1
830,136,8,1
831,137,3,1
832,137,4,1
833,137,5,1
834,137,7,1
835,137,8,1
836,138,3,1
837,138,4,1
838,138,5,1
839,138,6,1
840,138,7,1
841,138,8,1
842,139,3,1
843,139,4,1
844,139,5,1
845,139,6,1
846,139,7,1
847,139,8,1
848,140,3,1
849,140,4,1
850,140,5,1
851,140,7,1
852,140,8,1
853,141,3,1
854,141,4,1
855,141,5,1
856,141,6,1
857,141,7,1
858,141,8,1
859,142,3,1
860,142,4,1
861,142,5,1
862,142,6,1
863,142,7,1
864,142,8,1
865,143,3,1
866,143,4,1
867,143,5,1
868,143,6,1
869,143,7,1
870,143,8,1
871,144,1,1
872,144,3,1
873,144,4,1
874,144,5,1
875,144,6,1
876,144,7,1
877,144,8,1
878,145,3,1
879,145,4,1
880,145,5,1
881,145,7,1
882,145,8,1
883,146,3,1
884,146,4,1
885,146,5,1
886,146,6,1
887,146,7,1
888,146,8,1
889,147,3,1
890,147,4,1
891,147,5,1
892,147,6,1
893,147,7,1
894,147,8,1
895,148,3,1
896,148,4,1
897,148,5,1
898,148,7,1
899,148,8,1
900,149,3,1
901,149,4,1
902,149,5,1
903,149,6,1
904,149,7,1
905,149,8,1
906,150,3,1
907,150,4,1
908,150,5,1
909,150,6,1
910,150,7,1
911,150,8,1
912,151,3,1
913,151,4,1
914,151,5,1
915,151,6,1
916,151,7,1
917,151,8,1
918,152,3,1
919,152,4,1
920,152,5,1
921,152,6,1
922,152,7,1
923,152,8,1
924,153,3,1
925,153,4,1
926,153,5,1
927,153,6,1
928,153,7,1
929,153,8,1
930,154,3,1
931,154,4,1
932,154,5,1
933,154,6,1
934,154,7,1
935,154,8,1
936,155,3,1
937,155,4,1
938,155,5,1
939,155,6,1
940,155,7,1
941,155,8,1
942,156,3,1
943,156,4,1
944,156,5,1
945,156,6,1
946,156,7,1
947,156,8,1
948,157,3,1
949,157,4,1
950,157,5,1
951,157,6,1
952,157,7,1
953,157,8,1
954,158,1,1
955,158,3,1
956,158,4,1
957,158,5,1
958,158,6,1
959,158,7,1
960,158,8,1
961,159,3,1
962,159,4,1
963,159,5,1
964,159,6,1
965,159,7,1
966,159,8,1
967,160,1,1
968,160,3,1
969,160,4,1
970,160,5,1
971,160,6,1
972,160,7,1
973,160,8,1
974,161,3,1
975,161,4,1
976,161,5,1
977,161,7,1
978,161,8,1
979,162,3,1
980,162,4,1
981,162,5,1
982,162,6,1
983,162,7,1
984,162,8,1
985,163,3,1
986,163,4,1
987,163,5,1
988,163,6,1
989,163,7,1
990,163,8,1
991,164,1,1
992,164,3,1
993,164,4,1
994,164,5,1
995,164,6,1
996,164,7,1
997,164,8,1
998,165,1,1
999,165,3,1
1000,165,4,1
1001,165,5,1
1002,165,6,1
1003,165,7,1
1004,165,8,1
1005,166,1,1
1006,166,3,1
1007,166,4,1
1008,166,5,1
1009,166,7,1
1010,166,8,1
1011,167,3,1
1012,167,4,1
1013,167,5,1
1014,167,6,1
1015,167,7,1
1016,167,8,1
1017,168,1,1
1018,168,3,1
1019,168,4,1
1020,168,5,1
1021,168,6,1
1022,168,7,1
1023,168,8,1
1024,169,3,1
1025,169,4,1
1026,169,5,1
1027,169,6,1
1028,169,7,1
1029,169,8,1
1030,170,3,1
1031,170,4,1
1032,170,5,1
1033,170,6,1
1034,170,7,1
1035,170,8,1
1036,171,3,1
1037,171,4,1
1038,171,5,1
1039,171,6,1
1040,171,7,1
1041,171,8,1
1042,172,3,1
1043,172,4,1
1044,172,5,1
1045,172,7,1
1046,172,8,1
1047,173,3,1
1048,173,4,1
1049,173,5,1
1050,173,6,1
1051,173,7,1
1052,173,8,1
1053,174,3,1
1054,174,4,1
1055,174,5,1
1056,174,6,1
1057,174,7,1
1058,174,8,1
1059,175,3,1
1060,175,4,1
1061,175,5,1
1062,175,7,1
1063,175,8,1
1064,176,3,1
1065,176,4,1
1066,176,5,1
1067,176,6,1
1068,176,7,1
1069,176,8,1
1070,177,1,1
1071,177,3,1
1072,177,4,1
1073,177,5,1
1074,177,6,1
1075,177,7,1
1076,177,8,1
1077,178,1,1
1078,178,3,1
1079,178,4,1
1080,178,5,1
1081,178,6,1
1082,178,7,1
1083,178,8,1
1084,179,3,1
1085,179,4,1
1086,179,5,1
1087,179,7,1
1088,179,8,1
1089,180,3,1
1090,180,4,1
1091,180,5,1
1092,180,6,1
1093,180,7,1
1094,180,8,1
1095,181,3,1
1096,181,4,1
1097,181,5,1
1098,181,6,1
1099,181,7,1
1100,181,8,1
1101,182,3,1
1102,182,4,1
1103,182,5,1
1104,182,6,1
1105,182,7,1
1106,182,8,1
1107,183,3,1
1108,183,4,1
1109,183,5,1
1110,183,6,1
1111,183,7,1
1112,183,8,1
1113,184,3,1
1114,184,4,1
1115,184,5,1
1116,184,7,1
1117,184,8,1
1118,185,1,1
1119,185,3,1
1120,185,4,1
1121,185,5,1
1122,185,7,1
1123,185,8,1
1124,186,3,1
1125,186,4,1
1126,186,5,1
1127,186,6,1
1128,186,7,1
1129,186,8,1
1130,187,3,1
1131,187,4,1
1132,187,5,1
1133,187,6,1
1134,187,7,1
1135,187,8,1
1136,188,3,1
1137,188,4,1
1138,188,5,1
1139,188,7,1
1140,188,8,1
1141,189,3,1
1142,189,4,1
1143,189,5,1
1144,189,6,1
1145,189,7,1
1146,189,8,1
1147,190,3,1
1148,190,4,1
1149,190,5,1
1150,190,6,1
1151,190,7,1
1152,190,8,1
1153,191,1,1
1154,191,3,1
1155,191,4,1
1156,191,5,1
1157,191,6,1
1158,191,7,1
1159,191,8,1
1160,192,1,1
1161,192,3,1
1162,192,4,1
1163,192,5,1
1164,192,6,1
1165,192,7,1
1166,192,8,1
1167,193,1,1
1168,193,3,1
1169,193,4,1
1170,193,5,1
1171,193,6,1
1172,193,7,1
1173,193,8,1
1174,194,3,1
1175,194,4,1
1176,194,5,1
1177,194,6,1
1178,194,7,1
1179,194,8,1
1180,195,3,1
1181,195,4,1
1182,195,5,1
1183,195,6,1
1184,195,7,1
1185,195,8,1
1186,196,1,1
1187,196,3,1
1188,196,4,1
1189,196,5,1
1190,196,6,1
1191,196,7,1
1192,196,8,1
1193,197,3,1
1194,197,4,1
1195,197,5,1
1196,197,6,1
1197,197,7,1
1198,197,8,1
1199,198,3,1
1200,198,4,1
1201,198,5,1
1202,198,6,1
1203,198,7,1
1204,198,8,1
1205,199,1,1
1206,199,3,1
1207,199,4,1
1208,199,5,1
1209,199,7,1
1210,199,8,1
1211,200,3,1
1212,200,4,1
1213,200,5,1
1214,200,6,1
1215,200,7,1
1216,200,8,1
1217,201,1,1
1218,201,3,1
1219,201,4,1
1220,201,5,1
1221,201,6,1
1222,201,7,1
1223,201,8,1
1224,202,3,1
1225,202,4,1
1226,202,5,1
1227,202,6,1
1228,202,7,1
1229,202,8,1
1230,203,3,1
1231,203,4,1
1232,203,5,1
1233,203,6,1
1234,203,7,1
1235,203,8,1
1236,204,3,1
1237,204,4,1
1238,204,5,1
1239,204,6,1
1240,204,7,1
1241,204,8,1
1242,205,3,1
1243,205,4,1
1244,205,5,1
1245,205,7,1
1246,205,8,1
1247,206,3,1
1248,206,4,1
1249,206,5,1
1250,206,7,1
1251,206,8,1
1252,207,3,1
1253,207,4,1
1254,207,5,1
1255,207,6,1
1256,207,7,1
1257,207,8,1
1258,208,1,1
1259,208,3,1
1260,208,4,1
1261,208,5,1
1262,208,6,1
1263,208,7,1
1264,208,8,1
1265,209,3,1
1266,209,4,1
1267,209,5,1
1268,209,7,1
1269,209,8,1
1270,210,3,1
1271,210,4,1
1272,210,5,1
1273,210,6,1
1274,210,7,1
1275,210,8,1
1276,211,3,1
1277,211,4,1
1278,211,5,1
1279,211,6,1
1280,211,7,1
1281,211,8,1
1282,212,3,1
1283,212,4,1
1284,212,5,1
1285,212,6,1
1286,212,7,1
1287,212,8,1
1288,213,3,1
1289,213,4,1
1290,213,5,1
1291,213,6,1
1292,213,7,1
1293,213,8,1
1294,214,1,1
1295,214,3,1
1296,214,4,1
1297,214,5,1
1298,214,6,1
1299,214,7,1
1300,214,8,1
1301,215,3,1
1302,215,4,1
1303,215,5,1
1304,215,6,1
1305,215,7,1
1306,215,8,1
1307,216,3,1
1308,216,4,1
1309,216,5,1
1310,216,6,1
1311,216,7,1
1312,216,8,1
1313,217,3,1
1314,217,4,1
1315,217,5,1
1316,217,6,1
1317,217,7,1
1318,217,8,1
1319,218,3,1
1320,218,4,1
1321,218,5,1
1322,218,6,1
1323,218,7,1
1324,218,8,1
1325,219,3,1
1326,219,4,1
1327,219,5,1
1328,219,6,1
1329,219,7,1
1330,219,8,1
1331,220,3,1
1332,220,4,1
1333,220,5,1
1334,220,6,1
1335,220,7,1
1336,220,8,1
1337,221,3,1
1338,221,4,1
1339,221,5,1
1340,221,7,1
1341,221,8,1
1342,222,3,1
1343,222,4,1
1344,222,5,1
1345,222,6,1
1346,222,7,1
1347,222,8,1
1348,223,1,1
1349,223,3,1
1350,223,4,1
1351,223,5,1
1352,223,6,1
1353,223,7,1
1354,223,8,1
1355,224,3,1
1356,224,4,1
1357,224,5,1
1358,224,6,1
1359,224,7,1
1360,224,8,1
1361,225,1,1
1362,225,3,1
1363,225,4,1
1364,225,5,1
1365,225,6,1
1366,225,7,1
1367,225,8,1
1368,226,1,1
1369,226,3,1
1370,226,4,1
1371,226,5,1
1372,226,6,1
1373,226,7,1
1374,226,8,1
1375,227,1,1
1376,227,3,1
1377,227,4,1
1378,227,5,1
1379,227,6,1
1380,227,7,1
1381,227,8,1
1382,228,3,1
1383,228,4,1
1384,228,5,1
1385,228,6,1
1386,228,7,1
1387,228,8,1
1388,229,3,1
1389,229,4,1
1390,229,5,1
1391,229,7,1
1392,229,8,1
1393,230,3,1
1394,230,4,1
1395,230,5,1
1396,230,6,1
1397,230,7,1
1398,230,8,1
1399,231,3,1
1400,231,4,1
1401,231,5,1
1402,231,6,1
1403,231,7,1
1404,231,8,1
1405,232,3,1
1406,232,4,1
1407,232,5,1
1408,232,7,1
1409,232,8,1
1410,233,3,1
1411,233,4,1
1412,233,5,1
1413,233,6,1
1414,233,7,1
1415,233,8,1
1416,234,3,1
1417,234,4,1
1418,234,5,1
1419,234,6,1
1420,234,7,1
1421,234,8,1
1422,235,3,1
1423,235,4,1
1424,235,5,1
1425,235,6,1
1426,235,7,1
1427,235,8,1
1428,236,1,1
1429,236,3,1
1430,236,4,1
1431,236,5,1
1432,236,6,1
1433,236,7,1
1434,236,8,1
1435,237,3,1
1436,237,4,1
1437,237,5,1
1438,237,6,1
1439,237,7,1
1440,237,8,1
1441,238,3,1
1442,238,4,1
1443,238,5,1
1444,238,6,1
1445,238,7,1
1446,238,8,1
1447,239,3,1
1448,239,4,1
1449,239,5,1
1450,239,6,1
1451,239,7,1
1452,239,8,1
1453,240,3,1
1454,240,4,1
1455,240,5,1
1456,240,6,1
1457,240,7,1
1458,240,8,1
1459,241,3,1
1460,241,4,1
1461,241,5,1
1462,241,6,1
1463,241,7,1
1464,241,8,1
1465,242,3,1
1466,242,4,1
1467,242,5,1
1468,242,6,1
1469,242,7,1
1470,242,8,1
1471,243,3,1
1472,243,4,1
1473,243,5,1
1474,243,6,1
1475,243,7,1
1476,243,8,1
1477,244,1,1
1478,244,3,1
1479,244,4,1
1480,244,5,1
1481,244,6,1
1482,244,7,1
1483,244,8,1
1484,245,3,1
1485,245,4,1
1486,245,5,1
1487,245,6,1
1488,245,7,1
1489,245,8,1
1490,246,1,1
1491,246,3,1
1492,246,4,1
1493,246,5,1
1494,246,6,1
1495,246,7,1
1496,246,8,1
1497,247,1,1
1498,247,3,1
1499,247,4,1
1500,247,5,1
1501,247,6,1
1502,247,7,1
1503,247,8,1
1504,248,3,1
1505,248,4,1
1506,248,5,1
1507,248,7,1
1508,248,8,1
1509,249,1,1
1510,249,3,1
1511,249,4,1
1512,249,5,1
1513,249,7,1
1514,249,8,1
1515,250,3,1
1516,250,4,1
1517,250,5,1
1518,250,6,1
1519,250,7,1
1520,250,8,1
1521,251,1,1
1522,251,3,1
1523,251,4,1
1524,251,5,1
1525,251,6,1
1526,251,7,1
1527,251,8,1
1528,252,3,1
1529,252,4,1
1530,252,5,1
1531,252,6,1
1532,252,7,1
1533,252,8,1
1534,253,3,1
1535,253,4,1
1536,253,5,1
1537,253,6,1
1538,253,7,1
1539,253,8,1
1540,254,3,1
1541,254,4,1
1542,254,5,1
1543,254,6,1
1544,254,7,1
1545,254,8,1
1546,255,3,1
1547,255,4,1
1548,255,5,1
1549,255,6,1
1550,255,7,1
1551,255,8,1
1552,256,3,1
1553,256,4,1
1554,256,5,1
1555,256,6,1
1556,256,7,1
1557,256,8,1
1558,257,1,1
1559,257,3,1
1560,257,4,1
1561,257,5,1
1562,257,6,1
1563,257,7,1
1564,257,8,1
1565,258,3,1
1566,258,4,1
1567,258,5,1
1568,258,6,1
1569,258,7,1
1570,258,8,1
1571,259,3,1
1572,259,4,1
1573,259,5,1
1574,259,6,1
1575,259,7,1
1576,259,8,1
1577,260,3,1
1578,260,4,1
1579,260,5,1
1580,260,7,1
1581,260,8,1
1582,261,3,1
1583,261,4,1
1584,261,5,1
1585,261,6,1
1586,261,7,1
1587,261,8,1
1588,262,1,1
1589,262,3,1
1590,262,4,1
1591,262,5,1
1592,262,6,1
1593,262,7,1
1594,262,8,1
1595,263,1,1
1596,263,3,1
1597,263,4,1
1598,263,5,1
1599,263,7,1
1600,263,8,1
1601,264,3,1
1602,264,4,1
1603,264,5,1
1604,264,6,1
1605,264,7,1
1606,264,8,1
1607,265,3,1
1608,265,4,1
1609,265,5,1
1610,265,6,1
1611,265,7,1
1612,265,8,1
1613,266,3,1
1614,266,4,1
1615,266,5,1
1616,266,6,1
1617,266,7,1
1618,266,8,1
1619,267,3,1
1620,267,4,1
1621,267,5,1
1622,267,6,1
1623,267,7,1
1624,267,8,1
1625,268,1,1
1626,268,3,1
1627,268,4,1
1628,268,5,1
1629,268,7,1
1630,268,8,1
1631,269,3,1
1632,269,4,1
1633,269,5,1
1634,269,6,1
1635,269,7,1
1636,269,8,1
1637,270,1,1
1638,270,3,1
1639,270,4,1
1640,270,5,1
1641,270,6,1
1642,270,7,1
1643,270,8,1
1644,271,3,1
1645,271,4,1
1646,271,5,1
1647,271,6,1
1648,271,7,1
1649,271,8,1
1650,272,3,1
1651,272,4,1
1652,272,5,1
1653,272,7,1
1654,272,8,1
1655,273,3,1
1656,273,4,1
1657,273,5,1
1658,273,6,1
1659,273,7,1
1660,273,8,1
1661,274,1,1
1662,274,3,1
1663,274,4,1
1664,274,5,1
1665,274,6,1
1666,274,7,1
1667,274,8,1
1668,275,3,1
1669,275,4,1
1670,275,5,1
1671,275,6,1
1672,275,7,1
1673,275,8,1
1674,276,3,1
1675,276,4,1
1676,276,5,1
1677,276,6,1
1678,276,7,1
1679,276,8,1
1680,277,3,1
1681,277,4,1
1682,277,5,1
1683,277,6,1
1684,277,7,1
1685,277,8,1
1686,278,1,1
1687,278,3,1
1688,278,4,1
1689,278,5,1
1690,278,6,1
1691,278,7,1
1692,278,8,1
1693,279,3,1
1694,279,4,1
1695,279,5,1
1696,279,6,1
1697,279,7,1
1698,279,8,1
1699,280,1,1
1700,280,3,1
1701,280,4,1
1702,280,5,1
1703,280,6,1
1704,280,7,1
1705,280,8,1
1706,281,1,1
1707,281,3,1
1708,281,4,1
1709,281,5,1
1710,281,6,1
1711,281,7,1
1712,281,8,1
1713,282,3,1
1714,282,4,1
1715,282,5,1
1716,282,6,1
1717,282,7,1
1718,282,8,1
1719,283,1,1
1720,283,3,1
1721,283,4,1
1722,283,5,1
1723,283,7,1
1724,283,8,1
1725,284,1,1
1726,284,3,1
1727,284,4,1
1728,284,5,1
1729,284,6,1
1730,284,7,1
1731,284,8,1
1732,285,3,1
1733,285,4,1
1734,285,5,1
1735,285,7,1
1736,285,8,1
1737,286,3,1
1738,286,4,1
1739,286,5,1
1740,286,6,1
1741,286,7,1
1742,286,8,1
1743,287,3,1
1744,287,4,1
1745,287,5,1
1746,287,6,1
1747,287,7,1
1748,287,8,1
1749,288,3,1
1750,288,4,1
1751,288,5,1
1752,288,7,1
1753,288,8,1
1754,289,3,1
1755,289,4,1
1756,289,5,1
1757,289,7,1
1758,289,8,1
1759,290,1,1
1760,290,3,1
1761,290,4,1
1762,290,5,1
1763,290,7,1
1764,290,8,1
1765,291,3,1
1766,291,4,1
1767,291,5,1
1768,291,6,1
1769,291,7,1
1770,291,8,1
1771,292,1,1
1772,292,3,1
1773,292,4,1
1774,292,5,1
1775,292,6,1
1776,292,7,1
1777,292,8,1
1778,293,1,1
1779,293,3,1
1780,293,4,1
1781,293,5,1
1782,293,7,1
1783,293,8,1
1784,294,3,1
1785,294,4,1
1786,294,5,1
1787,294,7,1
1788,294,8,1
1789,295,3,1
1790,295,4,1
1791,295,5,1
1792,295,7,1
1793,295,8,1
1794,296,3,1
1795,296,4,1
1796,296,5,1
1797,296,6,1
1798,296,7,1
1799,296,8,1
1800,297,3,1
1801,297,4,1
1802,297,5,1
1803,297,6,1
1804,297,7,1
1805,297,8,1
1806,298,3,1
1807,298,4,1
1808,298,5,1
1809,298,6,1
1810,298,7,1
1811,298,8,1
1812,299,1,1
1813,299,3,1
1814,299,4,1
1815,299,5,1
1816,299,6,1
1817,299,7,1
1818,299,8,1
1819,300,1,1
1820,300,3,1
1821,300,4,1
1822,300,5,1
1823,300,6,1
1824,300,7,1
1825,300,8,1
1826,301,3,1
1827,301,4,1
1828,301,5,1
1829,301,6,1
1830,301,7,1
1831,301,8,1
1832,302,3,1
1833,302,4,1
1834,302,5,1
1835,302,7,1
1836,302,8,1
1837,303,3,1
1838,303,4,1
1839,303,5,1
1840,303,6,1
1841,303,7,1
1842,303,8,1
1843,304,1,1
1844,304,3,1
1845,304,4,1
1846,304,5,1
1847,304,6,1
1848,304,7,1
1849,304,8,1
1850,305,3,1
1851,305,4,1
1852,305,5,1
1853,305,6,1
1854,305,7,1
1855,305,8,1
1856,306,3,1
1857,306,4,1
1858,306,5,1
1859,306,6,1
1860,306,7,1
1861,306,8,1
1862,307,1,1
1863,307,3,1
1864,307,4,1
1865,307,5,1
1866,307,6,1
1867,307,7,1
1868,307,8,1
1869,308,3,1
1870,308,4,1
1871,308,5,1
1872,308,6,1
1873,308,7,1
1874,308,8,1
1875,309,3,1
1876,309,4,1
1877,309,5,1
1878,309,7,1
1879,309,8,1
1880,310,3,1
1881,310,4,1
1882,310,5,1
1883,310,6,1
1884,310,7,1
1885,310,8,1
1886,311,1,1
1887,311,3,1
1888,311,4,1
1889,311,5,1
1890,311,7,1
1891,311,8,1
1892,312,3,1
1893,312,4,1
1894,312,5,1
1895,312,6,1
1896,312,7,1
1897,312,8,1
1898,313,3,1
1899,313,4,1
1900,313,5,1
1901,313,6,1
1902,313,7,1
1903,313,8,1
1904,314,3,1
1905,314,4,1
1906,314,5,1
1907,314,6,1
1908,314,7,1
1909,314,8,1
1910,315,3,1
1911,315,4,1
1912,315,5,1
1913,315,6,1
1914,315,7,1
1915,315,8,1
1916,316,1,1
1917,316,3,1
1918,316,4,1
1919,316,5,1
1920,316,7,1
1921,316,8,1
1922,317,3,1
1923,317,4,1
1924,317,5,1
1925,317,6,1
1926,317,7,1
1927,317,8,1
1928,318,3,1
1929,318,4,1
1930,318,5,1
1931,318,6,1
1932,318,7,1
1933,318,8,1
1934,319,3,1
1935,319,4,1
1936,319,5,1
1937,319,6,1
1938,319,7,1
1939,319,8,1
1940,320,3,1
1941,320,4,1
1942,320,5,1
1943,320,6,1
1944,320,7,1
1945,320,8,1
1946,321,3,1
1947,321,4,1
1948,321,5,1
1949,321,7,1
1950,321,8,1
1951,322,3,1
1952,322,4,1
1953,322,5,1
1954,322,6,1
1955,322,7,1
1956,322,8,1
1957,323,1,1
1958,323,3,1
1959,323,4,1
1960,323,5,1
1961,323,7,1
1962,323,8,1
1963,324,3,1
1964,324,4,1
1965,324,5,1
1966,324,6,1
1967,324,7,1
1968,324,8,1
1969,325,1,1
1970,325,3,1
1971,325,4,1
1972,325,5,1
1973,325,6,1
1974,325,7,1
1975,325,8,1
1976,326,3,1
1977,326,4,1
1978,326,5,1
1979,326,6,1
1980,326,7,1
1981,326,8,1
1982,327,3,1
1983,327,4,1
1984,327,5,1
1985,327,6,1
1986,327,7,1
1987,327,8,1
1988,328,1,1
1989,328,3,1
1990,328,4,1
1991,328,5,1
1992,328,7,1
1993,328,8,1
1994,329,3,1
1995,329,4,1
1996,329,5,1
1997,329,6,1
1998,329,7,1
1999,329,8,1
2000,330,3,1
2001,330,4,1
2002,330,5,1
2003,330,6,1
2004,330,7,1
2005,330,8,1
2006,331,1,1
2007,331,3,1
2008,331,4,1
2009,331,5,1
2010,331,6,1
2011,331,7,1
2012,331,8,1
2013,332,3,1
2014,332,4,1
2015,332,5,1
2016,332,6,1
2017,332,7,1
2018,332,8,1
2019,333,3,1
2020,333,4,1
2021,333,5,1
2022,333,6,1
2023,333,7,1
2024,333,8,1
2025,334,3,1
2026,334,4,1
2027,334,5,1
2028,334,6,1
2029,334,7,1
2030,334,8,1
2031,335,3,1
2032,335,4,1
2033,335,5,1
2034,335,6,1
2035,335,7,1
2036,335,8,1
2037,336,3,1
2038,336,4,1
2039,336,5,1
2040,336,6,1
2041,336,7,1
2042,336,8,1
2043,337,1,1
2044,337,3,1
2045,337,4,1
2046,337,5,1
2047,337,6,1
2048,337,7,1
2049,337,8,1
2050,338,3,1
2051,338,4,1
2052,338,5,1
2053,338,6,1
2054,338,7,1
2055,338,8,1
2056,339,3,1
2057,339,4,1
2058,339,5,1
2059,339,6,1
2060,339,7,1
2061,339,8,1
2062,340,1,1
2063,340,3,1
2064,340,4,1
2065,340,5,1
2066,340,6,1
2067,340,7,1
2068,340,8,1
2069,341,3,1
2070,341,4,1
2071,341,5,1
2072,341,6,1
2073,341,7,1
2074,341,8,1
2075,342,3,1
2076,342,4,1
2077,342,5,1
2078,342,7,1
2079,342,8,1
2080,343,2,1
2081,343,3,1
2082,343,7,1
2083,343,8,1
2084,344,1,1
2085,344,2,1
2086,344,3,1
2087,344,7,1
2088,344,8,1
2089,345,2,1
2090,345,3,1
2091,345,7,1
2092,345,8,1
2093,346,2,1
2094,346,3,1
2095,346,7,1
2096,346,8,1
2097,347,2,1
2098,347,3,1
2099,347,7,1
2100,347,8,1
2101,348,2,1
2102,348,3,1
2103,348,7,1
2104,348,8,1
2105,349,2,1
2106,349,3,1
2107,349,7,1
2108,349,8,1
2109,350,1,1
2110,350,2,1
2111,350,3,1
2112,350,7,1
2113,350,8,1
2114,351,1,1
2115,351,2,1
2116,351,3,1
2117,351,7,1
2118,351,8,1
2119,352,1,1
2120,352,2,1
2121,352,3,1
2122,352,7,1
2123,352,8,1
2124,353,2,1
2125,353,3,1
2126,353,7,1
2127,353,8,1
2128,354,2,1
2129,354,3,1
2130,354,7,1
2131,354,8,1
2132,355,2,1
2133,355,3,1
2134,355,7,1
2135,355,8,1
2136,356,2,1
2137,356,3,1
2138,356,7,1
2139,356,8,1
2140,357,1,1
2141,357,2,1
2142,357,3,1
2143,357,7,1
2144,357,8,1
2145,358,2,1
2146,358,3,1
2147,358,7,1
2148,358,8,1
2149,359,2,1
2150,359,3,1
2151,359,7,1
2152,359,8,1
2153,360,1,1
2154,360,2,1
2155,360,3,1
2156,360,7,1
2157,360,8,1
2158,361,1,1
2159,361,2,1
2160,361,3,1
2161,361,7,1
2162,361,8,1
2163,362,2,1
2164,362,3,1
2165,362,7,1
2166,362,8,1
2167,363,2,1
2168,363,3,1
2169,363,7,1
2170,363,8,1
2171,364,2,1
2172,364,3,1
2173,364,7,1
2174,364,8,1
2175,365,2,1
2176,365,3,1
2177,365,7,1
2178,365,8,1
2179,366,2,1
2180,366,3,1
2181,366,7,1
2182,366,8,1
2183,367,2,1
2184,367,3,1
2185,367,7,1
2186,367,8,1
2187,368,2,1
2188,368,3,1
2189,368,7,1
2190,368,8,1
2191,369,1,1
2192,369,2,1
2193,369,3,1
2194,369,7,1
2195,369,8,1
2196,370,2,1
2197,370,3,1
2198,370,7,1
2199,370,8,1
2200,371,2,1
2201,371,3,1
2202,371,7,1
2203,371,8,1
2204,372,2,1
2205,372,3,1
2206,372,7,1
2207,372,8,1
2208,373,2,1
2209,373,3,1
2210,373,7,1
2211,373,8,1
2212,374,1,1
2213,374,2,1
2214,374,3,1
2215,374,7,1
2216,374,8,1
2217,375,2,1
2218,375,3,1
2219,375,7,1
2220,375,8,1
2221,376,2,1
2222,376,3,1
2223,376,7,1
2224,376,8,1
2225,377,2,1
2226,377,3,1
2227,377,7,1
2228,377,8,1
2229,378,2,1
2230,378,3,1
2231,378,7,1
2232,378,8,1
2233,379,2,1
2234,379,3,1
2235,379,7,1
2236,379,8,1
2237,380,2,1
2238,380,3,1
2239,380,7,1
2240,380,8,1
2241,381,2,1
2242,381,3,1
2243,381,7,1
2244,381,8,1
2245,382,2,1
2246,382,3,1
2247,382,7,1
2248,382,8,1
2249,383,2,1
2250,383,3,1
2251,383,7,1
2252,383,8,1
2253,384,2,1
2254,384,3,1
2255,384,7,1
2256,384,8,1
2257,385,2,1
2258,385,3,1
2259,385,7,1
2260,385,8,1
2261,386,2,1
2262,386,3,1
2263,386,7,1
2264,386,8,1
2265,387,2,1
2266,387,3,1
2267,387,7,1
2268,387,8,1
2269,388,2,1
2270,388,3,1
2271,388,7,1
2272,388,8,1
2273,389,1,1
2274,389,2,1
2275,389,3,1
2276,389,7,1
2277,389,8,1
2278,390,2,1
2279,390,3,1
2280,390,7,1
2281,390,8,1
2282,391,1,1
2283,391,2,1
2284,391,3,1
2285,391,7,1
2286,391,8,1
2287,392,2,1
2288,392,3,1
2289,392,7,1
2290,392,8,1
2291,393,2,1
2292,393,3,1
2293,393,7,1
2294,393,8,1
2295,394,2,1
2296,394,3,1
2297,394,7,1
2298,394,8,1
2299,395,1,1
2300,395,2,1
2301,395,3,1
2302,395,7,1
2303,395,8,1
2304,396,2,1
2305,396,3,1
2306,396,7,1
2307,396,8,1
2308,397,2,1
2309,397,3,1
2310,397,7,1
2311,397,8,1
2312,398,2,1
2313,398,3,1
2314,398,7,1
2315,398,8,1
2316,399,2,1
2317,399,3,1
2318,399,7,1
2319,399,8,1
2320,400,2,1
2321,400,3,1
2322,400,7,1
2323,400,8,1
2324,401,2,1
2325,401,3,1
2326,401,7,1
2327,401,8,1
2328,402,1,1
2329,402,2,1
2330,402,3,1
2331,402,7,1
2332,402,8,1
2333,403,2,1
2334,403,3,1
2335,403,7,1
2336,403,8,1
2337,404,1,1
2338,404,2,1
2339,404,3,1
2340,404,7,1
2341,404,8,1
2342,405,2,1
2343,405,3,1
2344,405,7,1
2345,405,8,1
2346,406,1,1
2347,406,2,1
2348,406,3,1
2349,406,7,1
2350,406,8,1
2351,407,2,1
2352,407,3,1
2353,407,7,1
2354,407,8,1
2355,408,2,1
2356,408,3,1
2357,408,7,1
2358,408,8,1
2359,409,2,1
2360,409,3,1
2361,409,7,1
2362,409,8,1
2363,410,2,1
2364,410,3,1
2365,410,7,1
2366,410,8,1
2367,411,2,1
2368,411,3,1
2369,411,7,1
2370,411,8,1
2371,412,2,1
2372,412,3,1
2373,412,7,1
2374,412,8,1
2375,413,1,1
2376,413,2,1
2377,413,3,1
2378,413,7,1
2379,413,8,1
2380,414,2,1
2381,414,3,1
2382,414,7,1
2383,414,8,1
2384,415,2,1
2385,415,3,1
2386,415,7,1
2387,415,8,1
2388,416,1,1
2389,416,2,1
2390,416,3,1
2391,416,7,1
2392,416,8,1
2393,417,1,1
2394,417,2,1
2395,417,3,1
2396,417,7,1
2397,417,8,1
2398,418,2,1
2399,418,3,1
2400,418,7,1
2401,418,8,1
2402,419,2,1
2403,419,3,1
2404,419,7,1
2405,419,8,1
2406,420,2,1
2407,420,3,1
2408,420,7,1
2409,420,8,1
2410,421,2,1
2411,421,3,1
2412,421,7,1
2413,421,8,1
2414,422,2,1
2415,422,3,1
2416,422,7,1
2417,422,8,1
2418,423,2,1
2419,423,3,1
2420,423,7,1
2421,423,8,1
2422,424,2,1
2423,424,3,1
2424,424,7,1
2425,424,8,1
2426,425,2,1
2427,425,3,1
2428,425,7,1
2429,425,8,1
2430,426,2,1
2431,426,3,1
2432,426,7,1
2433,426,8,1
2434,427,1,1
2435,427,2,1
2436,427,3,1
2437,427,7,1
2438,427,8,1
2439,428,2,1
2440,428,3,1
2441,428,7,1
2442,428,8,1
2443,429,2,1
2444,429,3,1
2445,429,7,1
2446,429,8,1
2447,430,2,1
2448,430,3,1
2449,430,7,1
2450,430,8,1
2451,431,2,1
2452,431,3,1
2453,431,7,1
2454,431,8,1
2455,432,2,1
2456,432,3,1
2457,432,7,1
2458,432,8,1
2459,433,1,1
2460,433,2,1
2461,433,3,1
2462,433,7,1
2463,433,8,1
2464,434,1,1
2465,434,2,1
2466,434,3,1
2467,434,7,1
2468,434,8,1
2469,435,2,1
2470,435,3,1
2471,435,7,1
2472,435,8,1
2473,436,2,1
2474,436,3,1
2475,436,7,1
2476,436,8,1
2477,437,2,1
2478,437,3,1
2479,437,7,1
2480,437,8,1
2481,438,1,1
2482,438,2,1
2483,438,3,1
2484,438,7,1
2485,438,8,1
2486,439,2,1
2487,439,3,1
2488,439,7,1
2489,439,8,1
2490,440,2,1
2491,440,3,1
2492,440,7,1
2493,440,8,1
2494,441,2,1
2495,441,3,1
2496,441,7,1
2497,441,8,1
2498,442,2,1
2499,442,3,1
2500,442,7,1
2501,442,8,1
2502,443,2,1
2503,443,3,1
2504,443,7,1
2505,443,8,1
2506,444,2,1
2507,444,3,1
2508,444,7,1
2509,444,8,1
2510,445,2,1
2511,445,3,1
2512,445,7,1
2513,445,8,1
2514,446,2,1
2515,446,3,1
2516,446,7,1
2517,446,8,1
2518,447,2,1
2519,447,3,1
2520,447,7,1
2521,447,8,1
2522,448,2,1
2523,448,3,1
2524,448,7,1
2525,448,8,1
2526,449,2,1
2527,449,3,1
2528,449,7,1
2529,449,8,1
2530,450,2,1
2531,450,3,1
2532,450,7,1
2533,450,8,1
2534,451,1,1
2535,451,2,1
2536,451,3,1
2537,451,7,1
2538,451,8,1
2539,452,2,1
2540,452,3,1
2541,452,7,1
2542,452,8,1
2543,453,2,1
2544,453,3,1
2545,453,7,1
2546,453,8,1
2547,454,2,1
2548,454,3,1
2549,454,7,1
2550,454,8,1
2551,455,2,1
2552,455,3,1
2553,455,7,1
2554,455,8,1
2555,456,2,1
2556,456,3,1
2557,456,7,1
2558,456,8,1
2559,457,2,1
2560,457,3,1
2561,457,7,1
2562,457,8,1
2563,458,2,1
2564,458,3,1
2565,458,7,1
2566,458,8,1
2567,459,2,1
2568,459,3,1
2569,459,7,1
2570,459,8,1
2571,460,1,1
2572,460,2,1
2573,460,3,1
2574,460,7,1
2575,460,8,1
2576,461,2,1
2577,461,3,1
2578,461,7,1
2579,461,8,1
2580,462,2,1
2581,462,3,1
2582,462,7,1
2583,462,8,1
2584,463,2,1
2585,463,3,1
2586,463,7,1
2587,463,8,1
2588,464,2,1
2589,464,3,1
2590,464,7,1
2591,464,8,1
2592,465,2,1
2593,465,3,1
2594,465,7,1
2595,465,8,1
2596,466,2,1
2597,466,3,1
2598,466,7,1
2599,466,8,1
2600,467,2,1
2601,467,3,1
2602,467,7,1
2603,467,8,1
2604,468,2,1
2605,468,3,1
2606,468,7,1
2607,468,8,1
2608,469,2,1
2609,469,3,1
2610,469,7,1
2611,469,8,1
2612,470,1,1
2613,470,2,1
2614,470,3,1
2615,470,7,1
2616,470,8,1
2617,471,2,1
2618,471,3,1
2619,471,7,1
2620,471,8,1
2621,472,2,1
2622,472,3,1
2623,472,7,1
2624,472,8,1
2625,473,2,1
2626,473,3,1
2627,473,7,1
2628,473,8,1
2629,474,2,1
2630,474,3,1
2631,474,7,1
2632,474,8,1
2633,475,2,1
2634,475,3,1
2635,475,7,1
2636,475,8,1
2637,476,1,1
2638,476,2,1
2639,476,3,1
2640,476,7,1
2641,476,8,1
2642,477,2,1
2643,477,3,1
2644,477,7,1
2645,477,8,1
2646,478,2,1
2647,478,3,1
2648,478,7,1
2649,478,8,1
2650,479,1,1
2651,479,2,1
2652,479,3,1
2653,479,7,1
2654,479,8,1
2655,480,2,1
2656,480,3,1
2657,480,7,1
2658,480,8,1
2659,481,2,1
2660,481,3,1
2661,481,7,1
2662,481,8,1
2663,482,2,1
2664,482,3,1
2665,482,7,1
2666,482,8,1
2667,483,2,1
2668,483,3,1
2669,483,7,1
2670,483,8,1
2671,484,2,1
2672,484,3,1
2673,484,7,1
2674,484,8,1
2675,485,2,1
2676,485,3,1
2677,485,7,1
2678,485,8,1
2679,486,2,1
2680,486,3,1
2681,486,7,1
2682,486,8,1
2683,487,2,1
2684,487,3,1
2685,487,7,1
2686,487,8,1
2687,488,2,1
2688,488,3,1
2689,488,7,1
2690,488,8,1
2691,489,2,1
2692,489,3,1
2693,489,7,1
2694,489,8,1
2695,490,2,1
2696,490,3,1
2697,490,7,1
2698,490,8,1
2699,491,2,1
2700,491,3,1
2701,491,7,1
2702,491,8,1
2703,492,2,1
2704,492,3,1
2705,492,7,1
2706,492,8,1
2707,493,2,1
2708,493,3,1
2709,493,7,1
2710,493,8,1
2711,494,1,1
2712,494,2,1
2713,494,3,1
2714,494,7,1
2715,494,8,1
2716,495,2,1
2717,495,3,1
2718,495,7,1
2719,495,8,1
2720,496,1,1
2721,496,2,1
2722,496,3,1
2723,496,7,1
2724,496,8,1
2725,497,2,1
2726,497,3,1
2727,497,7,1
2728,497,8,1
2729,498,1,1
2730,498,2,1
2731,498,3,1
2732,498,7,1
2733,498,8,1
2734,499,2,1
2735,499,3,1
2736,499,7,1
2737,499,8,1
2738,500,2,1
2739,500,3,1
2740,500,7,1
2741,500,8,1
2742,501,2,1
2743,501,3,1
2744,501,7,1
2745,501,8,1
2746,502,1,1
2747,502,2,1
2748,502,3,1
2749,502,7,1
2750,502,8,1
2751,503,2,1
2752,503,3,1
2753,503,7,1
2754,503,8,1
2755,504,2,1
2756,504,3,1
2757,504,7,1
2758,504,8,1
2759,505,2,1
2760,505,3,1
2761,505,7,1
2762,505,8,1
2763,506,2,1
2764,506,3,1
2765,506,7,1
2766,506,8,1
2767,507,1,1
2768,507,2,1
2769,507,3,1
2770,507,7,1
2771,507,8,1
2772,508,2,1
2773,508,3,1
2774,508,7,1
2775,508,8,1
2776,509,2,1
2777,509,3,1
2778,509,7,1
2779,509,8,1
2780,510,2,1
2781,510,3,1
2782,510,7,1
2783,510,8,1
2784,511,2,1
2785,511,3,1
2786,511,7,1
2787,511,8,1
2788,512,1,1
2789,512,2,1
2790,512,3,1
2791,512,7,1
2792,512,8,1
2793,513,1,1
2794,513,2,1
2795,513,3,1
2796,513,7,1
2797,513,8,1
2798,514,2,1
2799,514,3,1
2800,514,7,1
2801,514,8,1
2802,515,1,1
2803,515,2,1
2804,515,3,1
2805,515,7,1
2806,515,8,1
2807,516,2,1
2808,516,3,1
2809,516,7,1
2810,516,8,1
2811,517,2,1
2812,517,3,1
2813,517,7,1
2814,517,8,1
2815,518,2,1
2816,518,3,1
2817,518,7,1
2818,518,8,1
2819,519,2,1
2820,519,3,1
2821,519,7,1
2822,519,8,1
2823,520,1,1
2824,520,2,1
2825,520,3,1
2826,520,7,1
2827,520,8,1
2828,521,1,1
2829,521,2,1
2830,521,3,1
2831,521,7,1
2832,521,8,1
2833,522,2,1
2834,522,3,1
2835,522,7,1
2836,522,8,1
2837,523,2,1
2838,523,3,1
2839,523,7,1
2840,523,8,1
2841,524,2,1
2842,524,3,1
2843,524,7,1
2844,524,8,1
2845,525,2,1
2846,525,3,1
2847,525,7,1
2848,525,8,1
2849,526,2,1
2850,526,3,1
2851,526,7,1
2852,526,8,1
2853,527,2,1
2854,527,3,1
2855,527,7,1
2856,527,8,1
2857,528,2,1
2858,528,3,1
2859,528,7,1
2860,528,8,1
2861,529,2,1
2862,529,3,1
2863,529,7,1
2864,529,8,1
2865,530,2,1
2866,530,3,1
2867,530,7,1
2868,530,8,1
2869,531,1,1
2870,531,2,1
2871,531,3,1
2872,531,7,1
2873,531,8,1
2874,532,2,1
2875,532,3,1
2876,532,7,1
2877,532,8,1
2878,533,1,1
2879,533,2,1
2880,533,3,1
2881,533,7,1
2882,533,8,1
2883,534,2,1
2884,534,3,1
2885,534,7,1
2886,534,8,1
2887,535,2,1
2888,535,3,1
2889,535,7,1
2890,535,8,1
2891,536,2,1
2892,536,3,1
2893,536,7,1
2894,536,8,1
2895,537,2,1
2896,537,3,1
2897,537,7,1
2898,537,8,1
2899,538,1,1
2900,538,2,1
2901,538,3,1
2902,538,7,1
2903,538,8,1
2904,539,1,1
2905,539,2,1
2906,539,3,1
2907,539,7,1
2908,539,8,1
2909,540,2,1
2910,540,3,1
2911,540,7,1
2912,540,8,1
2913,541,2,1
2914,541,3,1
2915,541,7,1
2916,541,8,1
2917,542,2,1
2918,542,3,1
2919,542,7,1
2920,542,8,1
2921,543,1,1
2922,543,2,1
2923,543,3,1
2924,543,7,1
2925,543,8,1
2926,544,2,1
2927,544,3,1
2928,544,7,1
2929,544,8,1
2930,545,1,1
2931,545,2,1
2932,545,3,1
2933,545,7,1
2934,545,8,1
2935,546,2,1
2936,546,3,1
2937,546,7,1
2938,546,8,1
2939,547,2,1
2940,547,3,1
2941,547,7,1
2942,547,8,1
2943,548,1,1
2944,548,2,1
2945,548,3,1
2946,548,7,1
2947,548,8,1
2948,549,1,1
2949,549,2,1
2950,549,3,1
2951,549,7,1
2952,549,8,1
2953,550,2,1
2954,550,3,1
2955,550,7,1
2956,550,8,1
2957,551,2,1
2958,551,3,1
2959,551,7,1
2960,551,8,1
2961,552,2,1
2962,552,3,1
2963,552,7,1
2964,552,8,1
2965,553,2,1
2966,553,3,1
2967,553,7,1
2968,553,8,1
2969,554,2,1
2970,554,3,1
2971,554,7,1
2972,554,8,1
2973,555,2,1
2974,555,3,1
2975,555,7,1
2976,555,8,1
2977,556,1,1
2978,556,2,1
2979,556,3,1
2980,556,7,1
2981,556,8,1
2982,557,2,1
2983,557,3,1
2984,557,7,1
2985,557,8,1
2986,558,1,1
2987,558,2,1
2988,558,3,1
2989,558,7,1
2990,558,8,1
2991,559,2,1
2992,559,3,1
2993,559,7,1
2994,559,8,1
2995,560,2,1
2996,560,3,1
2997,560,7,1
2998,560,8,1
2999,561,2,1
3000,561,3,1
3001,561,7,1
3002,561,8,1
3003,562,2,1
3004,562,3,1
3005,562,7,1
3006,562,8,1
3007,563,2,1
3008,563,3,1
3009,563,7,1
3010,563,8,1
3011,564,1,1
3012,564,2,1
3013,564,3,1
3014,564,7,1
3015,564,8,1
3016,565,2,1
3017,565,3,1
3018,565,7,1
3019,565,8,1
3020,566,3,1
3021,566,4,1
3022,566,5,1
3023,566,6,1
3024,566,7,1
3025,566,8,1
3026,567,3,1
3027,567,4,1
3028,567,5,1
3029,567,6,1
3030,567,7,1
3031,567,8,1
3032,568,3,1
3033,568,4,1
3034,568,5,1
3035,568,6,1
3036,568,7,1
3037,568,8,1
3038,569,3,1
3039,569,4,1
3040,569,5,1
3041,569,6,1
3042,569,7,1
3043,569,8,1
3044,570,3,1
3045,570,4,1
3046,570,5,1
3047,570,6,1
3048,570,7,1
3049,570,8,1
3050,571,3,1
3051,571,4,1
3052,571,5,1
3053,571,6,1
3054,571,7,1
3055,571,8,1
3056,572,3,1
3057,572,4,1
3058,572,5,1
3059,572,7,1
3060,572,8,1
3061,573,1,1
3062,573,3,1
3063,573,4,1
3064,573,5,1
3065,573,6,1
3066,573,7,1
3067,573,8,1
3068,574,3,1
3069,574,4,1
3070,574,5,1
3071,574,6,1
3072,574,7,1
3073,574,8,1
3074,575,3,1
3075,575,4,1
3076,575,5,1
3077,575,7,1
3078,575,8,1
3079,576,1,1
3080,576,3,1
3081,576,4,1
3082,576,5,1
3083,576,6,1
3084,576,7,1
3085,576,8,1
3086,577,3,1
3087,577,4,1
3088,577,5,1
3089,577,6,1
3090,577,7,1
3091,577,8,1
3092,578,3,1
3093,578,4,1
3094,578,5,1
3095,578,7,1
3096,578,8,1
3097,579,3,1
3098,579,4,1
3099,579,5,1
3100,579,6,1
3101,579,7,1
3102,579,8,1
3103,580,3,1
3104,580,4,1
3105,580,5,1
3106,580,6,1
3107,580,7,1
3108,580,8,1
3109,581,3,1
3110,581,4,1
3111,581,5,1
3112,581,6,1
3113,581,7,1
3114,581,8,1
3115,582,3,1
3116,582,4,1
3117,582,5,1
3118,582,6,1
3119,582,7,1
3120,582,8,1
3121,583,3,1
3122,583,4,1
3123,583,5,1
3124,583,6,1
3125,583,7,1
3126,583,8,1
3127,584,3,1
3128,584,4,1
3129,584,5,1
3130,584,6,1
3131,584,7,1
3132,584,8,1
3133,585,3,1
3134,585,4,1
3135,585,5,1
3136,585,6,1
3137,585,7,1
3138,585,8,1
3139,586,3,1
3140,586,4,1
3141,586,5,1
3142,586,6,1
3143,586,7,1
3144,586,8,1
3145,587,3,1
3146,587,4,1
3147,587,5,1
3148,587,6,1
3149,587,7,1
3150,587,8,1
3151,588,3,1
3152,588,4,1
3153,588,5,1
3154,588,6,1
3155,588,7,1
3156,588,8,1
3157,589,3,1
3158,589,4,1
3159,589,5,1
3160,589,6,1
3161,589,7,1
3162,589,8,1
3163,590,3,1
3164,590,4,1
3165,590,5,1
3166,590,6,1
3167,590,7,1
3168,590,8,1
3169,591,3,1
3170,591,4,1
3171,591,5,1
3172,591,6,1
3173,591,7,1
3174,591,8,1
3175,592,3,1
3176,592,4,1
3177,592,5,1
3178,592,6,1
3179,592,7,1
3180,592,8,1
3181,593,3,1
3182,593,4,1
3183,593,5,1
3184,593,6,1
3185,593,7,1
3186,593,8,1
3187,594,3,1
3188,594,4,1
3189,594,5,1
3190,594,6,1
3191,594,7,1
3192,594,8,1
3193,595,1,1
3194,595,3,1
3195,595,4,1
3196,595,5,1
3197,595,6,1
3198,595,7,1
3199,595,8,1
3200,596,3,1
3201,596,4,1
3202,596,5,1
3203,596,6,1
3204,596,7,1
3205,596,8,1
3206,597,3,1
3207,597,4,1
3208,597,5,1
3209,597,6,1
3210,597,7,1
3211,597,8,1
3212,598,1,1
3213,598,3,1
3214,598,4,1
3215,598,5,1
3216,598,6,1
3217,598,7,1
3218,598,8,1
3219,599,3,1
3220,599,4,1
3221,599,5,1
3222,599,6,1
3223,599,7,1
3224,599,8,1
3225,600,3,1
3226,600,4,1
3227,600,5,1
3228,600,6,1
3229,600,7,1
3230,600,8,1
3231,601,1,1
3232,601,3,1
3233,601,4,1
3234,601,5,1
3235,601,6,1
3236,601,7,1
3237,601,8,1
3238,602,1,1
3239,602,3,1
3240,602,4,1
3241,602,5,1
3242,602,6,1
3243,602,7,1
3244,602,8,1
3245,603,3,1
3246,603,4,1
3247,603,5,1
3248,603,7,1
3249,603,8,1
3250,604,3,1
3251,604,4,1
3252,604,5,1
3253,604,7,1
3254,604,8,1
3255,605,3,1
3256,605,4,1
3257,605,5,1
3258,605,6,1
3259,605,7,1
3260,605,8,1
3261,606,1,1
3262,606,3,1
3263,606,4,1
3264,606,5,1
3265,606,6,1
3266,606,7,1
3267,606,8,1
3268,607,3,1
3269,607,4,1
3270,607,5,1
3271,607,6,1
3272,607,7,1
3273,607,8,1
3274,608,1,1
3275,608,3,1
3276,608,4,1
3277,608,5,1
3278,608,6,1
3279,608,7,1
3280,608,8,1
3281,609,3,1
3282,609,4,1
3283,609,5,1
3284,609,6,1
3285,609,7,1
3286,609,8,1
3287,610,1,1
3288,610,3,1
3289,610,4,1
3290,610,5,1
3291,610,6,1
3292,610,7,1
3293,610,8,1
3294,611,3,1
3295,611,4,1
3296,611,5,1
3297,611,6,1
3298,611,7,1
3299,611,8,1
3300,612,3,1
3301,612,4,1
3302,612,5,1
3303,612,7,1
3304,612,8,1
3305,613,1,1
3306,613,3,1
3307,613,4,1
3308,613,5,1
3309,613,6,1
3310,613,7,1
3311,613,8,1
3312,614,3,1
3313,614,4,1
3314,614,5,1
3315,614,6,1
3316,614,7,1
3317,614,8,1
3318,615,3,1
3319,615,4,1
3320,615,5,1
3321,615,6,1
3322,615,7,1
3323,615,8,1
3324,616,3,1
3325,616,4,1
3326,616,5,1
3327,616,7,1
3328,616,8,1
3329,617,3,1
3330,617,4,1
3331,617,5,1
3332,617,7,1
3333,617,8,1
3334,618,3,1
3335,618,4,1
3336,618,5,1
3337,618,6,1
3338,618,7,1
3339,618,8,1
3340,619,1,1
3341,619,3,1
3342,619,4,1
3343,619,5,1
3344,619,7,1
3345,619,8,1
3346,620,3,1
3347,620,4,1
3348,620,5,1
3349,620,6,1
3350,620,7,1
3351,620,8,1
3352,621,3,1
3353,621,4,1
3354,621,5,1
3355,621,6,1
3356,621,7,1
3357,621,8,1
3358,622,3,1
3359,622,4,1
3360,622,5,1
3361,622,6,1
3362,622,7,1
3363,622,8,1
3364,623,3,1
3365,623,4,1
3366,623,5,1
3367,623,6,1
3368,623,7,1
3369,623,8,1
3370,624,3,1
3371,624,4,1
3372,624,5,1
3373,624,6,1
3374,624,7,1
3375,624,8,1
3376,625,1,1
3377,625,3,1
3378,625,4,1
3379,625,5,1
3380,625,6,1
3381,625,7,1
3382,625,8,1
3383,626,3,1
3384,626,4,1
3385,626,5,1
3386,626,6,1
3387,626,7,1
3388,626,8,1
3389,627,3,1
3390,627,4,1
3391,627,5,1
3392,627,6,1
3393,627,7,1
3394,627,8,1
3395,628,3,1
3396,628,4,1
3397,628,5,1
3398,628,6,1
3399,628,7,1
3400,628,8,1
3401,629,1,1
3402,629,3,1
3403,629,4,1
3404,629,5,1
3405,629,6,1
3406,629,7,1
3407,629,8,1
3408,630,3,1
3409,630,4,1
3410,630,5,1
3411,630,7,1
3412,630,8,1
3413,631,3,1
3414,631,4,1
3415,631,5,1
3416,631,6,1
3417,631,7,1
3418,631,8,1
3419,632,3,1
3420,632,4,1
3421,632,5,1
3422,632,7,1
3423,632,8,1
3424,633,3,1
3425,633,4,1
3426,633,5,1
3427,633,7,1
3428,633,8,1
3429,634,3,1
3430,634,4,1
3431,634,5,1
3432,634,6,1
3433,634,7,1
3434,634,8,1
3435,635,3,1
3436,635,4,1
3437,635,5,1
3438,635,7,1
3439,635,8,1
3440,636,3,1
3441,636,4,1
3442,636,5,1
3443,636,6,1
3444,636,7,1
3445,636,8,1
3446,637,3,1
3447,637,4,1
3448,637,5,1
3449,637,6,1
3450,637,7,1
3451,637,8,1
3452,638,3,1
3453,638,4,1
3454,638,5,1
3455,638,6,1
3456,638,7,1
3457,638,8,1
3458,639,3,1
3459,639,4,1
3460,639,5,1
3461,639,6,1
3462,639,7,1
3463,639,8,1
3464,640,3,1
3465,640,4,1
3466,640,5,1
3467,640,7,1
3468,640,8,1
3469,641,3,1
3470,641,4,1
3471,641,5,1
3472,641,6,1
3473,641,7,1
3474,641,8,1
3475,642,1,1
3476,642,3,1
3477,642,4,1
3478,642,5,1
3479,642,6,1
3480,642,7,1
3481,642,8,1
3482,643,1,1
3483,643,3,1
3484,643,4,1
3485,643,5,1
3486,643,6,1
3487,643,7,1
3488,643,8,1
3489,644,3,1
3490,644,4,1
3491,644,5,1
3492,644,6,1
3493,644,7,1
3494,644,8,1
3495,645,3,1
3496,645,4,1
3497,645,5,1
3498,645,6,1
3499,645,7,1
3500,645,8,1
3501,646,3,1
3502,646,4,1
3503,646,5,1
3504,646,6,1
3505,646,7,1
3506,646,8,1
3507,647,3,1
3508,647,4,1
3509,647,5,1
3510,647,7,1
3511,647,8,1
3512,648,1,1
3513,648,3,1
3514,648,4,1
3515,648,5,1
3516,648,6,1
3517,648,7,1
3518,648,8,1
3519,649,3,1
3520,649,4,1
3521,649,5,1
3522,649,6,1
3523,649,7,1
3524,649,8,1
3525,650,3,1
3526,650,4,1
3527,650,5,1
3528,650,6,1
3529,650,7,1
3530,650,8,1
3531,651,1,1
3532,651,3,1
3533,651,4,1
3534,651,5,1
3535,651,6,1
3536,651,7,1
3537,651,8,1
3538,652,3,1
3539,652,4,1
3540,652,5,1
3541,652,6,1
3542,652,7,1
3543,652,8,1
3544,653,3,1
3545,653,4,1
3546,653,5,1
3547,653,6,1
3548,653,7,1
3549,653,8,1
3550,654,3,1
3551,654,4,1
3552,654,5,1
3553,654,7,1
3554,654,8,1
3555,655,3,1
3556,655,4,1
3557,655,5,1
3558,655,6,1
3559,655,7,1
3560,655,8,1
3561,656,3,1
3562,656,4,1
3563,656,5,1
3564,656,7,1
3565,656,8,1
3566,657,1,1
3567,657,3,1
3568,657,4,1
3569,657,5,1
3570,657,6,1
3571,657,7,1
3572,657,8,1
3573,658,3,1
3574,658,4,1
3575,658,5,1
3576,658,7,1
3577,658,8,1
3578,659,3,1
3579,659,4,1
3580,659,5,1
3581,659,6,1
3582,659,7,1
3583,659,8,1
3584,660,3,1
3585,660,4,1
3586,660,5,1
3587,660,7,1
3588,660,8,1
3589,661,3,1
3590,661,4,1
3591,661,5,1
3592,661,6,1
3593,661,7,1
3594,661,8,1
3595,662,3,1
3596,662,4,1
3597,662,5,1
3598,662,6,1
3599,662,7,1
3600,662,8,1
3601,663,1,1
3602,663,3,1
3603,663,4,1
3604,663,5,1
3605,663,6,1
3606,663,7,1
3607,663,8,1
3608,664,3,1
3609,664,4,1
3610,664,5,1
3611,664,7,1
3612,664,8,1
3613,665,3,1
3614,665,4,1
3615,665,5,1
3616,665,7,1
3617,665,8,1
3618,666,3,1
3619,666,4,1
3620,666,5,1
3621,666,6,1
3622,666,7,1
3623,666,8,1
3624,667,3,1
3625,667,4,1
3626,667,5,1
3627,667,6,1
3628,667,7,1
3629,667,8,1
3630,668,3,1
3631,668,4,1
3632,668,5,1
3633,668,6,1
3634,668,7,1
3635,668,8,1
3636,669,3,1
3637,669,4,1
3638,669,5,1
3639,669,6,1
3640,669,7,1
3641,669,8,1
3642,670,1,1
3643,670,3,1
3644,670,4,1
3645,670,5,1
3646,670,6,1
3647,670,7,1
3648,670,8,1
3649,671,1,1
3650,671,3,1
3651,671,4,1
3652,671,5,1
3653,671,6,1
3654,671,7,1
3655,671,8,1
3656,672,3,1
3657,672,4,1
3658,672,5,1
3659,672,7,1
3660,672,8,1
3661,673,3,1
3662,673,4,1
3663,673,5,1
3664,673,6,1
3665,673,7,1
3666,673,8,1
3667,674,3,1
3668,674,4,1
3669,674,5,1
3670,674,6,1
3671,674,7,1
3672,674,8,1
3673,675,3,1
3674,675,4,1
3675,675,5,1
3676,675,6,1
3677,675,7,1
3678,675,8,1
3679,676,1,1
3680,676,3,1
3681,676,4,1
3682,676,5,1
3683,676,6,1
3684,676,7,1
3685,676,8,1
3686,677,3,1
3687,677,4,1
3688,677,5,1
3689,677,7,1
3690,677,8,1
3691,678,1,1
3692,678,3,1
3693,678,4,1
3694,678,5,1
3695,678,6,1
3696,678,7,1
3697,678,8,1
3698,679,3,1
3699,679,4,1
3700,679,5,1
3701,679,7,1
3702,679,8,1
3703,680,3,1
3704,680,4,1
3705,680,5,1
3706,680,6,1
3707,680,7,1
3708,680,8,1
3709,681,3,1
3710,681,4,1
3711,681,5,1
3712,681,7,1
3713,681,8,1
3714,682,3,1
3715,682,4,1
3716,682,5,1
3717,682,6,1
3718,682,7,1
3719,682,8,1
3720,683,3,1
3721,683,4,1
3722,683,5,1
3723,683,6,1
3724,683,7,1
3725,683,8,1
3726,684,3,1
3727,684,4,1
3728,684,5,1
3729,684,6,1
3730,684,7,1
3731,684,8,1
3732,685,3,1
3733,685,4,1
3734,685,5,1
3735,685,6,1
3736,685,7,1
3737,685,8,1
3738,686,1,1
3739,686,3,1
3740,686,4,1
3741,686,5,1
3742,686,7,1
3743,686,8,1
3744,687,3,1
3745,687,4,1
3746,687,5,1
3747,687,7,1
3748,687,8,1
3749,688,3,1
3750,688,4,1
3751,688,5,1
3752,688,6,1
3753,688,7,1
3754,688,8,1
3755,689,3,1
3756,689,4,1
3757,689,5,1
3758,689,6,1
3759,689,7,1
3760,689,8,1
3761,690,3,1
3762,690,4,1
3763,690,5,1
3764,690,6,1
3765,690,7,1
3766,690,8,1
3767,691,1,1
3768,691,3,1
3769,691,4,1
3770,691,5,1
3771,691,7,1
3772,691,8,1
3773,692,3,1
3774,692,4,1
3775,692,5,1
3776,692,7,1
3777,692,8,1
3778,693,1,1
3779,693,3,1
3780,693,4,1
3781,693,5,1
3782,693,6,1
3783,693,7,1
3784,693,8,1
3785,694,3,1
3786,694,4,1
3787,694,5,1
3788,694,7,1
3789,694,8,1
3790,695,3,1
3791,695,4,1
3792,695,5,1
3793,695,6,1
3794,695,7,1
3795,695,8,1
3796,696,3,1
3797,696,4,1
3798,696,5,1
3799,696,7,1
3800,696,8,1
3801,697,3,1
3802,697,4,1
3803,697,5,1
3804,697,7,1
3805,697,8,1
3806,698,3,1
3807,698,4,1
3808,698,5,1
3809,698,6,1
3810,698,7,1
3811,698,8,1
3812,699,3,1
3813,699,4,1
3814,699,5,1
3815,699,6,1
3816,699,7,1
3817,699,8,1
3818,700,3,1
3819,700,4,1
3820,700,5,1
3821,700,6,1
3822,700,7,1
3823,700,8,1
3824,701,3,1
3825,701,4,1
3826,701,5,1
3827,701,6,1
3828,701,7,1
3829,701,8,1
3830,702,3,1
3831,702,4,1
3832,702,5,1
3833,702,6,1
3834,702,7,1
3835,702,8,1
3836,703,1,1
3837,703,3,1
3838,703,4,1
3839,703,5,1
3840,703,7,1
3841,703,8,1
3842,704,3,1
3843,704,4,1
3844,704,5,1
3845,704,6,1
3846,704,7,1
3847,704,8,1
3848,705,3,1
3849,705,4,1
3850,705,5,1
3851,705,7,1
3852,705,8,1
3853,706,3,1
3854,706,4,1
3855,706,5,1
3856,706,6,1
3857,706,7,1
3858,706,8,1
3859,707,1,1
3860,707,3,1
3861,707,4,1
3862,707,5,1
3863,707,6,1
3864,707,7,1
3865,707,8,1
3866,708,3,1
3867,708,4,1
3868,708,5,1
3869,708,6,1
3870,708,7,1
3871,708,8,1
3872,709,3,1
3873,709,4,1
3874,709,5,1
3875,709,7,1
3876,709,8,1
3877,710,3,1
3878,710,4,1
3879,710,5,1
3880,710,6,1
3881,710,7,1
3882,710,8,1
3883,711,3,1
3884,711,4,1
3885,711,5,1
3886,711,6,1
3887,711,7,1
3888,711,8,1
3889,712,1,1
3890,712,3,1
3891,712,4,1
3892,712,5,1
3893,712,7,1
3894,712,8,1
3895,713,1,1
3896,713,3,1
3897,713,4,1
3898,713,5,1
3899,713,6,1
3900,713,7,1
3901,713,8,1
3902,714,3,1
3903,714,4,1
3904,714,5,1
3905,714,6,1
3906,714,7,1
3907,714,8,1
3908,715,3,1
3909,715,4,1
3910,715,5,1
3911,715,6,1
3912,715,7,1
3913,715,8,1
3914,716,3,1
3915,716,4,1
3916,716,5,1
3917,716,6,1
3918,716,7,1
3919,716,8,1
3920,717,3,1
3921,717,4,1
3922,717,5,1
3923,717,6,1
3924,717,7,1
3925,717,8,1
3926,718,3,1
3927,718,4,1
3928,718,5,1
3929,718,6,1
3930,718,7,1
3931,718,8,1
3932,719,3,1
3933,719,4,1
3934,719,5,1
3935,719,6,1
3936,719,7,1
3937,719,8,1
3938,720,3,1
3939,720,4,1
3940,720,5,1
3941,720,6,1
3942,720,7,1
3943,720,8,1
3944,721,3,1
3945,721,4,1
3946,721,5,1
3947,721,6,1
3948,721,7,1
3949,721,8,1
3950,722,3,1
3951,722,4,1
3952,722,5,1
3953,722,6,1
3954,722,7,1
3955,722,8,1
3956,723,3,1
3957,723,4,1
3958,723,5,1
3959,723,6,1
3960,723,7,1
3961,723,8,1
3962,724,1,1
3963,724,3,1
3964,724,4,1
3965,724,5,1
3966,724,6,1
3967,724,7,1
3968,724,8,1
3969,725,3,1
3970,725,4,1
3971,725,5,1
3972,725,7,1
3973,725,8,1
3974,726,3,1
3975,726,4,1
3976,726,5,1
3977,726,6,1
3978,726,7,1
3979,726,8,1
3980,727,3,1
3981,727,4,1
3982,727,5,1
3983,727,6,1
3984,727,7,1
3985,727,8,1
3986,728,3,1
3987,728,4,1
3988,728,5,1
3989,728,6,1
3990,728,7,1
3991,728,8,1
3992,729,3,1
3993,729,4,1
3994,729,5,1
3995,729,6,1
3996,729,7,1
3997,729,8,1
3998,730,1,1
3999,730,3,1
4000,730,4,1
4001,730,5,1
4002,730,6,1
4003,730,7,1
4004,730,8,1
4005,731,1,1
4006,731,3,1
4007,731,4,1
4008,731,5,1
4009,731,6,1
4010,731,7,1
4011,731,8,1
4012,732,3,1
4013,732,4,1
4014,732,5,1
4015,732,6,1
4016,732,7,1
4017,732,8,1
4018,733,1,1
4019,733,3,1
4020,733,4,1
4021,733,5,1
4022,733,6,1
4023,733,7,1
4024,733,8,1
4025,734,1,1
4026,734,3,1
4027,734,4,1
4028,734,5,1
4029,734,6,1
4030,734,7,1
4031,734,8,1
4032,735,3,1
4033,735,4,1
4034,735,5,1
4035,735,6,1
4036,735,7,1
4037,735,8,1
4038,736,3,1
4039,736,4,1
4040,736,5,1
4041,736,7,1
4042,736,8,1
4043,737,3,1
4044,737,4,1
4045,737,5,1
4046,737,6,1
4047,737,7,1
4048,737,8,1
4049,738,3,1
4050,738,4,1
4051,738,5,1
4052,738,6,1
4053,738,7,1
4054,738,8,1
4055,739,1,1
4056,739,3,1
4057,739,4,1
4058,739,5,1
4059,739,6,1
4060,739,7,1
4061,739,8,1
4062,740,3,1
4063,740,4,1
4064,740,5,1
4065,740,6,1
4066,740,7,1
4067,740,8,1
4068,741,3,1
4069,741,4,1
4070,741,5,1
4071,741,6,1
4072,741,7,1
4073,741,8,1
4074,742,3,1
4075,742,4,1
4076,742,5,1
4077,742,6,1
4078,742,7,1
4079,742,8,1
4080,743,3,1
4081,743,4,1
4082,743,5,1
4083,743,7,1
4084,743,8,1
4085,744,3,1
4086,744,4,1
4087,744,5,1
4088,744,6,1
4089,744,7,1
4090,744,8,1
4091,745,3,1
4092,745,4,1
4093,745,5,1
4094,745,7,1
4095,745,8,1
4096,746,1,1
4097,746,3,1
4098,746,4,1
4099,746,5,1
4100,746,7,1
4101,746,8,1
4102,747,3,1
4103,747,4,1
4104,747,5,1
4105,747,7,1
4106,747,8,1
4107,748,3,1
4108,748,4,1
4109,748,5,1
4110,748,6,1
4111,748,7,1
4112,748,8,1
4113,749,3,1
4114,749,4,1
4115,749,5,1
4116,749,7,1
4117,749,8,1
4118,750,3,1
4119,750,4,1
4120,750,5,1
4121,750,6,1
4122,750,7,1
4123,750,8,1
4124,751,3,1
4125,751,4,1
4126,751,5,1
4127,751,6,1
4128,751,7,1
4129,751,8,1
4130,752,3,1
4131,752,4,1
4132,752,5,1
4133,752,6,1
4134,752,7,1
4135,752,8,1
4136,753,3,1
4137,753,4,1
4138,753,5,1
4139,753,6,1
4140,753,7,1
4141,753,8,1
4142,754,3,1
4143,754,4,1
4144,754,5,1
4145,754,6,1
4146,754,7,1
4147,754,8,1
4148,755,3,1
4149,755,4,1
4150,755,5,1
4151,755,6,1
4152,755,7,1
4153,755,8,1
4154,756,1,1
4155,756,3,1
4156,756,4,1
4157,756,5,1
4158,756,6,1
4159,756,7,1
4160,756,8,1
4161,757,1,1
4162,757,3,1
4163,757,4,1
4164,757,5,1
4165,757,7,1
4166,757,8,1
4167,758,1,1
4168,758,3,1
4169,758,4,1
4170,758,5,1
4171,758,7,1
4172,758,8,1
4173,759,3,1
4174,759,4,1
4175,759,5,1
4176,759,6,1
4177,759,7,1
4178,759,8,1
4179,760,1,1
4180,760,3,1
4181,760,4,1
4182,760,5,1
4183,760,7,1
4184,760,8,1
4185,761,3,1
4186,761,4,1
4187,761,5,1
4188,761,6,1
4189,761,7,1
4190,761,8,1
4191,762,3,1
4192,762,4,1
4193,762,5,1
4194,762,7,1
4195,762,8,1
4196,763,3,1
4197,763,4,1
4198,763,5,1
4199,763,6,1
4200,763,7,1
4201,763,8,1
4202,764,1,1
4203,764,3,1
4204,764,4,1
4205,764,5,1
4206,764,6,1
4207,764,7,1
4208,764,8,1
4209,765,3,1
4210,765,4,1
4211,765,5,1
4212,765,6,1
4213,765,7,1
4214,765,8,1
4215,766,3,1
4216,766,4,1
4217,766,5,1
4218,766,6,1
4219,766,7,1
4220,766,8,1
4221,767,3,1
4222,767,4,1
4223,767,5,1
4224,767,6,1
4225,767,7,1
4226,767,8,1
4227,768,3,1
4228,768,4,1
4229,768,5,1
4230,768,6,1
4231,768,7,1
4232,768,8,1
4233,769,3,1
4234,769,4,1
4235,769,5,1
4236,769,6,1
4237,769,7,1
4238,769,8,1
4239,770,3,1
4240,770,4,1
4241,770,5,1
4242,770,7,1
4243,770,8,1
4244,771,3,1
4245,771,4,1
4246,771,5,1
4247,771,6,1
4248,771,7,1
4249,771,8,1
4250,772,3,1
4251,772,4,1
4252,772,5,1
4253,772,7,1
4254,772,8,1
4255,773,3,1
4256,773,4,1
4257,773,5,1
4258,773,6,1
4259,773,7,1
4260,773,8,1
4261,774,3,1
4262,774,4,1
4263,774,5,1
4264,774,6,1
4265,774,7,1
4266,774,8,1
4267,775,3,1
4268,775,4,1
4269,775,5,1
4270,775,7,1
4271,775,8,1
4272,776,3,1
4273,776,4,1
4274,776,5,1
4275,776,7,1
4276,776,8,1
4277,777,1,1
4278,777,3,1
4279,777,4,1
4280,777,5,1
4281,777,6,1
4282,777,7,1
4283,777,8,1
4284,778,3,1
4285,778,4,1
4286,778,5,1
4287,778,6,1
4288,778,7,1
4289,778,8,1
4290,779,1,1
4291,779,3,1
4292,779,4,1
4293,779,5,1
4294,779,6,1
4295,779,7,1
4296,779,8,1
4297,780,3,1
4298,780,4,1
4299,780,5,1
4300,780,6,1
4301,780,7,1
4302,780,8,1
4303,781,3,1
4304,781,4,1
4305,781,5,1
4306,781,6,1
4307,781,7,1
4308,781,8,1
4309,782,3,1
4310,782,4,1
4311,782,5,1
4312,782,6,1
4313,782,7,1
4314,782,8,1
4315,783,3,1
4316,783,4,1
4317,783,5,1
4318,783,6,1
4319,783,7,1
4320,783,8,1
4321,784,3,1
4322,784,4,1
4323,784,5,1
4324,784,6,1
4325,784,7,1
4326,784,8,1
4327,785,3,1
4328,785,4,1
4329,785,5,1
4330,785,6,1
4331,785,7,1
4332,785,8,1
4333,786,1,1
4334,786,3,1
4335,786,4,1
4336,786,5,1
4337,786,6,1
4338,786,7,1
4339,786,8,1
4340,787,3,1
4341,787,4,1
4342,787,5,1
4343,787,7,1
4344,787,8,1
4345,788,1,1
4346,788,3,1
4347,788,4,1
4348,788,5,1
4349,788,6,1
4350,788,7,1
4351,788,8,1
4352,789,3,1
4353,789,4,1
4354,789,5,1
4355,789,6,1
4356,789,7,1
4357,789,8,1
4358,790,3,1
4359,790,4,1
4360,790,5,1
4361,790,6,1
4362,790,7,1
4363,790,8,1
4364,791,3,1
4365,791,4,1
4366,791,5,1
4367,791,7,1
4368,791,8,1
4369,792,3,1
4370,792,4,1
4371,792,5,1
4372,792,6,1
4373,792,7,1
4374,792,8,1
4375,793,1,1
4376,793,3,1
4377,793,4,1
4378,793,5,1
4379,793,6,1
4380,793,7,1
4381,793,8,1
4382,794,3,1
4383,794,4,1
4384,794,5,1
4385,794,6,1
4386,794,7,1
4387,794,8,1
4388,795,3,1
4389,795,4,1
4390,795,5,1
4391,795,7,1
4392,795,8,1
4393,796,3,1
4394,796,4,1
4395,796,5,1
4396,796,6,1
4397,796,7,1
4398,796,8,1
4399,797,1,1
4400,797,3,1
4401,797,4,1
4402,797,5,1
4403,797,6,1
4404,797,7,1
4405,797,8,1
4406,798,3,1
4407,798,4,1
4408,798,5,1
4409,798,6,1
4410,798,7,1
4411,798,8,1
4412,799,3,1
4413,799,4,1
4414,799,5,1
4415,799,6,1
4416,799,7,1
4417,799,8,1
4418,800,3,1
4419,800,4,1
4420,800,5,1
4421,800,6,1
4422,800,7,1
4423,800,8,1
4424,801,1,1
4425,801,3,1
4426,801,4,1
4427,801,5,1
4428,801,6,1
4429,801,7,1
4430,801,8,1
4431,802,3,1
4432,802,4,1
4433,802,5,1
4434,802,7,1
4435,802,8,1
4436,803,1,1
4437,803,3,1
4438,803,4,1
4439,803,5,1
4440,803,6,1
4441,803,7,1
4442,803,8,1
4443,804,3,1
4444,804,4,1
4445,804,5,1
4446,804,6,1
4447,804,7,1
4448,804,8,1
4449,805,3,1
4450,805,4,1
4451,805,5,1
4452,805,6,1
4453,805,7,1
4454,805,8,1
4455,806,3,1
4456,806,4,1
4457,806,5,1
4458,806,6,1
4459,806,7,1
4460,806,8,1
4461,807,3,1
4462,807,4,1
4463,807,5,1
4464,807,6,1
4465,807,7,1
4466,807,8,1
4467,808,3,1
4468,808,4,1
4469,808,5,1
4470,808,6,1
4471,808,7,1
4472,808,8,1
4473,809,3,1
4474,809,4,1
4475,809,5,1
4476,809,6,1
4477,809,7,1
4478,809,8,1
4479,810,1,1
4480,810,3,1
4481,810,4,1
4482,810,5,1
4483,810,6,1
4484,810,7,1
4485,810,8,1
4486,811,1,1
4487,811,3,1
4488,811,4,1
4489,811,5,1
4490,811,6,1
4491,811,7,1
4492,811,8,1
4493,812,3,1
4494,812,4,1
4495,812,5,1
4496,812,7,1
4497,812,8,1
4498,813,1,1
4499,813,3,1
4500,813,4,1
4501,813,5,1
4502,813,6,1
4503,813,7,1
4504,813,8,1
4505,814,3,1
4506,814,4,1
4507,814,5,1
4508,814,6,1
4509,814,7,1
4510,814,8,1
4511,815,1,1
4512,815,3,1
4513,815,4,1
4514,815,5,1
4515,815,6,1
4516,815,7,1
4517,815,8,1
4518,816,3,1
4519,816,4,1
4520,816,5,1
4521,816,6,1
4522,816,7,1
4523,816,8,1
4524,817,1,1
4525,817,3,1
4526,817,4,1
4527,817,5,1
4528,817,6,1
4529,817,7,1
4530,817,8,1
4531,818,1,1
4532,818,3,1
4533,818,4,1
4534,818,5,1
4535,818,6,1
4536,818,7,1
4537,818,8,1
4538,819,3,1
4539,819,4,1
4540,819,5,1
4541,819,6,1
4542,819,7,1
4543,819,8,1
4544,820,3,1
4545,820,4,1
4546,820,5,1
4547,820,6,1
4548,820,7,1
4549,820,8,1
4550,821,1,1
4551,821,3,1
4552,821,4,1
4553,821,5,1
4554,821,6,1
4555,821,7,1
4556,821,8,1
4557,822,1,1
4558,822,3,1
4559,822,4,1
4560,822,5,1
4561,822,6,1
4562,822,7,1
4563,822,8,1
4564,823,1,1
4565,823,3,1
4566,823,4,1
4567,823,5,1
4568,823,6,1
4569,823,7,1
4570,823,8,1
4571,824,1,1
4572,824,3,1
4573,824,4,1
4574,824,5,1
4575,824,6,1
4576,824,7,1
4577,824,8,1
4578,825,3,1
4579,825,4,1
4580,825,5,1
4581,825,6,1
4582,825,7,1
4583,825,8,1
4584,826,1,1
4585,826,3,1
4586,826,4,1
4587,826,5,1
4588,826,6,1
4589,826,7,1
4590,826,8,1
4591,827,1,1
4592,827,3,1
4593,827,4,1
4594,827,5,1
4595,827,6,1
4596,827,7,1
4597,827,8,1
4598,828,3,1
4599,828,4,1
4600,828,5,1
4601,828,6,1
4602,828,7,1
4603,828,8,1
4604,829,3,1
4605,829,4,1
4606,829,5,1
4607,829,6,1
4608,829,7,1
4609,829,8,1
4610,830,1,1
4611,830,3,1
4612,830,4,1
4613,830,5,1
4614,830,6,1
4615,830,7,1
4616,830,8,1
4617,831,3,1
4618,831,4,1
4619,831,5,1
4620,831,6,1
4621,831,7,1
4622,831,8,1
4623,832,3,1
4624,832,4,1
4625,832,5,1
4626,832,6,1
4627,832,7,1
4628,832,8,1
4629,833,1,1
4630,833,3,1
4631,833,4,1
4632,833,5,1
4633,833,6,1
4634,833,7,1
4635,833,8,1
4636,834,3,1
4637,834,4,1
4638,834,5,1
4639,834,6,1
4640,834,7,1
4641,834,8,1
4642,835,3,1
4643,835,4,1
4644,835,5,1
4645,835,6,1
4646,835,7,1
4647,835,8,1
4648,836,3,1
4649,836,4,1
4650,836,5,1
4651,836,6,1
4652,836,7,1
4653,836,8,1
4654,837,3,1
4655,837,4,1
4656,837,5,1
4657,837,6,1
4658,837,7,1
4659,837,8,1
4660,838,3,1
4661,838,4,1
4662,838,5,1
4663,838,6,1
4664,838,7,1
4665,838,8,1
4666,839,1,1
4667,839,3,1
4668,839,4,1
4669,839,5,1
4670,839,6,1
4671,839,7,1
4672,839,8,1
4673,840,3,1
4674,840,4,1
4675,840,5,1
4676,840,6,1
4677,840,7,1
4678,840,8,1
4679,841,3,1
4680,841,4,1
4681,841,5,1
4682,841,6,1
4683,841,7,1
4684,841,8,1
4685,842,3,1
4686,842,4,1
4687,842,5,1
4688,842,6,1
4689,842,7,1
4690,842,8,1
4691,843,3,1
4692,843,4,1
4693,843,5,1
4694,843,6,1
4695,843,7,1
4696,843,8,1
4697,844,3,1
4698,844,4,1
4699,844,5,1
4700,844,6,1
4701,844,7,1
4702,844,8,1
4703,845,3,1
4704,845,4,1
4705,845,5,1
4706,845,6,1
4707,845,7,1
4708,845,8,1
4709,846,1,1
4710,846,3,1
4711,846,4,1
4712,846,5,1
4713,846,6,1
4714,846,7,1
4715,846,8,1
4716,847,1,1
4717,847,3,1
4718,847,4,1
4719,847,5,1
4720,847,6,1
4721,847,7,1
4722,847,8,1
4723,848,3,1
4724,848,4,1
4725,848,5,1
4726,848,6,1
4727,848,7,1
4728,848,8,1
4729,849,3,1
4730,849,4,1
4731,849,5,1
4732,849,6,1
4733,849,7,1
4734,849,8,1
4735,850,3,1
4736,850,4,1
4737,850,5,1
4738,850,6,1
4739,850,7,1
4740,850,8,1
4741,851,3,1
4742,851,4,1
4743,851,5,1
4744,851,6,1
4745,851,7,1
4746,851,8,1
4747,852,3,1
4748,852,4,1
4749,852,5,1
4750,852,7,1
4751,852,8,1
4752,853,3,1
4753,853,4,1
4754,853,5,1
4755,853,6,1
4756,853,7,1
4757,853,8,1
4758,854,3,1
4759,854,4,1
4760,854,5,1
4761,854,6,1
4762,854,7,1
4763,854,8,1
4764,855,3,1
4765,855,4,1
4766,855,5,1
4767,855,6,1
4768,855,7,1
4769,855,8,1
4770,856,3,1
4771,856,4,1
4772,856,5,1
4773,856,6,1
4774,856,7,1
4775,856,8,1
4776,857,1,1
4777,857,3,1
4778,857,4,1
4779,857,5,1
4780,857,6,1
4781,857,7,1
4782,857,8,1
4783,858,3,1
4784,858,4,1
4785,858,5,1
4786,858,6,1
4787,858,7,1
4788,858,8,1
4789,859,3,1
4790,859,4,1
4791,859,5,1
4792,859,6,1
4793,859,7,1
4794,859,8,1
4795,860,3,1
4796,860,4,1
4797,860,5,1
4798,860,6,1
4799,860,7,1
4800,860,8,1
4801,861,3,1
4802,861,4,1
4803,861,5,1
4804,861,6,1
4805,861,7,1
4806,861,8,1
4807,862,1,1
4808,862,3,1
4809,862,4,1
4810,862,5,1
4811,862,6,1
4812,862,7,1
4813,862,8,1
4814,863,3,1
4815,863,4,1
4816,863,5,1
4817,863,6,1
4818,863,7,1
4819,863,8,1
4820,864,1,1
4821,864,3,1
4822,864,4,1
4823,864,5,1
4824,864,7,1
4825,864,8,1
4826,865,3,1
4827,865,4,1
4828,865,5,1
4829,865,6,1
4830,865,7,1
4831,865,8,1
4832,866,1,1
4833,866,3,1
4834,866,4,1
4835,866,5,1
4836,866,6,1
4837,866,7,1
4838,866,8,1
4839,867,3,1
4840,867,4,1
4841,867,5,1
4842,867,6,1
4843,867,7,1
4844,867,8,1
4845,868,3,1
4846,868,4,1
4847,868,5,1
4848,868,6,1
4849,868,7,1
4850,868,8,1
4851,869,3,1
4852,869,4,1
4853,869,5,1
4854,869,6,1
4855,869,7,1
4856,869,8,1
4857,870,3,1
4858,870,4,1
4859,870,5,1
4860,870,6,1
4861,870,7,1
4862,870,8,1
4863,871,1,1
4864,871,3,1
4865,871,4,1
4866,871,5,1
4867,871,7,1
4868,871,8,1
4869,872,3,1
4870,872,4,1
4871,872,5,1
4872,872,6,1
4873,872,7,1
4874,872,8,1
4875,873,3,1
4876,873,4,1
4877,873,5,1
4878,873,6,1
4879,873,7,1
4880,873,8,1
4881,874,1,1
4882,874,3,1
4883,874,4,1
4884,874,5,1
4885,874,6,1
4886,874,7,1
4887,874,8,1
4888,875,3,1
4889,875,4,1
4890,875,5,1
4891,875,6,1
4892,875,7,1
4893,875,8,1
4894,876,3,1
4895,876,4,1
4896,876,5,1
4897,876,6,1
4898,876,7,1
4899,876,8,1
4900,877,3,1
4901,877,4,1
4902,877,5,1
4903,877,7,1
4904,877,8,1
4905,878,3,1
4906,878,4,1
4907,878,5,1
4908,878,6,1
4909,878,7,1
4910,878,8,1
4911,879,3,1
4912,879,4,1
4913,879,5,1
4914,879,7,1
4915,879,8,1
4916,880,3,1
4917,880,4,1
4918,880,5,1
4919,880,6,1
4920,880,7,1
4921,880,8,1
4922,881,1,1
4923,881,3,1
4924,881,4,1
4925,881,5,1
4926,881,6,1
4927,881,7,1
4928,881,8,1
4929,882,3,1
4930,882,4,1
4931,882,5,1
4932,882,6,1
4933,882,7,1
4934,882,8,1
4935,883,3,1
4936,883,4,1
4937,883,5,1
4938,883,6,1
4939,883,7,1
4940,883,8,1
4941,884,1,1
4942,884,3,1
4943,884,4,1
4944,884,5,1
4945,884,6,1
4946,884,7,1
4947,884,8,1
4948,885,3,1
4949,885,4,1
4950,885,5,1
4951,885,6,1
4952,885,7,1
4953,885,8,1
4954,886,3,1
4955,886,4,1
4956,886,5,1
4957,886,6,1
4958,886,7,1
4959,886,8,1
4960,887,3,1
4961,887,4,1
4962,887,5,1
4963,887,6,1
4964,887,7,1
4965,887,8,1
4966,888,3,1
4967,888,4,1
4968,888,5,1
4969,888,6,1
4970,888,7,1
4971,888,8,1
4972,889,3,1
4973,889,4,1
4974,889,5,1
4975,889,6,1
4976,889,7,1
4977,889,8,1
4978,890,1,1
4979,890,3,1
4980,890,4,1
4981,890,5,1
4982,890,6,1
4983,890,7,1
4984,890,8,1
4985,891,3,1
4986,891,4,1
4987,891,5,1
4988,891,6,1
4989,891,7,1
4990,891,8,1
4991,892,1,1
4992,892,3,1
4993,892,4,1
4994,892,5,1
4995,892,6,1
4996,892,7,1
4997,892,8,1
4998,893,1,1
4999,893,3,1
5000,893,4,1
5001,893,5,1
5002,893,6,1
5003,893,7,1
5004,893,8,1
5005,894,3,1
5006,894,4,1
5007,894,5,1
5008,894,6,1
5009,894,7,1
5010,894,8,1
5011,895,1,1
5012,895,3,1
5013,895,4,1
5014,895,5,1
5015,895,6,1
5016,895,7,1
5017,895,8,1
5018,896,1,1
5019,896,3,1
5020,896,4,1
5021,896,5,1
5022,896,6,1
5023,896,7,1
5024,896,8,1
5025,897,3,1
5026,897,4,1
5027,897,5,1
5028,897,7,1
5029,897,8,1
5030,898,1,1
5031,898,3,1
5032,898,4,1
5033,898,5,1
5034,898,6,1
5035,898,7,1
5036,898,8,1
5037,899,3,1
5038,899,4,1
5039,899,5,1
5040,899,7,1
5041,899,8,1
5042,900,3,1
5043,900,4,1
5044,900,5,1
5045,900,7,1
5046,900,8,1
5047,901,3,1
5048,901,4,1
5049,901,5,1
5050,901,6,1
5051,901,7,1
5052,901,8,1
5053,902,1,1
5054,902,3,1
5055,902,4,1
5056,902,5,1
5057,902,6,1
5058,902,7,1
5059,902,8,1
5060,903,1,1
5061,903,3,1
5062,903,4,1
5063,903,5,1
5064,903,6,1
5065,903,7,1
5066,903,8,1
5067,904,3,1
5068,904,4,1
5069,904,5,1
5070,904,6,1
5071,904,7,1
5072,904,8,1
5073,905,1,1
5074,905,3,1
5075,905,4,1
5076,905,5,1
5077,905,6,1
5078,905,7,1
5079,905,8,1
5080,906,3,1
5081,906,4,1
5082,906,5,1
5083,906,6,1
5084,906,7,1
5085,906,8,1
5086,907,3,1
5087,907,4,1
5088,907,5,1
5089,907,7,1
5090,907,8,1
5091,908,3,1
5092,908,4,1
5093,908,5,1
5094,908,6,1
5095,908,7,1
5096,908,8,1
5097,909,3,1
5098,909,4,1
5099,909,5,1
5100,909,6,1
5101,909,7,1
5102,909,8,1
5103,910,1,1
5104,910,3,1
5105,910,4,1
5106,910,5,1
5107,910,6,1
5108,910,7,1
5109,910,8,1
5110,911,3,1
5111,911,4,1
5112,911,5,1
5113,911,6,1
5114,911,7,1
5115,911,8,1
5116,912,1,1
5117,912,3,1
5118,912,4,1
5119,912,5,1
5120,912,6,1
5121,912,7,1
5122,912,8,1
5123,913,3,1
5124,913,4,1
5125,913,5,1
5126,913,6,1
5127,913,7,1
5128,913,8,1
5129,914,3,1
5130,914,4,1
5131,914,5,1
5132,914,7,1
5133,914,8,1
5134,915,1,1
5135,915,3,1
5136,915,4,1
5137,915,5,1
5138,915,6,1
5139,915,7,1
5140,915,8,1
5141,916,3,1
5142,916,4,1
5143,916,5,1
5144,916,6,1
5145,916,7,1
5146,916,8,1
5147,917,3,1
5148,917,4,1
5149,917,5,1
5150,917,6,1
5151,917,7,1
5152,917,8,1
5153,918,3,1
5154,918,4,1
5155,918,5,1
5156,918,6,1
5157,918,7,1
5158,918,8,1
5159,919,3,1
5160,919,4,1
5161,919,5,1
5162,919,6,1
5163,919,7,1
5164,919,8,1
5165,920,3,1
5166,920,4,1
5167,920,5,1
5168,920,6,1
5169,920,7,1
5170,920,8,1
5171,921,3,1
5172,921,4,1
5173,921,5,1
5174,921,6,1
5175,921,7,1
5176,921,8,1
5177,922,3,1
5178,922,4,1
5179,922,5,1
5180,922,6,1
5181,922,7,1
5182,922,8,1
5183,923,3,1
5184,923,4,1
5185,923,5,1
5186,923,6,1
5187,923,7,1
5188,923,8,1
5189,924,3,1
5190,924,4,1
5191,924,5,1
5192,924,6,1
5193,924,7,1
5194,924,8,1
5195,925,3,1
5196,925,4,1
5197,925,5,1
5198,925,6,1
5199,925,7,1
5200,925,8,1
5201,926,3,1
5202,926,4,1
5203,926,5,1
5204,926,7,1
5205,926,8,1
5206,927,3,1
5207,927,4,1
5208,927,5,1
5209,927,6,1
5210,927,7,1
5211,927,8,1
5212,928,1,1
5213,928,3,1
5214,928,4,1
5215,928,5,1
5216,928,6,1
5217,928,7,1
5218,928,8,1
5219,929,1,1
5220,929,3,1
5221,929,4,1
5222,929,5,1
5223,929,6,1
5224,929,7,1
5225,929,8,1
5226,930,3,1
5227,930,4,1
5228,930,5,1
5229,930,6,1
5230,930,7,1
5231,930,8,1
5232,931,1,1
5233,931,3,1
5234,931,4,1
5235,931,5,1
5236,931,6,1
5237,931,7,1
5238,931,8,1
5239,932,1,1
5240,932,3,1
5241,932,4,1
5242,932,5,1
5243,932,6,1
5244,932,7,1
5245,932,8,1
5246,933,3,1
5247,933,4,1
5248,933,5,1
5249,933,6,1
5250,933,7,1
5251,933,8,1
5252,934,3,1
5253,934,4,1
5254,934,5,1
5255,934,6,1
5256,934,7,1
5257,934,8,1
5258,935,3,1
5259,935,4,1
5260,935,5,1
5261,935,6,1
5262,935,7,1
5263,935,8,1
5264,936,3,1
5265,936,4,1
5266,936,5,1
5267,936,6,1
5268,936,7,1
5269,936,8,1
5270,937,1,1
5271,937,3,1
5272,937,4,1
5273,937,5,1
5274,937,7,1
5275,937,8,1
5276,938,3,1
5277,938,4,1
5278,938,5,1
5279,938,6,1
5280,938,7,1
5281,938,8,1
5282,939,3,1
5283,939,4,1
5284,939,5,1
5285,939,6,1
5286,939,7,1
5287,939,8,1
5288,940,3,1
5289,940,4,1
5290,940,5,1
5291,940,7,1
5292,940,8,1
5293,941,1,1
5294,941,3,1
5295,941,4,1
5296,941,5,1
5297,941,6,1
5298,941,7,1
5299,941,8,1
5300,942,3,1
5301,942,4,1
5302,942,5,1
5303,942,6,1
5304,942,7,1
5305,942,8,1
5306,943,1,1
5307,943,3,1
5308,943,4,1
5309,943,5,1
5310,943,7,1
5311,943,8,1
5312,944,3,1
5313,944,4,1
5314,944,5,1
5315,944,7,1
5316,944,8,1
5317,945,3,1
5318,945,4,1
5319,945,5,1
5320,945,6,1
5321,945,7,1
5322,945,8,1
5323,946,3,1
5324,946,4,1
5325,946,5,1
5326,946,6,1
5327,946,7,1
5328,946,8,1
5329,947,3,1
5330,947,4,1
5331,947,5,1
5332,947,6,1
5333,947,7,1
5334,947,8,1
5335,948,3,1
5336,948,4,1
5337,948,5,1
5338,948,6,1
5339,948,7,1
5340,948,8,1
5341,949,3,1
5342,949,4,1
5343,949,5,1
5344,949,6,1
5345,949,7,1
5346,949,8,1
5347,950,3,1
5348,950,4,1
5349,950,5,1
5350,950,6,1
5351,950,7,1
5352,950,8,1
5353,951,1,1
5354,951,3,1
5355,951,4,1
5356,951,5,1
5357,951,7,1
5358,951,8,1
5359,952,3,1
5360,952,4,1
5361,952,5,1
5362,952,7,1
5363,952,8,1
5364,953,3,1
5365,953,4,1
5366,953,5,1
5367,953,7,1
5368,953,8,1
5369,954,3,1
5370,954,4,1
5371,954,5,1
5372,954,7,1
5373,954,8,1
5374,955,1,1
5375,955,3,1
5376,955,4,1
5377,955,5,1
5378,955,7,1
5379,955,8,1
5380,956,3,1
5381,956,4,1
5382,956,5,1
5383,956,6,1
5384,956,7,1
5385,956,8,1
5386,957,3,1
5387,957,4,1
5388,957,5,1
5389,957,6,1
5390,957,7,1
5391,957,8,1
5392,958,3,1
5393,958,4,1
5394,958,5,1
5395,958,6,1
5396,958,7,1
5397,958,8,1
5398,959,1,1
5399,959,3,1
5400,959,4,1
5401,959,5,1
5402,959,6,1
5403,959,7,1
5404,959,8,1
5405,960,3,1
5406,960,4,1
5407,960,5,1
5408,960,6,1
5409,960,7,1
5410,960,8,1
5411,961,1,1
5412,961,3,1
5413,961,4,1
5414,961,5,1
5415,961,6,1
5416,961,7,1
5417,961,8,1
5418,962,3,1
5419,962,4,1
5420,962,5,1
5421,962,7,1
5422,962,8,1
5423,963,1,1
5424,963,3,1
5425,963,4,1
5426,963,5,1
5427,963,6,1
5428,963,7,1
5429,963,8,1
5430,964,3,1
5431,964,4,1
5432,964,5,1
5433,964,6,1
5434,964,7,1
5435,964,8,1
5436,965,3,1
5437,965,4,1
5438,965,5,1
5439,965,6,1
5440,965,7,1
5441,965,8,1
5442,966,3,1
5443,966,4,1
5444,966,5,1
5445,966,6,1
5446,966,7,1
5447,966,8,1
5448,967,1,1
5449,967,3,1
5450,967,4,1
5451,967,5,1
5452,967,6,1
5453,967,7,1
5454,967,8,1
5455,968,3,1
5456,968,4,1
5457,968,5,1
5458,968,6,1
5459,968,7,1
5460,968,8,1
5461,969,3,1
5462,969,4,1
5463,969,5,1
5464,969,6,1
5465,969,7,1
5466,969,8,1
5467,970,1,1
5468,970,3,1
5469,970,4,1
5470,970,5,1
5471,970,6,1
5472,970,7,1
5473,970,8,1
5474,971,3,1
5475,971,4,1
5476,971,5,1
5477,971,6,1
5478,971,7,1
5479,971,8,1
5480,972,3,1
5481,972,4,1
5482,972,5,1
5483,972,7,1
5484,972,8,1
5485,973,3,1
5486,973,4,1
5487,973,5,1
5488,973,6,1
5489,973,7,1
5490,973,8,1
5491,974,3,1
5492,974,4,1
5493,974,5,1
5494,974,7,1
5495,974,8,1
5496,975,3,1
5497,975,4,1
5498,975,5,1
5499,975,6,1
5500,975,7,1
5501,975,8,1
5502,976,3,1
5503,976,4,1
5504,976,5,1
5505,976,6,1
5506,976,7,1
5507,976,8,1
5508,977,3,1
5509,977,4,1
5510,977,5,1
5511,977,6,1
5512,977,7,1
5513,977,8,1
5514,978,1,1
5515,978,3,1
5516,978,4,1
5517,978,5,1
5518,978,6,1
5519,978,7,1
5520,978,8,1
5521,979,3,1
5522,979,4,1
5523,979,5,1
5524,979,6,1
5525,979,7,1
5526,979,8,1
5527,980,3,1
5528,980,4,1
5529,980,5,1
5530,980,6,1
5531,980,7,1
5532,980,8,1
5533,981,3,1
5534,981,4,1
5535,981,5,1
5536,981,6,1
5537,981,7,1
5538,981,8,1
5539,982,3,1
5540,982,4,1
5541,982,5,1
5542,982,6,1
5543,982,7,1
5544,982,8,1
5545,983,1,1
5546,983,3,1
5547,983,4,1
5548,983,5,1
5549,983,6,1
5550,983,7,1
5551,983,8,1
5552,984,3,1
5553,984,4,1
5554,984,5,1
5555,984,7,1
5556,984,8,1
5557,985,3,1
5558,985,4,1
5559,985,5,1
5560,985,6,1
5561,985,7,1
5562,985,8,1
5563,986,3,1
5564,986,4,1
5565,986,5,1
5566,986,6,1
5567,986,7,1
5568,986,8,1
5569,987,1,1
5570,987,3,1
5571,987,4,1
5572,987,5,1
5573,987,6,1
5574,987,7,1
5575,987,8,1
5576,988,3,1
5577,988,4,1
5578,988,5,1
5579,988,6,1
5580,988,7,1
5581,988,8,1
5582,989,1,1
5583,989,3,1
5584,989,4,1
5585,989,5,1
5586,989,6,1
5587,989,7,1
5588,989,8,1
5589,990,3,1
5590,990,4,1
5591,990,5,1
5592,990,6,1
5593,990,7,1
5594,990,8,1
5595,991,3,1
5596,991,4,1
5597,991,5,1
5598,991,6,1
5599,991,7,1
5600,991,8,1
5601,992,3,1
5602,992,4,1
5603,992,5,1
5604,992,6,1
5605,992,7,1
5606,992,8,1
5607,993,3,1
5608,993,4,1
5609,993,5,1
5610,993,6,1
5611,993,7,1
5612,993,8,1
5613,994,3,1
5614,994,4,1
5615,994,5,1
5616,994,6,1
5617,994,7,1
5618,994,8,1
5619,995,3,1
5620,995,4,1
5621,995,5,1
5622,995,6,1
5623,995,7,1
5624,995,8,1
5625,996,1,1
5626,996,3,1
5627,996,4,1
5628,996,5,1
5629,996,6,1
5630,996,7,1
5631,996,8,1
5632,997,1,1
5633,997,3,1
5634,997,4,1
5635,997,5,1
5636,997,6,1
5637,997,7,1
5638,997,8,1
5639,998,3,1
5640,998,4,1
5641,998,5,1
5642,998,6,1
5643,998,7,1
5644,998,8,1
5645,999,3,1
5646,999,4,1
5647,999,5,1
5648,999,6,1
5649,999,7,1
5650,999,8,1
5651,1000,3,1
5652,1000,4,1
5653,1000,5,1
5654,1000,6,1
5655,1000,7,1
5656,1000,8,1
5657,1001,3,1
5658,1001,4,1
5659,1001,5,1
5660,1001,6,1
5661,1001,7,1
5662,1001,8,1
5663,1002,3,1
5664,1002,4,1
5665,1002,5,1
5666,1002,6,1
5667,1002,7,1
5668,1002,8,1
5669,1003,3,1
5670,1003,4,1
5671,1003,5,1
5672,1003,7,1
5673,1003,8,1
5674,1004,3,1
5675,1004,4,1
5676,1004,5,1
5677,1004,6,1
5678,1004,7,1
5679,1004,8,1
5680,1005,3,1
5681,1005,4,1
5682,1005,5,1
5683,1005,6,1
5684,1005,7,1
5685,1005,8,1
5686,1006,1,1
5687,1006,3,1
5688,1006,4,1
5689,1006,5,1
5690,1006,6,1
5691,1006,7,1
5692,1006,8,1
5693,1007,3,1
5694,1007,4,1
5695,1007,5,1
5696,1007,6,1
5697,1007,7,1
5698,1007,8,1
5699,1008,1,1
5700,1008,3,1
5701,1008,4,1
5702,1008,5,1
5703,1008,6,1
5704,1008,7,1
5705,1008,8,1
5706,1009,3,1
5707,1009,4,1
5708,1009,5,1
5709,1009,7,1
5710,1009,8,1
5711,1010,3,1
5712,1010,4,1
5713,1010,5,1
5714,1010,7,1
5715,1010,8,1
5716,1011,1,1
5717,1011,3,1
5718,1011,4,1
5719,1011,5,1
5720,1011,6,1
5721,1011,7,1
5722,1011,8,1
5723,1012,1,1
5724,1012,3,1
5725,1012,4,1
5726,1012,5,1
5727,1012,6,1
5728,1012,7,1
5729,1012,8,1
5730,1013,3,1
5731,1013,4,1
5732,1013,5,1
5733,1013,6,1
5734,1013,7,1
5735,1013,8,1
5736,1014,3,1
5737,1014,4,1
5738,1014,5,1
5739,1014,6,1
5740,1014,7,1
5741,1014,8,1
5742,1015,3,1
5743,1015,4,1
5744,1015,5,1
5745,1015,6,1
5746,1015,7,1
5747,1015,8,1
5748,1016,3,1
5749,1016,4,1
5750,1016,5,1
5751,1016,7,1
5752,1016,8,1
5753,1017,3,1
5754,1017,4,1
5755,1017,5,1
5756,1017,6,1
5757,1017,7,1
5758,1017,8,1
5759,1018,3,1
5760,1018,4,1
5761,1018,5,1
5762,1018,6,1
5763,1018,7,1
5764,1018,8,1
5765,1019,3,1
5766,1019,4,1
5767,1019,5,1
5768,1019,6,1
5769,1019,7,1
5770,1019,8,1
5771,1020,3,1
5772,1020,4,1
5773,1020,5,1
5774,1020,6,1
5775,1020,7,1
5776,1020,8,1
5777,1021,3,1
5778,1021,4,1
5779,1021,5,1
5780,1021,7,1
5781,1021,8,1
5782,1022,3,1
5783,1022,4,1
5784,1022,5,1
5785,1022,6,1
5786,1022,7,1
5787,1022,8,1
5788,1023,3,1
5789,1023,4,1
5790,1023,5,1
5791,1023,6,1
5792,1023,7,1
5793,1023,8,1
5794,1024,1,1
5795,1024,3,1
5796,1024,4,1
5797,1024,5,1
5798,1024,6,1
5799,1024,7,1
5800,1024,8,1
5801,1025,3,1
5802,1025,4,1
5803,1025,5,1
5804,1025,6,1
5805,1025,7,1
5806,1025,8,1
5807,1026,3,1
5808,1026,4,1
5809,1026,5,1
5810,1026,6,1
5811,1026,7,1
5812,1026,8,1
5813,1027,1,1
5814,1027,3,1
5815,1027,4,1
5816,1027,5,1
5817,1027,7,1
5818,1027,8,1
5819,1028,3,1
5820,1028,4,1
5821,1028,5,1
5822,1028,6,1
5823,1028,7,1
5824,1028,8,1
5825,1029,1,1
5826,1029,3,1
5827,1029,4,1
5828,1029,5,1
5829,1029,6,1
5830,1029,7,1
5831,1029,8,1
5832,1030,3,1
5833,1030,4,1
5834,1030,5,1
5835,1030,6,1
5836,1030,7,1
5837,1030,8,1
5838,1031,1,1
5839,1031,3,1
5840,1031,4,1
5841,1031,5,1
5842,1031,7,1
5843,1031,8,1
5844,1032,3,1
5845,1032,4,1
5846,1032,5,1
5847,1032,6,1
5848,1032,7,1
5849,1032,8,1
5850,1033,3,1
5851,1033,4,1
5852,1033,5,1
5853,1033,6,1
5854,1033,7,1
5855,1033,8,1
5856,1034,3,1
5857,1034,4,1
5858,1034,5,1
5859,1034,7,1
5860,1034,8,1
5861,1035,1,1
5862,1035,3,1
5863,1035,4,1
5864,1035,5,1
5865,1035,6,1
5866,1035,7,1
5867,1035,8,1
5868,1036,3,1
5869,1036,4,1
5870,1036,5,1
5871,1036,6,1
5872,1036,7,1
5873,1036,8,1
5874,1037,3,1
5875,1037,4,1
5876,1037,5,1
5877,1037,6,1
5878,1037,7,1
5879,1037,8,1
5880,1038,1,1
5881,1038,3,1
5882,1038,4,1
5883,1038,5,1
5884,1038,6,1
5885,1038,7,1
5886,1038,8,1
5887,1039,3,1
5888,1039,4,1
5889,1039,5,1
5890,1039,7,1
5891,1039,8,1
5892,1040,3,1
5893,1040,4,1
5894,1040,5,1
5895,1040,6,1
5896,1040,7,1
5897,1040,8,1
5898,1041,1,1
5899,1041,3,1
5900,1041,4,1
5901,1041,5,1
5902,1041,6,1
5903,1041,7,1
5904,1041,8,1
5905,1042,3,1
5906,1042,4,1
5907,1042,5,1
5908,1042,6,1
5909,1042,7,1
5910,1042,8,1
5911,1043,3,1
5912,1043,4,1
5913,1043,5,1
5914,1043,6,1
5915,1043,7,1
5916,1043,8,1
5917,1044,1,1
5918,1044,3,1
5919,1044,4,1
5920,1044,5,1
5921,1044,6,1
5922,1044,7,1
5923,1044,8,1
5924,1045,1,1
5925,1045,3,1
5926,1045,4,1
5927,1045,5,1
5928,1045,6,1
5929,1045,7,1
5930,1045,8,1
5931,1046,3,1
5932,1046,4,1
5933,1046,5,1
5934,1046,6,1
5935,1046,7,1
5936,1046,8,1
5937,1047,3,1
5938,1047,4,1
5939,1047,5,1
5940,1047,6,1
5941,1047,7,1
5942,1047,8,1
5943,1048,1,1
5944,1048,3,1
5945,1048,4,1
5946,1048,5,1
5947,1048,6,1
5948,1048,7,1
5949,1048,8,1
5950,1049,3,1
5951,1049,4,1
5952,1049,5,1
5953,1049,7,1
5954,1049,8,1
5955,1050,3,1
5956,1050,4,1
5957,1050,5,1
5958,1050,7,1
5959,1050,8,1
5960,1051,3,1
5961,1051,4,1
5962,1051,5,1
5963,1051,6,1
5964,1051,7,1
5965,1051,8,1
5966,1052,3,1
5967,1052,4,1
5968,1052,5,1
5969,1052,6,1
5970,1052,7,1
5971,1052,8,1
5972,1053,3,1
5973,1053,4,1
5974,1053,5,1
5975,1053,6,1
5976,1053,7,1
5977,1053,8,1
5978,1054,1,1
5979,1054,3,1
5980,1054,4,1
5981,1054,5,1
5982,1054,7,1
5983,1054,8,1
5984,1055,3,1
5985,1055,4,1
5986,1055,5,1
5987,1055,6,1
5988,1055,7,1
5989,1055,8,1
5990,1056,3,1
5991,1056,4,1
5992,1056,5,1
5993,1056,6,1
5994,1056,7,1
5995,1056,8,1
5996,1057,3,1
5997,1057,4,1
5998,1057,5,1
5999,1057,6,1
6000,1057,7,1
6001,1057,8,1
6002,1058,3,1
6003,1058,4,1
6004,1058,5,1
6005,1058,7,1
6006,1058,8,1
6007,1059,3,1
6008,1059,4,1
6009,1059,5,1
6010,1059,6,1
6011,1059,7,1
6012,1059,8,1
6013,1060,1,1
6014,1060,3,1
6015,1060,4,1
6016,1060,5,1
6017,1060,6,1
6018,1060,7,1
6019,1060,8,1
6020,1061,3,1
6021,1061,4,1
6022,1061,5,1
6023,1061,7,1
6024,1061,8,1
6025,1062,3,1
6026,1062,4,1
6027,1062,5,1
6028,1062,6,1
6029,1062,7,1
6030,1062,8,1
6031,1063,3,1
6032,1063,4,1
6033,1063,5,1
6034,1063,6,1
6035,1063,7,1
6036,1063,8,1
6037,1064,3,1
6038,1064,4,1
6039,1064,5,1
6040,1064,6,1
6041,1064,7,1
6042,1064,8,1
6043,1065,3,1
6044,1065,4,1
6045,1065,5,1
6046,1065,6,1
6047,1065,7,1
6048,1065,8,1
6049,1066,3,1
6050,1066,4,1
6051,1066,5,1
6052,1066,6,1
6053,1066,7,1
6054,1066,8,1
6055,1067,3,1
6056,1067,4,1
6057,1067,5,1
6058,1067,6,1
6059,1067,7,1
6060,1067,8,1
6061,1068,3,1
6062,1068,4,1
6063,1068,5,1
6064,1068,6,1
6065,1068,7,1
6066,1068,8,1
6067,1069,3,1
6068,1069,4,1
6069,1069,5,1
6070,1069,6,1
6071,1069,7,1
6072,1069,8,1
6073,1070,3,1
6074,1070,4,1
6075,1070,5,1
6076,1070,6,1
6077,1070,7,1
6078,1070,8,1
6079,1071,3,1
6080,1071,4,1
6081,1071,5,1
6082,1071,6,1
6083,1071,7,1
6084,1071,8,1
6085,1072,3,1
6086,1072,4,1
6087,1072,5,1
6088,1072,6,1
6089,1072,7,1
6090,1072,8,1
6091,1073,1,1
6092,1073,3,1
6093,1073,4,1
6094,1073,5,1
6095,1073,6,1
6096,1073,7,1
6097,1073,8,1
6098,1074,1,1
6099,1074,3,1
6100,1074,4,1
6101,1074,5,1
6102,1074,7,1
6103,1074,8,1
6104,1075,1,1
6105,1075,3,1
6106,1075,4,1
6107,1075,5,1
6108,1075,7,1
6109,1075,8,1
6110,1076,3,1
6111,1076,4,1
6112,1076,5,1
6113,1076,7,1
6114,1076,8,1
6115,1077,3,1
6116,1077,4,1
6117,1077,5,1
6118,1077,7,1
6119,1077,8,1
6120,1078,3,1
6121,1078,4,1
6122,1078,5,1
6123,1078,6,1
6124,1078,7,1
6125,1078,8,1
6126,1079,3,1
6127,1079,4,1
6128,1079,5,1
6129,1079,7,1
6130,1079,8,1
6131,1080,3,1
6132,1080,4,1
6133,1080,5,1
6134,1080,6,1
6135,1080,7,1
6136,1080,8,1
6137,1081,1,1
6138,1081,3,1
6139,1081,4,1
6140,1081,5,1
6141,1081,7,1
6142,1081,8,1
6143,1082,3,1
6144,1082,4,1
6145,1082,5,1
6146,1082,6,1
6147,1082,7,1
6148,1082,8,1
6149,1083,3,1
6150,1083,4,1
6151,1083,5,1
6152,1083,6,1
6153,1083,7,1
6154,1083,8,1
6155,1084,3,1
6156,1084,4,1
6157,1084,5,1
6158,1084,7,1
6159,1084,8,1
6160,1085,3,1
6161,1085,4,1
6162,1085,5,1
6163,1085,6,1
6164,1085,7,1
6165,1085,8,1
6166,1086,3,1
6167,1086,4,1
6168,1086,5,1
6169,1086,6,1
6170,1086,7,1
6171,1086,8,1
6172,1087,3,1
6173,1087,4,1
6174,1087,5,1
6175,1087,6,1
6176,1087,7,1
6177,1087,8,1
6178,1088,3,1
6179,1088,4,1
6180,1088,5,1
6181,1088,6,1
6182,1088,7,1
6183,1088,8,1
6184,1089,3,1
6185,1089,4,1
6186,1089,5,1
6187,1089,6,1
6188,1089,7,1
6189,1089,8,1
6190,1090,1,1
6191,1090,3,1
6192,1090,4,1
6193,1090,5,1
6194,1090,6,1
6195,1090,7,1
6196,1090,8,1
6197,1091,1,1
6198,1091,3,1
6199,1091,4,1
6200,1091,5,1
6201,1091,6,1
6202,1091,7,1
6203,1091,8,1
6204,1092,3,1
6205,1092,4,1
6206,1092,5,1
6207,1092,6,1
6208,1092,7,1
6209,1092,8,1
6210,1093,3,1
6211,1093,4,1
6212,1093,5,1
6213,1093,6,1
6214,1093,7,1
6215,1093,8,1
6216,1094,3,1
6217,1094,4,1
6218,1094,5,1
6219,1094,7,1
6220,1094,8,1
6221,1095,3,1
6222,1095,4,1
6223,1095,5,1
6224,1095,7,1
6225,1095,8,1
6226,1096,3,1
6227,1096,4,1
6228,1096,5,1
6229,1096,7,1
6230,1096,8,1
6231,1097,3,1
6232,1097,4,1
6233,1097,5,1
6234,1097,6,1
6235,1097,7,1
6236,1097,8,1
6237,1098,3,1
6238,1098,4,1
6239,1098,5,1
6240,1098,6,1
6241,1098,7,1
6242,1098,8,1
6243,1099,1,1
6244,1099,3,1
6245,1099,4,1
6246,1099,5,1
6247,1099,6,1
6248,1099,7,1
6249,1099,8,1
6250,1100,3,1
6251,1100,4,1
6252,1100,5,1
6253,1100,6,1
6254,1100,7,1
6255,1100,8,1
6256,1101,3,1
6257,1101,4,1
6258,1101,5,1
6259,1101,6,1
6260,1101,7,1
6261,1101,8,1
6262,1102,3,1
6263,1102,4,1
6264,1102,5,1
6265,1102,6,1
6266,1102,7,1
6267,1102,8,1
6268,1103,3,1
6269,1103,4,1
6270,1103,5,1
6271,1103,6,1
6272,1103,7,1
6273,1103,8,1
6274,1104,3,1
6275,1104,4,1
6276,1104,5,1
6277,1104,6,1
6278,1104,7,1
6279,1104,8,1
6280,1105,1,1
6281,1105,3,1
6282,1105,4,1
6283,1105,5,1
6284,1105,6,1
6285,1105,7,1
6286,1105,8,1
6287,1106,3,1
6288,1106,4,1
6289,1106,5,1
6290,1106,6,1
6291,1106,7,1
6292,1106,8,1
6293,1107,3,1
6294,1107,4,1
6295,1107,5,1
6296,1107,6,1
6297,1107,7,1
6298,1107,8,1
6299,1108,3,1
6300,1108,4,1
6301,1108,5,1
6302,1108,6,1
6303,1108,7,1
6304,1108,8,1
6305,1109,3,1
6306,1109,4,1
6307,1109,5,1
6308,1109,7,1
6309,1109,8,1
6310,1110,1,1
6311,1110,3,1
6312,1110,4,1
6313,1110,5,1
6314,1110,6,1
6315,1110,7,1
6316,1110,8,1
6317,1111,1,1
6318,1111,3,1
6319,1111,4,1
6320,1111,5,1
6321,1111,6,1
6322,1111,7,1
6323,1111,8,1
6324,1112,3,1
6325,1112,4,1
6326,1112,5,1
6327,1112,7,1
6328,1112,8,1
6329,1113,3,1
6330,1113,4,1
6331,1113,5,1
6332,1113,7,1
6333,1113,8,1
6334,1114,1,1
6335,1114,3,1
6336,1114,4,1
6337,1114,5,1
6338,1114,7,1
6339,1114,8,1
6340,1115,3,1
6341,1115,4,1
6342,1115,5,1
6343,1115,7,1
6344,1115,8,1
6345,1116,1,1
6346,1116,3,1
6347,1116,4,1
6348,1116,5,1
6349,1116,6,1
6350,1116,7,1
6351,1116,8,1
6352,1117,3,1
6353,1117,4,1
6354,1117,5,1
6355,1117,6,1
6356,1117,7,1
6357,1117,8,1
6358,1118,1,1
6359,1118,3,1
6360,1118,4,1
6361,1118,5,1
6362,1118,6,1
6363,1118,7,1
6364,1118,8,1
6365,1119,3,1
6366,1119,4,1
6367,1119,5,1
6368,1119,6,1
6369,1119,7,1
6370,1119,8,1
6371,1120,3,1
6372,1120,4,1
6373,1120,5,1
6374,1120,7,1
6375,1120,8,1
6376,1121,1,1
6377,1121,3,1
6378,1121,4,1
6379,1121,5,1
6380,1121,6,1
6381,1121,7,1
6382,1121,8,1
6383,1122,3,1
6384,1122,4,1
6385,1122,5,1
6386,1122,7,1
6387,1122,8,1
6388,1123,3,1
6389,1123,4,1
6390,1123,5,1
6391,1123,6,1
6392,1123,7,1
6393,1123,8,1
6394,1124,3,1
6395,1124,4,1
6396,1124,5,1
6397,1124,7,1
6398,1124,8,1
6399,1125,3,1
6400,1125,4,1
6401,1125,5,1
6402,1125,6,1
6403,1125,7,1
6404,1125,8,1
6405,1126,1,1
6406,1126,3,1
6407,1126,4,1
6408,1126,5,1
6409,1126,6,1
6410,1126,7,1
6411,1126,8,1
6412,1127,1,1
6413,1127,3,1
6414,1127,4,1
6415,1127,5,1
6416,1127,6,1
6417,1127,7,1
6418,1127,8,1
6419,1128,1,1
6420,1128,3,1
6421,1128,4,1
6422,1128,5,1
6423,1128,6,1
6424,1128,7,1
6425,1128,8,1
6426,1129,3,1
6427,1129,4,1
6428,1129,5,1
6429,1129,6,1
6430,1129,7,1
6431,1129,8,1
6432,1130,1,1
6433,1130,3,1
6434,1130,4,1
6435,1130,5,1
6436,1130,7,1
6437,1130,8,1
6438,1131,3,1
6439,1131,4,1
6440,1131,5,1
6441,1131,6,1
6442,1131,7,1
6443,1131,8,1
6444,1132,3,1
6445,1132,4,1
6446,1132,5,1
6447,1132,6,1
6448,1132,7,1
6449,1132,8,1
6450,1133,3,1
6451,1133,4,1
6452,1133,5,1
6453,1133,7,1
6454,1133,8,1
6455,1134,3,1
6456,1134,4,1
6457,1134,5,1
6458,1134,6,1
6459,1134,7,1
6460,1134,8,1
6461,1135,3,1
6462,1135,4,1
6463,1135,5,1
6464,1135,6,1
6465,1135,7,1
6466,1135,8,1
6467,1136,1,1
6468,1136,3,1
6469,1136,4,1
6470,1136,5,1
6471,1136,6,1
6472,1136,7,1
6473,1136,8,1
6474,1137,3,1
6475,1137,4,1
6476,1137,5,1
6477,1137,6,1
6478,1137,7,1
6479,1137,8,1
6480,1138,3,1
6481,1138,4,1
6482,1138,5,1
6483,1138,6,1
6484,1138,7,1
6485,1138,8,1
6486,1139,3,1
6487,1139,4,1
6488,1139,5,1
6489,1139,6,1
6490,1139,7,1
6491,1139,8,1
6492,1140,3,1
6493,1140,4,1
6494,1140,5,1
6495,1140,6,1
6496,1140,7,1
6497,1140,8,1
6498,1141,3,1
6499,1141,4,1
6500,1141,5,1
6501,1141,6,1
6502,1141,7,1
6503,1141,8,1
6504,1142,3,1
6505,1142,4,1
6506,1142,5,1
6507,1142,6,1
6508,1142,7,1
6509,1142,8,1
6510,1143,3,1
6511,1143,4,1
6512,1143,5,1
6513,1143,6,1
6514,1143,7,1
6515,1143,8,1
6516,1144,3,1
6517,1144,4,1
6518,1144,5,1
6519,1144,6,1
6520,1144,7,1
6521,1144,8,1
6522,1145,1,1
6523,1145,3,1
6524,1145,4,1
6525,1145,5,1
6526,1145,6,1
6527,1145,7,1
6528,1145,8,1
6529,1146,3,1
6530,1146,4,1
6531,1146,5,1
6532,1146,6,1
6533,1146,7,1
6534,1146,8,1
6535,1147,3,1
6536,1147,4,1
6537,1147,5,1
6538,1147,7,1
6539,1147,8,1
6540,1148,3,1
6541,1148,4,1
6542,1148,5,1
6543,1148,6,1
6544,1148,7,1
6545,1148,8,1
6546,1149,3,1
6547,1149,4,1
6548,1149,5,1
6549,1149,7,1
6550,1149,8,1
6551,1150,3,1
6552,1150,4,1
6553,1150,5,1
6554,1150,6,1
6555,1150,7,1
6556,1150,8,1
6557,1151,3,1
6558,1151,4,1
6559,1151,5,1
6560,1151,6,1
6561,1151,7,1
6562,1151,8,1
6563,1152,3,1
6564,1152,4,1
6565,1152,5,1
6566,1152,6,1
6567,1152,7,1
6568,1152,8,1
6569,1153,3,1
6570,1153,4,1
6571,1153,5,1
6572,1153,6,1
6573,1153,7,1
6574,1153,8,1
6575,1154,1,1
6576,1154,3,1
6577,1154,4,1
6578,1154,5,1
6579,1154,6,1
6580,1154,7,1
6581,1154,8,1
6582,1155,1,1
6583,1155,3,1
6584,1155,4,1
6585,1155,5,1
6586,1155,6,1
6587,1155,7,1
6588,1155,8,1
6589,1156,1,1
6590,1156,3,1
6591,1156,4,1
6592,1156,5,1
6593,1156,6,1
6594,1156,7,1
6595,1156,8,1
6596,1157,3,1
6597,1157,4,1
6598,1157,5,1
6599,1157,6,1
6600,1157,7,1
6601,1157,8,1
6602,1158,3,1
6603,1158,4,1
6604,1158,5,1
6605,1158,6,1
6606,1158,7,1
6607,1158,8,1
6608,1159,3,1
6609,1159,4,1
6610,1159,5,1
6611,1159,6,1
6612,1159,7,1
6613,1159,8,1
6614,1160,3,1
6615,1160,4,1
6616,1160,5,1
6617,1160,6,1
6618,1160,7,1
6619,1160,8,1
6620,1161,3,1
6621,1161,4,1
6622,1161,5,1
6623,1161,7,1
6624,1161,8,1
6625,1162,1,1
6626,1162,3,1
6627,1162,4,1
6628,1162,5,1
6629,1162,6,1
6630,1162,7,1
6631,1162,8,1
6632,1163,3,1
6633,1163,4,1
6634,1163,5,1
6635,1163,6,1
6636,1163,7,1
6637,1163,8,1
6638,1164,3,1
6639,1164,4,1
6640,1164,5,1
6641,1164,6,1
6642,1164,7,1
6643,1164,8,1
6644,1165,3,1
6645,1165,4,1
6646,1165,5,1
6647,1165,6,1
6648,1165,7,1
6649,1165,8,1
6650,1166,3,1
6651,1166,4,1
6652,1166,5,1
6653,1166,6,1
6654,1166,7,1
6655,1166,8,1
6656,1167,3,1
6657,1167,4,1
6658,1167,5,1
6659,1167,6,1
6660,1167,7,1
6661,1167,8,1
6662,1168,1,1
6663,1168,3,1
6664,1168,4,1
6665,1168,5,1
6666,1168,6,1
6667,1168,7,1
6668,1168,8,1
6669,1169,3,1
6670,1169,4,1
6671,1169,5,1
6672,1169,6,1
6673,1169,7,1
6674,1169,8,1
6675,1170,3,1
6676,1170,4,1
6677,1170,5,1
6678,1170,6,1
6679,1170,7,1
6680,1170,8,1
6681,1171,1,1
6682,1171,3,1
6683,1171,4,1
6684,1171,5,1
6685,1171,7,1
6686,1171,8,1
6687,1172,3,1
6688,1172,4,1
6689,1172,5,1
6690,1172,6,1
6691,1172,7,1
6692,1172,8,1
6693,1173,3,1
6694,1173,4,1
6695,1173,5,1
6696,1173,7,1
6697,1173,8,1
6698,1174,3,1
6699,1174,4,1
6700,1174,5,1
6701,1174,6,1
6702,1174,7,1
6703,1174,8,1
6704,1175,1,1
6705,1175,3,1
6706,1175,4,1
6707,1175,5,1
6708,1175,6,1
6709,1175,7,1
6710,1175,8,1
6711,1176,3,1
6712,1176,4,1
6713,1176,5,1
6714,1176,6,1
6715,1176,7,1
6716,1176,8,1
6717,1177,3,1
6718,1177,4,1
6719,1177,5,1
6720,1177,6,1
6721,1177,7,1
6722,1177,8,1
6723,1178,3,1
6724,1178,4,1
6725,1178,5,1
6726,1178,6,1
6727,1178,7,1
6728,1178,8,1
6729,1179,3,1
6730,1179,4,1
6731,1179,5,1
6732,1179,7,1
6733,1179,8,1
6734,1180,3,1
6735,1180,4,1
6736,1180,5,1
6737,1180,6,1
6738,1180,7,1
6739,1180,8,1
6740,1181,3,1
6741,1181,4,1
6742,1181,5,1
6743,1181,6,1
6744,1181,7,1
6745,1181,8,1
6746,1182,3,1
6747,1182,4,1
6748,1182,5,1
6749,1182,6,1
6750,1182,7,1
6751,1182,8,1
6752,1183,3,1
6753,1183,4,1
6754,1183,5,1
6755,1183,6,1
6756,1183,7,1
6757,1183,8,1
6758,1184,1,1
6759,1184,3,1
6760,1184,4,1
6761,1184,5,1
6762,1184,7,1
6763,1184,8,1
6764,1185,3,1
6765,1185,4,1
6766,1185,5,1
6767,1185,6,1
6768,1185,7,1
6769,1185,8,1
6770,1186,3,1
6771,1186,4,1
6772,1186,5,1
6773,1186,6,1
6774,1186,7,1
6775,1186,8,1
6776,1187,3,1
6777,1187,4,1
6778,1187,5,1
6779,1187,6,1
6780,1187,7,1
6781,1187,8,1
6782,1188,3,1
6783,1188,4,1
6784,1188,5,1
6785,1188,6,1
6786,1188,7,1
6787,1188,8,1
6788,1189,3,1
6789,1189,4,1
6790,1189,5,1
6791,1189,6,1
6792,1189,7,1
6793,1189,8,1
6794,1190,3,1
6795,1190,4,1
6796,1190,5,1
6797,1190,6,1
6798,1190,7,1
6799,1190,8,1
6800,1191,1,1
6801,1191,3,1
6802,1191,4,1
6803,1191,5,1
6804,1191,6,1
6805,1191,7,1
6806,1191,8,1
6807,1192,3,1
6808,1192,4,1
6809,1192,5,1
6810,1192,6,1
6811,1192,7,1
6812,1192,8,1
6813,1193,1,1
6814,1193,3,1
6815,1193,4,1
6816,1193,5,1
6817,1193,6,1
6818,1193,7,1
6819,1193,8,1
6820,1194,3,1
6821,1194,4,1
6822,1194,5,1
6823,1194,7,1
6824,1194,8,1
6825,1195,3,1
6826,1195,4,1
6827,1195,5,1
6828,1195,6,1
6829,1195,7,1
6830,1195,8,1
6831,1196,3,1
6832,1196,4,1
6833,1196,5,1
6834,1196,6,1
6835,1196,7,1
6836,1196,8,1
6837,1197,3,1
6838,1197,4,1
6839,1197,5,1
6840,1197,6,1
6841,1197,7,1
6842,1197,8,1
6843,1198,3,1
6844,1198,4,1
6845,1198,5,1
6846,1198,7,1
6847,1198,8,1
6848,1199,3,1
6849,1199,4,1
6850,1199,5,1
6851,1199,6,1
6852,1199,7,1
6853,1199,8,1
6854,1200,3,1
6855,1200,4,1
6856,1200,5,1
6857,1200,6,1
6858,1200,7,1
6859,1200,8,1
6860,1201,3,1
6861,1201,4,1
6862,1201,5,1
6863,1201,6,1
6864,1201,7,1
6865,1201,8,1
6866,1202,3,1
6867,1202,4,1
6868,1202,5,1
6869,1202,6,1
6870,1202,7,1
6871,1202,8,1
6872,1203,3,1
6873,1203,4,1
6874,1203,5,1
6875,1203,6,1
6876,1203,7,1
6877,1203,8,1
6878,1204,1,1
6879,1204,3,1
6880,1204,4,1
6881,1204,5,1
6882,1204,6,1
6883,1204,7,1
6884,1204,8,1
6885,1205,1,1
6886,1205,3,1
6887,1205,4,1
6888,1205,5,1
6889,1205,6,1
6890,1205,7,1
6891,1205,8,1
6892,1206,3,1
6893,1206,4,1
6894,1206,5,1
6895,1206,7,1
6896,1206,8,1
6897,1207,3,1
6898,1207,4,1
6899,1207,5,1
6900,1207,6,1
6901,1207,7,1
6902,1207,8,1
6903,1208,1,1
6904,1208,3,1
6905,1208,4,1
6906,1208,5,1
6907,1208,7,1
6908,1208,8,1
6909,1209,3,1
6910,1209,4,1
6911,1209,5,1
6912,1209,6,1
6913,1209,7,1
6914,1209,8,1
6915,1210,3,1
6916,1210,4,1
6917,1210,5,1
6918,1210,6,1
6919,1210,7,1
6920,1210,8,1
6921,1211,1,1
6922,1211,3,1
6923,1211,4,1
6924,1211,5,1
6925,1211,6,1
6926,1211,7,1
6927,1211,8,1
6928,1212,3,1
6929,1212,4,1
6930,1212,5,1
6931,1212,6,1
6932,1212,7,1
6933,1212,8,1
6934,1213,3,1
6935,1213,4,1
6936,1213,5,1
6937,1213,6,1
6938,1213,7,1
6939,1213,8,1
6940,1214,1,1
6941,1214,3,1
6942,1214,4,1
6943,1214,5,1
6944,1214,7,1
6945,1214,8,1
6946,1215,3,1
6947,1215,4,1
6948,1215,5,1
6949,1215,6,1
6950,1215,7,1
6951,1215,8,1
6952,1216,3,1
6953,1216,4,1
6954,1216,5,1
6955,1216,6,1
6956,1216,7,1
6957,1216,8,1
6958,1217,1,1
6959,1217,3,1
6960,1217,4,1
6961,1217,5,1
6962,1217,6,1
6963,1217,7,1
6964,1217,8,1
6965,1218,3,1
6966,1218,4,1
6967,1218,5,1
6968,1218,6,1
6969,1218,7,1
6970,1218,8,1
6971,1219,3,1
6972,1219,4,1
6973,1219,5,1
6974,1219,6,1
6975,1219,7,1
6976,1219,8,1
6977,1220,3,1
6978,1220,4,1
6979,1220,5,1
6980,1220,7,1
6981,1220,8,1
6982,1221,3,1
6983,1221,4,1
6984,1221,5,1
6985,1221,6,1
6986,1221,7,1
6987,1221,8,1
6988,1222,3,1
6989,1222,4,1
6990,1222,5,1
6991,1222,6,1
6992,1222,7,1
6993,1222,8,1
6994,1223,3,1
6995,1223,4,1
6996,1223,5,1
6997,1223,7,1
6998,1223,8,1
6999,1224,3,1
7000,1224,4,1
7001,1224,5,1
7002,1224,6,1
7003,1224,7,1
7004,1224,8,1
7005,1225,3,1
7006,1225,4,1
7007,1225,5,1
7008,1225,6,1
7009,1225,7,1
7010,1225,8,1
7011,1226,1,1
7012,1226,3,1
7013,1226,4,1
7014,1226,5,1
7015,1226,7,1
7016,1226,8,1
7017,1227,3,1
7018,1227,4,1
7019,1227,5,1
7020,1227,7,1
7021,1227,8,1
7022,1228,1,1
7023,1228,3,1
7024,1228,4,1
7025,1228,5,1
7026,1228,6,1
7027,1228,7,1
7028,1228,8,1
7029,1229,3,1
7030,1229,4,1
7031,1229,5,1
7032,1229,6,1
7033,1229,7,1
7034,1229,8,1
7035,1230,3,1
7036,1230,4,1
7037,1230,5,1
7038,1230,6,1
7039,1230,7,1
7040,1230,8,1
7041,1231,3,1
7042,1231,4,1
7043,1231,5,1
7044,1231,7,1
7045,1231,8,1
7046,1232,3,1
7047,1232,4,1
7048,1232,5,1
7049,1232,6,1
7050,1232,7,1
7051,1232,8,1
7052,1233,3,1
7053,1233,4,1
7054,1233,5,1
7055,1233,6,1
7056,1233,7,1
7057,1233,8,1
7058,1234,3,1
7059,1234,4,1
7060,1234,5,1
7061,1234,6,1
7062,1234,7,1
7063,1234,8,1
7064,1235,3,1
7065,1235,4,1
7066,1235,5,1
7067,1235,7,1
7068,1235,8,1
7069,1236,3,1
7070,1236,4,1
7071,1236,5,1
7072,1236,6,1
7073,1236,7,1
7074,1236,8,1
7075,1237,3,1
7076,1237,4,1
7077,1237,5,1
7078,1237,6,1
7079,1237,7,1
7080,1237,8,1
7081,1238,3,1
7082,1238,4,1
7083,1238,5,1
7084,1238,7,1
7085,1238,8,1
7086,1239,3,1
7087,1239,4,1
7088,1239,5,1
7089,1239,6,1
7090,1239,7,1
7091,1239,8,1
7092,1240,1,1
7093,1240,3,1
7094,1240,4,1
7095,1240,5,1
7096,1240,6,1
7097,1240,7,1
7098,1240,8,1
7099,1241,3,1
7100,1241,4,1
7101,1241,5,1
7102,1241,6,1
7103,1241,7,1
7104,1241,8,1
7105,1242,3,1
7106,1242,4,1
7107,1242,5,1
7108,1242,6,1
7109,1242,7,1
7110,1242,8,1
7111,1243,3,1
7112,1243,4,1
7113,1243,5,1
7114,1243,6,1
7115,1243,7,1
7116,1243,8,1
7117,1244,3,1
7118,1244,4,1
7119,1244,5,1
7120,1244,6,1
7121,1244,7,1
7122,1244,8,1
7123,1245,3,1
7124,1245,4,1
7125,1245,5,1
7126,1245,6,1
7127,1245,7,1
7128,1245,8,1
7129,1246,3,1
7130,1246,4,1
7131,1246,5,1
7132,1246,6,1
7133,1246,7,1
7134,1246,8,1
7135,1247,1,1
7136,1247,3,1
7137,1247,4,1
7138,1247,5,1
7139,1247,6,1
7140,1247,7,1
7141,1247,8,1
7142,1248,1,1
7143,1248,3,1
7144,1248,4,1
7145,1248,5,1
7146,1248,6,1
7147,1248,7,1
7148,1248,8,1
7149,1249,3,1
7150,1249,4,1
7151,1249,5,1
7152,1249,6,1
7153,1249,7,1
7154,1249,8,1
7155,1250,1,1
7156,1250,3,1
7157,1250,4,1
7158,1250,5,1
7159,1250,6,1
7160,1250,7,1
7161,1250,8,1
7162,1251,3,1
7163,1251,4,1
7164,1251,5,1
7165,1251,6,1
7166,1251,7,1
7167,1251,8,1
7168,1252,3,1
7169,1252,4,1
7170,1252,5,1
7171,1252,6,1
7172,1252,7,1
7173,1252,8,1
7174,1253,1,1
7175,1253,3,1
7176,1253,4,1
7177,1253,5,1
7178,1253,6,1
7179,1253,7,1
7180,1253,8,1
7181,1254,3,1
7182,1254,4,1
7183,1254,5,1
7184,1254,6,1
7185,1254,7,1
7186,1254,8,1
7187,1255,3,1
7188,1255,4,1
7189,1255,5,1
7190,1255,6,1
7191,1255,7,1
7192,1255,8,1
7193,1256,3,1
7194,1256,4,1
7195,1256,5,1
7196,1256,6,1
7197,1256,7,1
7198,1256,8,1
7199,1257,1,1
7200,1257,3,1
7201,1257,4,1
7202,1257,5,1
7203,1257,6,1
7204,1257,7,1
7205,1257,8,1
7206,1258,3,1
7207,1258,4,1
7208,1258,5,1
7209,1258,6,1
7210,1258,7,1
7211,1258,8,1
7212,1259,3,1
7213,1259,4,1
7214,1259,5,1
7215,1259,6,1
7216,1259,7,1
7217,1259,8,1
7218,1260,3,1
7219,1260,4,1
7220,1260,5,1
7221,1260,6,1
7222,1260,7,1
7223,1260,8,1
7224,1261,3,1
7225,1261,4,1
7226,1261,5,1
7227,1261,7,1
7228,1261,8,1
7229,1262,3,1
7230,1262,4,1
7231,1262,5,1
7232,1262,6,1
7233,1262,7,1
7234,1262,8,1
7235,1263,3,1
7236,1263,4,1
7237,1263,5,1
7238,1263,6,1
7239,1263,7,1
7240,1263,8,1
7241,1264,3,1
7242,1264,4,1
7243,1264,5,1
7244,1264,6,1
7245,1264,7,1
7246,1264,8,1
7247,1265,3,1
7248,1265,4,1
7249,1265,5,1
7250,1265,6,1
7251,1265,7,1
7252,1265,8,1
7253,1266,1,1
7254,1266,3,1
7255,1266,4,1
7256,1266,5,1
7257,1266,6,1
7258,1266,7,1
7259,1266,8,1
7260,1267,1,1
7261,1267,3,1
7262,1267,4,1
7263,1267,5,1
7264,1267,6,1
7265,1267,7,1
7266,1267,8,1
7267,1268,3,1
7268,1268,4,1
7269,1268,5,1
7270,1268,6,1
7271,1268,7,1
7272,1268,8,1
7273,1269,3,1
7274,1269,4,1
7275,1269,5,1
7276,1269,6,1
7277,1269,7,1
7278,1269,8,1
7279,1270,3,1
7280,1270,4,1
7281,1270,5,1
7282,1270,6,1
7283,1270,7,1
7284,1270,8,1
7285,1271,1,1
7286,1271,3,1
7287,1271,4,1
7288,1271,5,1
7289,1271,6,1
7290,1271,7,1
7291,1271,8,1
7292,1272,3,1
7293,1272,4,1
7294,1272,5,1
7295,1272,6,1
7296,1272,7,1
7297,1272,8,1
7298,1273,3,1
7299,1273,4,1
7300,1273,5,1
7301,1273,6,1
7302,1273,7,1
7303,1273,8,1
7304,1274,3,1
7305,1274,4,1
7306,1274,5,1
7307,1274,7,1
7308,1274,8,1
7309,1275,3,1
7310,1275,4,1
7311,1275,5,1
7312,1275,6,1
7313,1275,7,1
7314,1275,8,1
7315,1276,3,1
7316,1276,4,1
7317,1276,5,1
7318,1276,6,1
7319,1276,7,1
7320,1276,8,1
7321,1277,3,1
7322,1277,4,1
7323,1277,5,1
7324,1277,6,1
7325,1277,7,1
7326,1277,8,1
7327,1278,3,1
7328,1278,4,1
7329,1278,5,1
7330,1278,6,1
7331,1278,7,1
7332,1278,8,1
7333,1279,3,1
7334,1279,4,1
7335,1279,5,1
7336,1279,6,1
7337,1279,7,1
7338,1279,8,1
7339,1280,3,1
7340,1280,4,1
7341,1280,5,1
7342,1280,6,1
7343,1280,7,1
7344,1280,8,1
7345,1281,3,1
7346,1281,4,1
7347,1281,5,1
7348,1281,6,1
7349,1281,7,1
7350,1281,8,1
7351,1282,3,1
7352,1282,4,1
7353,1282,5,1
7354,1282,6,1
7355,1282,7,1
7356,1282,8,1
7357,1283,3,1
7358,1283,4,1
7359,1283,5,1
7360,1283,6,1
7361,1283,7,1
7362,1283,8,1
7363,1284,3,1
7364,1284,4,1
7365,1284,5,1
7366,1284,6,1
7367,1284,7,1
7368,1284,8,1
7369,1285,3,1
7370,1285,4,1
7371,1285,5,1
7372,1285,7,1
7373,1285,8,1
7374,1286,3,1
7375,1286,4,1
7376,1286,5,1
7377,1286,6,1
7378,1286,7,1
7379,1286,8,1
7380,1287,1,1
7381,1287,3,1
7382,1287,4,1
7383,1287,5,1
7384,1287,6,1
7385,1287,7,1
7386,1287,8,1
7387,1288,3,1
7388,1288,4,1
7389,1288,5,1
7390,1288,6,1
7391,1288,7,1
7392,1288,8,1
7393,1289,3,1
7394,1289,4,1
7395,1289,5,1
7396,1289,6,1
7397,1289,7,1
7398,1289,8,1
7399,1290,3,1
7400,1290,4,1
7401,1290,5,1
7402,1290,6,1
7403,1290,7,1
7404,1290,8,1
7405,1291,3,1
7406,1291,4,1
7407,1291,5,1
7408,1291,6,1
7409,1291,7,1
7410,1291,8,1
7411,1292,3,1
7412,1292,4,1
7413,1292,5,1
7414,1292,6,1
7415,1292,7,1
7416,1292,8,1
7417,1293,3,1
7418,1293,4,1
7419,1293,5,1
7420,1293,6,1
7421,1293,7,1
7422,1293,8,1
7423,1294,3,1
7424,1294,4,1
7425,1294,5,1
7426,1294,6,1
7427,1294,7,1
7428,1294,8,1
7429,1295,3,1
7430,1295,4,1
7431,1295,5,1
7432,1295,6,1
7433,1295,7,1
7434,1295,8,1
7435,1296,1,1
7436,1296,3,1
7437,1296,4,1
7438,1296,5,1
7439,1296,6,1
7440,1296,7,1
7441,1296,8,1
7442,1297,3,1
7443,1297,4,1
7444,1297,5,1
7445,1297,6,1
7446,1297,7,1
7447,1297,8,1
7448,1298,3,1
7449,1298,4,1
7450,1298,5,1
7451,1298,6,1
7452,1298,7,1
7453,1298,8,1
7454,1299,3,1
7455,1299,4,1
7456,1299,5,1
7457,1299,6,1
7458,1299,7,1
7459,1299,8,1
7460,1300,3,1
7461,1300,4,1
7462,1300,5,1
7463,1300,6,1
7464,1300,7,1
7465,1300,8,1
7466,1301,3,1
7467,1301,4,1
7468,1301,5,1
7469,1301,6,1
7470,1301,7,1
7471,1301,8,1
7472,1302,3,1
7473,1302,4,1
7474,1302,5,1
7475,1302,6,1
7476,1302,7,1
7477,1302,8,1
7478,1303,3,1
7479,1303,4,1
7480,1303,5,1
7481,1303,6,1
7482,1303,7,1
7483,1303,8,1
7484,1304,3,1
7485,1304,4,1
7486,1304,5,1
7487,1304,6,1
7488,1304,7,1
7489,1304,8,1
7490,1305,3,1
7491,1305,4,1
7492,1305,5,1
7493,1305,6,1
7494,1305,7,1
7495,1305,8,1
7496,1306,3,1
7497,1306,4,1
7498,1306,5,1
7499,1306,6,1
7500,1306,7,1
7501,1306,8,1
7502,1307,3,1
7503,1307,4,1
7504,1307,5,1
7505,1307,6,1
7506,1307,7,1
7507,1307,8,1
7508,1308,3,1
7509,1308,4,1
7510,1308,5,1
7511,1308,6,1
7512,1308,7,1
7513,1308,8,1
7514,1309,3,1
7515,1309,4,1
7516,1309,5,1
7517,1309,6,1
7518,1309,7,1
7519,1309,8,1
7520,1310,3,1
7521,1310,4,1
7522,1310,5,1
7523,1310,7,1
7524,1310,8,1
7525,1311,3,1
7526,1311,4,1
7527,1311,5,1
7528,1311,6,1
7529,1311,7,1
7530,1311,8,1
7531,1312,3,1
7532,1312,4,1
7533,1312,5,1
7534,1312,7,1
7535,1312,8,1
7536,1313,3,1
7537,1313,4,1
7538,1313,5,1
7539,1313,7,1
7540,1313,8,1
7541,1314,1,1
7542,1314,3,1
7543,1314,4,1
7544,1314,5,1
7545,1314,6,1
7546,1314,7,1
7547,1314,8,1
7548,1315,3,1
7549,1315,4,1
7550,1315,5,1
7551,1315,6,1
7552,1315,7,1
7553,1315,8,1
7554,1316,1,1
7555,1316,3,1
7556,1316,4,1
7557,1316,5,1
7558,1316,6,1
7559,1316,7,1
7560,1316,8,1
7561,1317,1,1
7562,1317,3,1
7563,1317,4,1
7564,1317,5,1
7565,1317,6,1
7566,1317,7,1
7567,1317,8,1
7568,1318,3,1
7569,1318,4,1
7570,1318,5,1
7571,1318,6,1
7572,1318,7,1
7573,1318,8,1
7574,1319,3,1
7575,1319,4,1
7576,1319,5,1
7577,1319,7,1
7578,1319,8,1
7579,1320,3,1
7580,1320,4,1
7581,1320,5,1
7582,1320,6,1
7583,1320,7,1
7584,1320,8,1
7585,1321,3,1
7586,1321,4,1
7587,1321,5,1
7588,1321,6,1
7589,1321,7,1
7590,1321,8,1
7591,1322,3,1
7592,1322,4,1
7593,1322,5,1
7594,1322,6,1
7595,1322,7,1
7596,1322,8,1
7597,1323,3,1
7598,1323,4,1
7599,1323,5,1
7600,1323,6,1
7601,1323,7,1
7602,1323,8,1
7603,1324,3,1
7604,1324,4,1
7605,1324,5,1
7606,1324,6,1
7607,1324,7,1
7608,1324,8,1
7609,1325,3,1
7610,1325,4,1
7611,1325,5,1
7612,1325,6,1
7613,1325,7,1
7614,1325,8,1
7615,1326,1,1
7616,1326,3,1
7617,1326,4,1
7618,1326,5,1
7619,1326,6,1
7620,1326,7,1
7621,1326,8,1
7622,1327,3,1
7623,1327,4,1
7624,1327,5,1
7625,1327,7,1
7626,1327,8,1
7627,1328,3,1
7628,1328,4,1
7629,1328,5,1
7630,1328,7,1
7631,1328,8,1
7632,1329,3,1
7633,1329,4,1
7634,1329,5,1
7635,1329,6,1
7636,1329,7,1
7637,1329,8,1
7638,1330,3,1
7639,1330,4,1
7640,1330,5,1
7641,1330,6,1
7642,1330,7,1
7643,1330,8,1
7644,1331,1,1
7645,1331,3,1
7646,1331,4,1
7647,1331,5,1
7648,1331,6,1
7649,1331,7,1
7650,1331,8,1
7651,1332,3,1
7652,1332,4,1
7653,1332,5,1
7654,1332,7,1
7655,1332,8,1
7656,1333,1,1
7657,1333,3,1
7658,1333,4,1
7659,1333,5,1
7660,1333,6,1
7661,1333,7,1
7662,1333,8,1
7663,1334,1,1
7664,1334,3,1
7665,1334,4,1
7666,1334,5,1
7667,1334,7,1
7668,1334,8,1
7669,1335,3,1
7670,1335,4,1
7671,1335,5,1
7672,1335,7,1
7673,1335,8,1
7674,1336,1,1
7675,1336,3,1
7676,1336,4,1
7677,1336,5,1
7678,1336,6,1
7679,1336,7,1
7680,1336,8,1
7681,1337,3,1
7682,1337,4,1
7683,1337,5,1
7684,1337,6,1
7685,1337,7,1
7686,1337,8,1
7687,1338,3,1
7688,1338,4,1
7689,1338,5,1
7690,1338,7,1
7691,1338,8,1
7692,1339,3,1
7693,1339,4,1
7694,1339,5,1
7695,1339,6,1
7696,1339,7,1
7697,1339,8,1
7698,1340,3,1
7699,1340,4,1
7700,1340,5,1
7701,1340,7,1
7702,1340,8,1
7703,1341,1,1
7704,1341,3,1
7705,1341,4,1
7706,1341,5,1
7707,1341,6,1
7708,1341,7,1
7709,1341,8,1
7710,1342,3,1
7711,1342,4,1
7712,1342,5,1
7713,1342,7,1
7714,1342,8,1
7715,1343,1,1
7716,1343,3,1
7717,1343,4,1
7718,1343,5,1
7719,1343,6,1
7720,1343,7,1
7721,1343,8,1
7722,1344,3,1
7723,1344,4,1
7724,1344,5,1
7725,1344,7,1
7726,1344,8,1
7727,1345,3,1
7728,1345,4,1
7729,1345,5,1
7730,1345,6,1
7731,1345,7,1
7732,1345,8,1
7733,1346,3,1
7734,1346,4,1
7735,1346,5,1
7736,1346,7,1
7737,1346,8,1
7738,1347,1,1
7739,1347,3,1
7740,1347,4,1
7741,1347,5,1
7742,1347,6,1
7743,1347,7,1
7744,1347,8,1
7745,1348,1,1
7746,1348,3,1
7747,1348,4,1
7748,1348,5,1
7749,1348,6,1
7750,1348,7,1
7751,1348,8,1
7752,1349,3,1
7753,1349,4,1
7754,1349,5,1
7755,1349,6,1
7756,1349,7,1
7757,1349,8,1
7758,1350,3,1
7759,1350,4,1
7760,1350,5,1
7761,1350,6,1
7762,1350,7,1
7763,1350,8,1
7764,1351,3,1
7765,1351,4,1
7766,1351,5,1
7767,1351,6,1
7768,1351,7,1
7769,1351,8,1
7770,1352,1,1
7771,1352,3,1
7772,1352,4,1
7773,1352,5,1
7774,1352,6,1
7775,1352,7,1
7776,1352,8,1
7777,1353,3,1
7778,1353,4,1
7779,1353,5,1
7780,1353,7,1
7781,1353,8,1
7782,1354,3,1
7783,1354,4,1
7784,1354,5,1
7785,1354,6,1
7786,1354,7,1
7787,1354,8,1
7788,1355,1,1
7789,1355,3,1
7790,1355,4,1
7791,1355,5,1
7792,1355,6,1
7793,1355,7,1
7794,1355,8,1
7795,1356,3,1
7796,1356,4,1
7797,1356,5,1
7798,1356,6,1
7799,1356,7,1
7800,1356,8,1
7801,1357,1,1
7802,1357,3,1
7803,1357,4,1
7804,1357,5,1
7805,1357,6,1
7806,1357,7,1
7807,1357,8,1
7808,1358,3,1
7809,1358,4,1
7810,1358,5,1
7811,1358,6,1
7812,1358,7,1
7813,1358,8,1
7814,1359,3,1
7815,1359,4,1
7816,1359,5,1
7817,1359,7,1
7818,1359,8,1
7819,1360,3,1
7820,1360,4,1
7821,1360,5,1
7822,1360,6,1
7823,1360,7,1
7824,1360,8,1
7825,1361,1,1
7826,1361,3,1
7827,1361,4,1
7828,1361,5,1
7829,1361,6,1
7830,1361,7,1
7831,1361,8,1
7832,1362,1,1
7833,1362,3,1
7834,1362,4,1
7835,1362,5,1
7836,1362,6,1
7837,1362,7,1
7838,1362,8,1
7839,1363,3,1
7840,1363,4,1
7841,1363,5,1
7842,1363,6,1
7843,1363,7,1
7844,1363,8,1
7845,1364,3,1
7846,1364,4,1
7847,1364,5,1
7848,1364,6,1
7849,1364,7,1
7850,1364,8,1
7851,1365,1,1
7852,1365,3,1
7853,1365,4,1
7854,1365,5,1
7855,1365,6,1
7856,1365,7,1
7857,1365,8,1
7858,1366,3,1
7859,1366,4,1
7860,1366,5,1
7861,1366,6,1
7862,1366,7,1
7863,1366,8,1
7864,1367,3,1
7865,1367,4,1
7866,1367,5,1
7867,1367,6,1
7868,1367,7,1
7869,1367,8,1
7870,1368,3,1
7871,1368,4,1
7872,1368,5,1
7873,1368,7,1
7874,1368,8,1
7875,1369,1,1
7876,1369,3,1
7877,1369,4,1
7878,1369,5,1
7879,1369,6,1
7880,1369,7,1
7881,1369,8,1
7882,1370,1,1
7883,1370,3,1
7884,1370,4,1
7885,1370,5,1
7886,1370,6,1
7887,1370,7,1
7888,1370,8,1
7889,1371,3,1
7890,1371,4,1
7891,1371,5,1
7892,1371,6,1
7893,1371,7,1
7894,1371,8,1
7895,1372,1,1
7896,1372,3,1
7897,1372,4,1
7898,1372,5,1
7899,1372,6,1
7900,1372,7,1
7901,1372,8,1
7902,1373,3,1
7903,1373,4,1
7904,1373,5,1
7905,1373,7,1
7906,1373,8,1
7907,1374,3,1
7908,1374,4,1
7909,1374,5,1
7910,1374,6,1
7911,1374,7,1
7912,1374,8,1
7913,1375,3,1
7914,1375,4,1
7915,1375,5,1
7916,1375,6,1
7917,1375,7,1
7918,1375,8,1
7919,1376,1,1
7920,1376,3,1
7921,1376,4,1
7922,1376,5,1
7923,1376,6,1
7924,1376,7,1
7925,1376,8,1
7926,1377,3,1
7927,1377,4,1
7928,1377,5,1
7929,1377,6,1
7930,1377,7,1
7931,1377,8,1
7932,1378,3,1
7933,1378,4,1
7934,1378,5,1
7935,1378,7,1
7936,1378,8,1
7937,1379,3,1
7938,1379,4,1
7939,1379,5,1
7940,1379,6,1
7941,1379,7,1
7942,1379,8,1
7943,1380,3,1
7944,1380,4,1
7945,1380,5,1
7946,1380,6,1
7947,1380,7,1
7948,1380,8,1
7949,1381,3,1
7950,1381,4,1
7951,1381,5,1
7952,1381,6,1
7953,1381,7,1
7954,1381,8,1
7955,1382,3,1
7956,1382,4,1
7957,1382,5,1
7958,1382,6,1
7959,1382,7,1
7960,1382,8,1
7961,1383,3,1
7962,1383,4,1
7963,1383,5,1
7964,1383,6,1
7965,1383,7,1
7966,1383,8,1
7967,1384,1,1
7968,1384,3,1
7969,1384,4,1
7970,1384,5,1
7971,1384,7,1
7972,1384,8,1
7973,1385,3,1
7974,1385,4,1
7975,1385,5,1
7976,1385,6,1
7977,1385,7,1
7978,1385,8,1
7979,1386,1,1
7980,1386,3,1
7981,1386,4,1
7982,1386,5,1
7983,1386,6,1
7984,1386,7,1
7985,1386,8,1
7986,1387,3,1
7987,1387,4,1
7988,1387,5,1
7989,1387,6,1
7990,1387,7,1
7991,1387,8,1
7992,1388,3,1
7993,1388,4,1
7994,1388,5,1
7995,1388,6,1
7996,1388,7,1
7997,1388,8,1
7998,1389,3,1
7999,1389,4,1
8000,1389,5,1
8001,1389,6,1
8002,1389,7,1
8003,1389,8,1
8004,1390,3,1
8005,1390,4,1
8006,1390,5,1
8007,1390,7,1
8008,1390,8,1
8009,1391,3,1
8010,1391,4,1
8011,1391,5,1
8012,1391,7,1
8013,1391,8,1
8014,1392,3,1
8015,1392,4,1
8016,1392,5,1
8017,1392,6,1
8018,1392,7,1
8019,1392,8,1
8020,1393,3,1
8021,1393,4,1
8022,1393,5,1
8023,1393,6,1
8024,1393,7,1
8025,1393,8,1
8026,1394,1,1
8027,1394,3,1
8028,1394,4,1
8029,1394,5,1
8030,1394,6,1
8031,1394,7,1
8032,1394,8,1
8033,1395,3,1
8034,1395,4,1
8035,1395,5,1
8036,1395,6,1
8037,1395,7,1
8038,1395,8,1
8039,1396,1,1
8040,1396,3,1
8041,1396,4,1
8042,1396,5,1
8043,1396,6,1
8044,1396,7,1
8045,1396,8,1
8046,1397,1,1
8047,1397,3,1
8048,1397,4,1
8049,1397,5,1
8050,1397,6,1
8051,1397,7,1
8052,1397,8,1
8053,1398,1,1
8054,1398,3,1
8055,1398,4,1
8056,1398,5,1
8057,1398,6,1
8058,1398,7,1
8059,1398,8,1
8060,1399,1,1
8061,1399,3,1
8062,1399,4,1
8063,1399,5,1
8064,1399,6,1
8065,1399,7,1
8066,1399,8,1
8067,1400,1,1
8068,1400,3,1
8069,1400,4,1
8070,1400,5,1
8071,1400,7,1
8072,1400,8,1
8073,1401,3,1
8074,1401,4,1
8075,1401,5,1
8076,1401,6,1
8077,1401,7,1
8078,1401,8,1
8079,1402,3,1
8080,1402,4,1
8081,1402,5,1
8082,1402,6,1
8083,1402,7,1
8084,1402,8,1
8085,1403,3,1
8086,1403,4,1
8087,1403,5,1
8088,1403,7,1
8089,1403,8,1
8090,1404,3,1
8091,1404,4,1
8092,1404,5,1
8093,1404,7,1
8094,1404,8,1
8095,1405,3,1
8096,1405,4,1
8097,1405,5,1
8098,1405,6,1
8099,1405,7,1
8100,1405,8,1
8101,1406,3,1
8102,1406,4,1
8103,1406,5,1
8104,1406,7,1
8105,1406,8,1
8106,1407,1,1
8107,1407,3,1
8108,1407,4,1
8109,1407,5,1
8110,1407,6,1
8111,1407,7,1
8112,1407,8,1
8113,1408,3,1
8114,1408,4,1
8115,1408,5,1
8116,1408,6,1
8117,1408,7,1
8118,1408,8,1
8119,1409,3,1
8120,1409,4,1
8121,1409,5,1
8122,1409,6,1
8123,1409,7,1
8124,1409,8,1
8125,1410,3,1
8126,1410,4,1
8127,1410,5,1
8128,1410,6,1
8129,1410,7,1
8130,1410,8,1
8131,1411,3,1
8132,1411,4,1
8133,1411,5,1
8134,1411,6,1
8135,1411,7,1
8136,1411,8,1
8137,1412,3,1
8138,1412,4,1
8139,1412,5,1
8140,1412,6,1
8141,1412,7,1
8142,1412,8,1
8143,1413,3,1
8144,1413,4,1
8145,1413,5,1
8146,1413,6,1
8147,1413,7,1
8148,1413,8,1
8149,1414,3,1
8150,1414,4,1
8151,1414,5,1
8152,1414,6,1
8153,1414,7,1
8154,1414,8,1
8155,1415,3,1
8156,1415,4,1
8157,1415,5,1
8158,1415,6,1
8159,1415,7,1
8160,1415,8,1
8161,1416,3,1
8162,1416,4,1
8163,1416,5,1
8164,1416,6,1
8165,1416,7,1
8166,1416,8,1
8167,1417,3,1
8168,1417,4,1
8169,1417,5,1
8170,1417,6,1
8171,1417,7,1
8172,1417,8,1
8173,1418,3,1
8174,1418,4,1
8175,1418,5,1
8176,1418,6,1
8177,1418,7,1
8178,1418,8,1
8179,1419,1,1
8180,1419,3,1
8181,1419,4,1
8182,1419,5,1
8183,1419,6,1
8184,1419,7,1
8185,1419,8,1
8186,1420,3,1
8187,1420,4,1
8188,1420,5,1
8189,1420,6,1
8190,1420,7,1
8191,1420,8,1
8192,1421,3,1
8193,1421,4,1
8194,1421,5,1
8195,1421,6,1
8196,1421,7,1
8197,1421,8,1
8198,1422,3,1
8199,1422,4,1
8200,1422,5,1
8201,1422,6,1
8202,1422,7,1
8203,1422,8,1
8204,1423,1,1
8205,1423,3,1
8206,1423,4,1
8207,1423,5,1
8208,1423,6,1
8209,1423,7,1
8210,1423,8,1
8211,1424,3,1
8212,1424,4,1
8213,1424,5,1
8214,1424,6,1
8215,1424,7,1
8216,1424,8,1
8217,1425,3,1
8218,1425,4,1
8219,1425,5,1
8220,1425,6,1
8221,1425,7,1
8222,1425,8,1
8223,1426,1,1
8224,1426,3,1
8225,1426,4,1
8226,1426,5,1
8227,1426,6,1
8228,1426,7,1
8229,1426,8,1
8230,1427,1,1
8231,1427,3,1
8232,1427,4,1
8233,1427,5,1
8234,1427,6,1
8235,1427,7,1
8236,1427,8,1
8237,1428,3,1
8238,1428,4,1
8239,1428,5,1
8240,1428,6,1
8241,1428,7,1
8242,1428,8,1
8243,1429,1,1
8244,1429,3,1
8245,1429,4,1
8246,1429,5,1
8247,1429,6,1
8248,1429,7,1
8249,1429,8,1
8250,1430,3,1
8251,1430,4,1
8252,1430,5,1
8253,1430,7,1
8254,1430,8,1
8255,1431,3,1
8256,1431,4,1
8257,1431,5,1
8258,1431,6,1
8259,1431,7,1
8260,1431,8,1
8261,1432,1,1
8262,1432,3,1
8263,1432,4,1
8264,1432,5,1
8265,1432,6,1
8266,1432,7,1
8267,1432,8,1
8268,1433,3,1
8269,1433,4,1
8270,1433,5,1
8271,1433,6,1
8272,1433,7,1
8273,1433,8,1
8274,1434,3,1
8275,1434,4,1
8276,1434,5,1
8277,1434,6,1
8278,1434,7,1
8279,1434,8,1
8280,1435,3,1
8281,1435,4,1
8282,1435,5,1
8283,1435,6,1
8284,1435,7,1
8285,1435,8,1
8286,1436,1,1
8287,1436,3,1
8288,1436,4,1
8289,1436,5,1
8290,1436,6,1
8291,1436,7,1
8292,1436,8,1
8293,1437,3,1
8294,1437,4,1
8295,1437,5,1
8296,1437,6,1
8297,1437,7,1
8298,1437,8,1
8299,1438,3,1
8300,1438,4,1
8301,1438,5,1
8302,1438,7,1
8303,1438,8,1
8304,1439,1,1
8305,1439,3,1
8306,1439,4,1
8307,1439,5,1
8308,1439,6,1
8309,1439,7,1
8310,1439,8,1
8311,1440,3,1
8312,1440,4,1
8313,1440,5,1
8314,1440,6,1
8315,1440,7,1
8316,1440,8,1
8317,1441,3,1
8318,1441,4,1
8319,1441,5,1
8320,1441,7,1
8321,1441,8,1
8322,1442,3,1
8323,1442,4,1
8324,1442,5,1
8325,1442,6,1
8326,1442,7,1
8327,1442,8,1
8328,1443,3,1
8329,1443,4,1
8330,1443,5,1
8331,1443,6,1
8332,1443,7,1
8333,1443,8,1
8334,1444,3,1
8335,1444,4,1
8336,1444,5,1
8337,1444,6,1
8338,1444,7,1
8339,1444,8,1
8340,1445,3,1
8341,1445,4,1
8342,1445,5,1
8343,1445,7,1
8344,1445,8,1
8345,1446,3,1
8346,1446,4,1
8347,1446,5,1
8348,1446,6,1
8349,1446,7,1
8350,1446,8,1
8351,1447,3,1
8352,1447,4,1
8353,1447,5,1
8354,1447,6,1
8355,1447,7,1
8356,1447,8,1
8357,1448,3,1
8358,1448,4,1
8359,1448,5,1
8360,1448,6,1
8361,1448,7,1
8362,1448,8,1
8363,1449,3,1
8364,1449,4,1
8365,1449,5,1
8366,1449,6,1
8367,1449,7,1
8368,1449,8,1
8369,1450,3,1
8370,1450,4,1
8371,1450,5,1
8372,1450,6,1
8373,1450,7,1
8374,1450,8,1
8375,1451,3,1
8376,1451,4,1
8377,1451,5,1
8378,1451,7,1
8379,1451,8,1
8380,1452,3,1
8381,1452,4,1
8382,1452,5,1
8383,1452,7,1
8384,1452,8,1
8385,1453,1,1
8386,1453,3,1
8387,1453,4,1
8388,1453,5,1
8389,1453,6,1
8390,1453,7,1
8391,1453,8,1
8392,1454,3,1
8393,1454,4,1
8394,1454,5,1
8395,1454,6,1
8396,1454,7,1
8397,1454,8,1
8398,1455,3,1
8399,1455,4,1
8400,1455,5,1
8401,1455,6,1
8402,1455,7,1
8403,1455,8,1
8404,1456,3,1
8405,1456,4,1
8406,1456,5,1
8407,1456,6,1
8408,1456,7,1
8409,1456,8,1
8410,1457,3,1
8411,1457,4,1
8412,1457,5,1
8413,1457,6,1
8414,1457,7,1
8415,1457,8,1
8416,1458,3,1
8417,1458,4,1
8418,1458,5,1
8419,1458,6,1
8420,1458,7,1
8421,1458,8,1
8422,1459,3,1
8423,1459,4,1
8424,1459,5,1
8425,1459,6,1
8426,1459,7,1
8427,1459,8,1
8428,1460,3,1
8429,1460,4,1
8430,1460,5,1
8431,1460,7,1
8432,1460,8,1
8433,1461,3,1
8434,1461,4,1
8435,1461,5,1
8436,1461,6,1
8437,1461,7,1
8438,1461,8,1
8439,1462,3,1
8440,1462,4,1
8441,1462,5,1
8442,1462,6,1
8443,1462,7,1
8444,1462,8,1
8445,1463,3,1
8446,1463,4,1
8447,1463,5,1
8448,1463,6,1
8449,1463,7,1
8450,1463,8,1
8451,1464,1,1
8452,1464,3,1
8453,1464,4,1
8454,1464,5,1
8455,1464,7,1
8456,1464,8,1
8457,1465,3,1
8458,1465,4,1
8459,1465,5,1
8460,1465,6,1
8461,1465,7,1
8462,1465,8,1
8463,1466,3,1
8464,1466,4,1
8465,1466,5,1
8466,1466,6,1
8467,1466,7,1
8468,1466,8,1
8469,1467,3,1
8470,1467,4,1
8471,1467,5,1
8472,1467,6,1
8473,1467,7,1
8474,1467,8,1
8475,1468,3,1
8476,1468,4,1
8477,1468,5,1
8478,1468,7,1
8479,1468,8,1
8480,1469,3,1
8481,1469,4,1
8482,1469,5,1
8483,1469,6,1
8484,1469,7,1
8485,1469,8,1
8486,1470,3,1
8487,1470,4,1
8488,1470,5,1
8489,1470,6,1
8490,1470,7,1
8491,1470,8,1
8492,1471,3,1
8493,1471,4,1
8494,1471,5,1
8495,1471,6,1
8496,1471,7,1
8497,1471,8,1
8498,1472,3,1
8499,1472,4,1
8500,1472,5,1
8501,1472,6,1
8502,1472,7,1
8503,1472,8,1
8504,1473,1,1
8505,1473,3,1
8506,1473,4,1
8507,1473,5,1
8508,1473,6,1
8509,1473,7,1
8510,1473,8,1
8511,1474,3,1
8512,1474,4,1
8513,1474,5,1
8514,1474,6,1
8515,1474,7,1
8516,1474,8,1
8517,1475,3,1
8518,1475,4,1
8519,1475,5,1
8520,1475,6,1
8521,1475,7,1
8522,1475,8,1
8523,1476,3,1
8524,1476,4,1
8525,1476,5,1
8526,1476,6,1
8527,1476,7,1
8528,1476,8,1
8529,1477,3,1
8530,1477,4,1
8531,1477,5,1
8532,1477,6,1
8533,1477,7,1
8534,1477,8,1
8535,1478,1,1
8536,1478,3,1
8537,1478,4,1
8538,1478,5,1
8539,1478,6,1
8540,1478,7,1
8541,1478,8,1
8542,1479,3,1
8543,1479,4,1
8544,1479,5,1
8545,1479,6,1
8546,1479,7,1
8547,1479,8,1
8548,1480,3,1
8549,1480,4,1
8550,1480,5,1
8551,1480,6,1
8552,1480,7,1
8553,1480,8,1
8554,1481,3,1
8555,1481,4,1
8556,1481,5,1
8557,1481,6,1
8558,1481,7,1
8559,1481,8,1
8560,1482,3,1
8561,1482,4,1
8562,1482,5,1
8563,1482,6,1
8564,1482,7,1
8565,1482,8,1
8566,1483,3,1
8567,1483,4,1
8568,1483,5,1
8569,1483,6,1
8570,1483,7,1
8571,1483,8,1
8572,1484,1,1
8573,1484,3,1
8574,1484,4,1
8575,1484,5,1
8576,1484,6,1
8577,1484,7,1
8578,1484,8,1
8579,1485,1,1
8580,1485,3,1
8581,1485,4,1
8582,1485,5,1
8583,1485,6,1
8584,1485,7,1
8585,1485,8,1
8586,1486,3,1
8587,1486,4,1
8588,1486,5,1
8589,1486,6,1
8590,1486,7,1
8591,1486,8,1
8592,1487,3,1
8593,1487,4,1
8594,1487,5,1
8595,1487,6,1
8596,1487,7,1
8597,1487,8,1
8598,1488,3,1
8599,1488,4,1
8600,1488,5,1
8601,1488,7,1
8602,1488,8,1
8603,1489,3,1
8604,1489,4,1
8605,1489,5,1
8606,1489,7,1
8607,1489,8,1
8608,1490,3,1
8609,1490,4,1
8610,1490,5,1
8611,1490,6,1
8612,1490,7,1
8613,1490,8,1
8614,1491,3,1
8615,1491,4,1
8616,1491,5,1
8617,1491,6,1
8618,1491,7,1
8619,1491,8,1
8620,1492,3,1
8621,1492,4,1
8622,1492,5,1
8623,1492,6,1
8624,1492,7,1
8625,1492,8,1
8626,1493,3,1
8627,1493,4,1
8628,1493,5,1
8629,1493,7,1
8630,1493,8,1
8631,1494,3,1
8632,1494,4,1
8633,1494,5,1
8634,1494,7,1
8635,1494,8,1
8636,1495,3,1
8637,1495,4,1
8638,1495,5,1
8639,1495,6,1
8640,1495,7,1
8641,1495,8,1
8642,1496,3,1
8643,1496,4,1
8644,1496,5,1
8645,1496,6,1
8646,1496,7,1
8647,1496,8,1
8648,1497,3,1
8649,1497,4,1
8650,1497,5,1
8651,1497,6,1
8652,1497,7,1
8653,1497,8,1
8654,1498,3,1
8655,1498,4,1
8656,1498,5,1
8657,1498,6,1
8658,1498,7,1
8659,1498,8,1
8660,1499,3,1
8661,1499,4,1
8662,1499,5,1
8663,1499,6,1
8664,1499,7,1
8665,1499,8,1
8666,1500,3,1
8667,1500,4,1
8668,1500,5,1
8669,1500,6,1
8670,1500,7,1
8671,1500,8,1
8672,1501,3,1
8673,1501,4,1
8674,1501,5,1
8675,1501,6,1
8676,1501,7,1
8677,1501,8,1
8678,1502,3,1
8679,1502,4,1
8680,1502,5,1
8681,1502,6,1
8682,1502,7,1
8683,1502,8,1
8684,1503,3,1
8685,1503,4,1
8686,1503,5,1
8687,1503,6,1
8688,1503,7,1
8689,1503,8,1
8690,1504,3,1
8691,1504,4,1
8692,1504,5,1
8693,1504,6,1
8694,1504,7,1
8695,1504,8,1
8696,1505,1,1
8697,1505,3,1
8698,1505,4,1
8699,1505,5,1
8700,1505,7,1
8701,1505,8,1
8702,1506,3,1
8703,1506,4,1
8704,1506,5,1
8705,1506,7,1
8706,1506,8,1
8707,1507,3,1
8708,1507,4,1
8709,1507,5,1
8710,1507,6,1
8711,1507,7,1
8712,1507,8,1
8713,1508,3,1
8714,1508,4,1
8715,1508,5,1
8716,1508,6,1
8717,1508,7,1
8718,1508,8,1
8719,1509,3,1
8720,1509,4,1
8721,1509,5,1
8722,1509,7,1
8723,1509,8,1
8724,1510,1,1
8725,1510,3,1
8726,1510,4,1
8727,1510,5,1
8728,1510,6,1
8729,1510,7,1
8730,1510,8,1
8731,1511,1,1
8732,1511,3,1
8733,1511,4,1
8734,1511,5,1
8735,1511,6,1
8736,1511,7,1
8737,1511,8,1
8738,1512,3,1
8739,1512,4,1
8740,1512,5,1
8741,1512,6,1
8742,1512,7,1
8743,1512,8,1
8744,1513,3,1
8745,1513,4,1
8746,1513,5,1
8747,1513,6,1
8748,1513,7,1
8749,1513,8,1
8750,1514,3,1
8751,1514,4,1
8752,1514,5,1
8753,1514,6,1
8754,1514,7,1
8755,1514,8,1
8756,1515,3,1
8757,1515,4,1
8758,1515,5,1
8759,1515,6,1
8760,1515,7,1
8761,1515,8,1
8762,1516,3,1
8763,1516,4,1
8764,1516,5,1
8765,1516,6,1
8766,1516,7,1
8767,1516,8,1
8768,1517,3,1
8769,1517,4,1
8770,1517,5,1
8771,1517,7,1
8772,1517,8,1
8773,1518,1,1
8774,1518,3,1
8775,1518,4,1
8776,1518,5,1
8777,1518,6,1
8778,1518,7,1
8779,1518,8,1
8780,1519,3,1
8781,1519,4,1
8782,1519,5,1
8783,1519,6,1
8784,1519,7,1
8785,1519,8,1
8786,1520,1,1
8787,1520,3,1
8788,1520,4,1
8789,1520,5,1
8790,1520,7,1
8791,1520,8,1
8792,1521,1,1
8793,1521,3,1
8794,1521,4,1
8795,1521,5,1
8796,1521,6,1
8797,1521,7,1
8798,1521,8,1
8799,1522,3,1
8800,1522,4,1
8801,1522,5,1
8802,1522,6,1
8803,1522,7,1
8804,1522,8,1
8805,1523,3,1
8806,1523,4,1
8807,1523,5,1
8808,1523,6,1
8809,1523,7,1
8810,1523,8,1
8811,1524,3,1
8812,1524,4,1
8813,1524,5,1
8814,1524,6,1
8815,1524,7,1
8816,1524,8,1
8817,1525,3,1
8818,1525,4,1
8819,1525,5,1
8820,1525,6,1
8821,1525,7,1
8822,1525,8,1
8823,1526,3,1
8824,1526,4,1
8825,1526,5,1
8826,1526,6,1
8827,1526,7,1
8828,1526,8,1
8829,1527,3,1
8830,1527,4,1
8831,1527,5,1
8832,1527,7,1
8833,1527,8,1
8834,1528,1,1
8835,1528,3,1
8836,1528,4,1
8837,1528,5,1
8838,1528,7,1
8839,1528,8,1
8840,1529,3,1
8841,1529,4,1
8842,1529,5,1
8843,1529,7,1
8844,1529,8,1
8845,1530,1,1
8846,1530,3,1
8847,1530,4,1
8848,1530,5,1
8849,1530,7,1
8850,1530,8,1
8851,1531,3,1
8852,1531,4,1
8853,1531,5,1
8854,1531,6,1
8855,1531,7,1
8856,1531,8,1
8857,1532,3,1
8858,1532,4,1
8859,1532,5,1
8860,1532,6,1
8861,1532,7,1
8862,1532,8,1
8863,1533,3,1
8864,1533,4,1
8865,1533,5,1
8866,1533,6,1
8867,1533,7,1
8868,1533,8,1
8869,1534,1,1
8870,1534,3,1
8871,1534,4,1
8872,1534,5,1
8873,1534,6,1
8874,1534,7,1
8875,1534,8,1
8876,1535,3,1
8877,1535,4,1
8878,1535,5,1
8879,1535,6,1
8880,1535,7,1
8881,1535,8,1
8882,1536,3,1
8883,1536,4,1
8884,1536,5,1
8885,1536,6,1
8886,1536,7,1
8887,1536,8,1
8888,1537,3,1
8889,1537,4,1
8890,1537,5,1
8891,1537,6,1
8892,1537,7,1
8893,1537,8,1
8894,1538,3,1
8895,1538,4,1
8896,1538,5,1
8897,1538,6,1
8898,1538,7,1
8899,1538,8,1
8900,1539,3,1
8901,1539,4,1
8902,1539,5,1
8903,1539,6,1
8904,1539,7,1
8905,1539,8,1
8906,1540,3,1
8907,1540,4,1
8908,1540,5,1
8909,1540,6,1
8910,1540,7,1
8911,1540,8,1
8912,1541,3,1
8913,1541,4,1
8914,1541,5,1
8915,1541,6,1
8916,1541,7,1
8917,1541,8,1
8918,1542,3,1
8919,1542,4,1
8920,1542,5,1
8921,1542,6,1
8922,1542,7,1
8923,1542,8,1
8924,1543,3,1
8925,1543,4,1
8926,1543,5,1
8927,1543,7,1
8928,1543,8,1
8929,1544,3,1
8930,1544,4,1
8931,1544,5,1
8932,1544,6,1
8933,1544,7,1
8934,1544,8,1
8935,1545,1,1
8936,1545,3,1
8937,1545,4,1
8938,1545,5,1
8939,1545,6,1
8940,1545,7,1
8941,1545,8,1
8942,1546,3,1
8943,1546,4,1
8944,1546,5,1
8945,1546,6,1
8946,1546,7,1
8947,1546,8,1
8948,1547,1,1
8949,1547,3,1
8950,1547,4,1
8951,1547,5,1
8952,1547,6,1
8953,1547,7,1
8954,1547,8,1
8955,1548,1,1
8956,1548,3,1
8957,1548,4,1
8958,1548,5,1
8959,1548,6,1
8960,1548,7,1
8961,1548,8,1
8962,1549,1,1
8963,1549,3,1
8964,1549,4,1
8965,1549,5,1
8966,1549,6,1
8967,1549,7,1
8968,1549,8,1
8969,1550,3,1
8970,1550,4,1
8971,1550,5,1
8972,1550,6,1
8973,1550,7,1
8974,1550,8,1
8975,1551,3,1
8976,1551,4,1
8977,1551,5,1
8978,1551,7,1
8979,1551,8,1
8980,1552,3,1
8981,1552,4,1
8982,1552,5,1
8983,1552,6,1
8984,1552,7,1
8985,1552,8,1
8986,1553,3,1
8987,1553,4,1
8988,1553,5,1
8989,1553,6,1
8990,1553,7,1
8991,1553,8,1
8992,1554,3,1
8993,1554,4,1
8994,1554,5,1
8995,1554,7,1
8996,1554,8,1
8997,1555,1,1
8998,1555,3,1
8999,1555,4,1
9000,1555,5,1
9001,1555,6,1
9002,1555,7,1
9003,1555,8,1
9004,1556,3,1
9005,1556,4,1
9006,1556,5,1
9007,1556,6,1
9008,1556,7,1
9009,1556,8,1
9010,1557,3,1
9011,1557,4,1
9012,1557,5,1
9013,1557,6,1
9014,1557,7,1
9015,1557,8,1
9016,1558,3,1
9017,1558,4,1
9018,1558,5,1
9019,1558,6,1
9020,1558,7,1
9021,1558,8,1
9022,1559,3,1
9023,1559,4,1
9024,1559,5,1
9025,1559,6,1
9026,1559,7,1
9027,1559,8,1
9028,1560,3,1
9029,1560,4,1
9030,1560,5,1
9031,1560,6,1
9032,1560,7,1
9033,1560,8,1
9034,1561,3,1
9035,1561,4,1
9036,1561,5,1
9037,1561,6,1
9038,1561,7,1
9039,1561,8,1
9040,1562,3,1
9041,1562,4,1
9042,1562,5,1
9043,1562,6,1
9044,1562,7,1
9045,1562,8,1
9046,1563,1,1
9047,1563,3,1
9048,1563,4,1
9049,1563,5,1
9050,1563,6,1
9051,1563,7,1
9052,1563,8,1
9053,1564,3,1
9054,1564,4,1
9055,1564,5,1
9056,1564,6,1
9057,1564,7,1
9058,1564,8,1
9059,1565,3,1
9060,1565,4,1
9061,1565,5,1
9062,1565,6,1
9063,1565,7,1
9064,1565,8,1
9065,1566,1,1
9066,1566,3,1
9067,1566,4,1
9068,1566,5,1
9069,1566,6,1
9070,1566,7,1
9071,1566,8,1
9072,1567,3,1
9073,1567,4,1
9074,1567,5,1
9075,1567,6,1
9076,1567,7,1
9077,1567,8,1
9078,1568,1,1
9079,1568,3,1
9080,1568,4,1
9081,1568,5,1
9082,1568,6,1
9083,1568,7,1
9084,1568,8,1
9085,1569,3,1
9086,1569,4,1
9087,1569,5,1
9088,1569,6,1
9089,1569,7,1
9090,1569,8,1
9091,1570,3,1
9092,1570,4,1
9093,1570,5,1
9094,1570,6,1
9095,1570,7,1
9096,1570,8,1
9097,1571,3,1
9098,1571,4,1
9099,1571,5,1
9100,1571,7,1
9101,1571,8,1
9102,1572,3,1
9103,1572,4,1
9104,1572,5,1
9105,1572,6,1
9106,1572,7,1
9107,1572,8,1
9108,1573,1,1
9109,1573,3,1
9110,1573,4,1
9111,1573,5,1
9112,1573,7,1
9113,1573,8,1
9114,1574,1,1
9115,1574,3,1
9116,1574,4,1
9117,1574,5,1
9118,1574,6,1
9119,1574,7,1
9120,1574,8,1
9121,1575,3,1
9122,1575,4,1
9123,1575,5,1
9124,1575,6,1
9125,1575,7,1
9126,1575,8,1
9127,1576,1,1
9128,1576,3,1
9129,1576,4,1
9130,1576,5,1
9131,1576,7,1
9132,1576,8,1
9133,1577,3,1
9134,1577,4,1
9135,1577,5,1
9136,1577,6,1
9137,1577,7,1
9138,1577,8,1
9139,1578,3,1
9140,1578,4,1
9141,1578,5,1
9142,1578,6,1
9143,1578,7,1
9144,1578,8,1
9145,1579,3,1
9146,1579,4,1
9147,1579,5,1
9148,1579,6,1
9149,1579,7,1
9150,1579,8,1
9151,1580,3,1
9152,1580,4,1
9153,1580,5,1
9154,1580,6,1
9155,1580,7,1
9156,1580,8,1
9157,1581,3,1
9158,1581,4,1
9159,1581,5,1
9160,1581,6,1
9161,1581,7,1
9162,1581,8,1
9163,1582,3,1
9164,1582,4,1
9165,1582,5,1
9166,1582,6,1
9167,1582,7,1
9168,1582,8,1
9169,1583,3,1
9170,1583,4,1
9171,1583,5,1
9172,1583,7,1
9173,1583,8,1
9174,1584,3,1
9175,1584,4,1
9176,1584,5,1
9177,1584,6,1
9178,1584,7,1
9179,1584,8,1
9180,1585,3,1
9181,1585,4,1
9182,1585,5,1
9183,1585,6,1
9184,1585,7,1
9185,1585,8,1
9186,1586,1,1
9187,1586,3,1
9188,1586,4,1
9189,1586,5,1
9190,1586,6,1
9191,1586,7,1
9192,1586,8,1
9193,1587,3,1
9194,1587,4,1
9195,1587,5,1
9196,1587,6,1
9197,1587,7,1
9198,1587,8,1
9199,1588,3,1
9200,1588,4,1
9201,1588,5,1
9202,1588,6,1
9203,1588,7,1
9204,1588,8,1
9205,1589,3,1
9206,1589,4,1
9207,1589,5,1
9208,1589,6,1
9209,1589,7,1
9210,1589,8,1
9211,1590,3,1
9212,1590,4,1
9213,1590,5,1
9214,1590,6,1
9215,1590,7,1
9216,1590,8,1
9217,1591,3,1
9218,1591,4,1
9219,1591,5,1
9220,1591,6,1
9221,1591,7,1
9222,1591,8,1
9223,1592,3,1
9224,1592,4,1
9225,1592,5,1
9226,1592,6,1
9227,1592,7,1
9228,1592,8,1
9229,1593,3,1
9230,1593,4,1
9231,1593,5,1
9232,1593,6,1
9233,1593,7,1
9234,1593,8,1
9235,1594,3,1
9236,1594,4,1
9237,1594,5,1
9238,1594,6,1
9239,1594,7,1
9240,1594,8,1
9241,1595,3,1
9242,1595,4,1
9243,1595,5,1
9244,1595,6,1
9245,1595,7,1
9246,1595,8,1
9247,1596,3,1
9248,1596,4,1
9249,1596,5,1
9250,1596,6,1
9251,1596,7,1
9252,1596,8,1
9253,1597,3,1
9254,1597,4,1
9255,1597,5,1
9256,1597,6,1
9257,1597,7,1
9258,1597,8,1
9259,1598,3,1
9260,1598,4,1
9261,1598,5,1
9262,1598,6,1
9263,1598,7,1
9264,1598,8,1
9265,1599,3,1
9266,1599,4,1
9267,1599,5,1
9268,1599,6,1
9269,1599,7,1
9270,1599,8,1
9271,1600,1,1
9272,1600,3,1
9273,1600,4,1
9274,1600,5,1
9275,1600,6,1
9276,1600,7,1
9277,1600,8,1
9278,1601,1,1
9279,1601,3,1
9280,1601,4,1
9281,1601,5,1
9282,1601,6,1
9283,1601,7,1
9284,1601,8,1
9285,1602,3,1
9286,1602,4,1
9287,1602,5,1
9288,1602,7,1
9289,1602,8,1
9290,1603,1,1
9291,1603,3,1
9292,1603,4,1
9293,1603,5,1
9294,1603,6,1
9295,1603,7,1
9296,1603,8,1
9297,1604,3,1
9298,1604,4,1
9299,1604,5,1
9300,1604,6,1
9301,1604,7,1
9302,1604,8,1
9303,1605,1,1
9304,1605,3,1
9305,1605,4,1
9306,1605,5,1
9307,1605,6,1
9308,1605,7,1
9309,1605,8,1
9310,1606,3,1
9311,1606,4,1
9312,1606,5,1
9313,1606,6,1
9314,1606,7,1
9315,1606,8,1
9316,1607,3,1
9317,1607,4,1
9318,1607,5,1
9319,1607,7,1
9320,1607,8,1
9321,1608,3,1
9322,1608,4,1
9323,1608,5,1
9324,1608,6,1
9325,1608,7,1
9326,1608,8,1
9327,1609,3,1
9328,1609,4,1
9329,1609,5,1
9330,1609,6,1
9331,1609,7,1
9332,1609,8,1
9333,1610,3,1
9334,1610,4,1
9335,1610,5,1
9336,1610,6,1
9337,1610,7,1
9338,1610,8,1
9339,1611,3,1
9340,1611,4,1
9341,1611,5,1
9342,1611,6,1
9343,1611,7,1
9344,1611,8,1
9345,1612,3,1
9346,1612,4,1
9347,1612,5,1
9348,1612,6,1
9349,1612,7,1
9350,1612,8,1
9351,1613,3,1
9352,1613,4,1
9353,1613,5,1
9354,1613,7,1
9355,1613,8,1
9356,1614,3,1
9357,1614,4,1
9358,1614,5,1
9359,1614,6,1
9360,1614,7,1
9361,1614,8,1
9362,1615,3,1
9363,1615,4,1
9364,1615,5,1
9365,1615,7,1
9366,1615,8,1
9367,1616,3,1
9368,1616,4,1
9369,1616,5,1
9370,1616,6,1
9371,1616,7,1
9372,1616,8,1
9373,1617,3,1
9374,1617,4,1
9375,1617,5,1
9376,1617,6,1
9377,1617,7,1
9378,1617,8,1
9379,1618,3,1
9380,1618,4,1
9381,1618,5,1
9382,1618,6,1
9383,1618,7,1
9384,1618,8,1
9385,1619,3,1
9386,1619,4,1
9387,1619,5,1
9388,1619,6,1
9389,1619,7,1
9390,1619,8,1
9391,1620,1,1
9392,1620,3,1
9393,1620,4,1
9394,1620,5,1
9395,1620,6,1
9396,1620,7,1
9397,1620,8,1
9398,1621,1,1
9399,1621,3,1
9400,1621,4,1
9401,1621,5,1
9402,1621,6,1
9403,1621,7,1
9404,1621,8,1
9405,1622,3,1
9406,1622,4,1
9407,1622,5,1
9408,1622,6,1
9409,1622,7,1
9410,1622,8,1
9411,1623,1,1
9412,1623,3,1
9413,1623,4,1
9414,1623,5,1
9415,1623,6,1
9416,1623,7,1
9417,1623,8,1
9418,1624,3,1
9419,1624,4,1
9420,1624,5,1
9421,1624,7,1
9422,1624,8,1
9423,1625,3,1
9424,1625,4,1
9425,1625,5,1
9426,1625,7,1
9427,1625,8,1
9428,1626,3,1
9429,1626,4,1
9430,1626,5,1
9431,1626,6,1
9432,1626,7,1
9433,1626,8,1
9434,1627,3,1
9435,1627,4,1
9436,1627,5,1
9437,1627,6,1
9438,1627,7,1
9439,1627,8,1
9440,1628,3,1
9441,1628,4,1
9442,1628,5,1
9443,1628,6,1
9444,1628,7,1
9445,1628,8,1
9446,1629,3,1
9447,1629,4,1
9448,1629,5,1
9449,1629,6,1
9450,1629,7,1
9451,1629,8,1
9452,1630,1,1
9453,1630,3,1
9454,1630,4,1
9455,1630,5,1
9456,1630,6,1
9457,1630,7,1
9458,1630,8,1
9459,1631,3,1
9460,1631,4,1
9461,1631,5,1
9462,1631,7,1
9463,1631,8,1
9464,1632,1,1
9465,1632,3,1
9466,1632,4,1
9467,1632,5,1
9468,1632,7,1
9469,1632,8,1
9470,1633,1,1
9471,1633,3,1
9472,1633,4,1
9473,1633,5,1
9474,1633,6,1
9475,1633,7,1
9476,1633,8,1
9477,1634,3,1
9478,1634,4,1
9479,1634,5,1
9480,1634,6,1
9481,1634,7,1
9482,1634,8,1
9483,1635,1,1
9484,1635,3,1
9485,1635,4,1
9486,1635,5,1
9487,1635,6,1
9488,1635,7,1
9489,1635,8,1
9490,1636,3,1
9491,1636,4,1
9492,1636,5,1
9493,1636,6,1
9494,1636,7,1
9495,1636,8,1
9496,1637,3,1
9497,1637,4,1
9498,1637,5,1
9499,1637,6,1
9500,1637,7,1
9501,1637,8,1
9502,1638,3,1
9503,1638,4,1
9504,1638,5,1
9505,1638,6,1
9506,1638,7,1
9507,1638,8,1
9508,1639,3,1
9509,1639,4,1
9510,1639,5,1
9511,1639,7,1
9512,1639,8,1
9513,1640,3,1
9514,1640,4,1
9515,1640,5,1
9516,1640,6,1
9517,1640,7,1
9518,1640,8,1
9519,1641,3,1
9520,1641,4,1
9521,1641,5,1
9522,1641,6,1
9523,1641,7,1
9524,1641,8,1
9525,1642,3,1
9526,1642,4,1
9527,1642,5,1
9528,1642,6,1
9529,1642,7,1
9530,1642,8,1
9531,1643,3,1
9532,1643,4,1
9533,1643,5,1
9534,1643,6,1
9535,1643,7,1
9536,1643,8,1
9537,1644,3,1
9538,1644,4,1
9539,1644,5,1
9540,1644,6,1
9541,1644,7,1
9542,1644,8,1
9543,1645,3,1
9544,1645,4,1
9545,1645,5,1
9546,1645,6,1
9547,1645,7,1
9548,1645,8,1
9549,1646,3,1
9550,1646,4,1
9551,1646,5,1
9552,1646,6,1
9553,1646,7,1
9554,1646,8,1
9555,1647,3,1
9556,1647,4,1
9557,1647,5,1
9558,1647,7,1
9559,1647,8,1
9560,1648,3,1
9561,1648,4,1
9562,1648,5,1
9563,1648,6,1
9564,1648,7,1
9565,1648,8,1
9566,1649,3,1
9567,1649,4,1
9568,1649,5,1
9569,1649,6,1
9570,1649,7,1
9571,1649,8,1
9572,1650,3,1
9573,1650,4,1
9574,1650,5,1
9575,1650,6,1
9576,1650,7,1
9577,1650,8,1
9578,1651,3,1
9579,1651,4,1
9580,1651,5,1
9581,1651,6,1
9582,1651,7,1
9583,1651,8,1
9584,1652,3,1
9585,1652,4,1
9586,1652,5,1
9587,1652,6,1
9588,1652,7,1
9589,1652,8,1
9590,1653,3,1
9591,1653,4,1
9592,1653,5,1
9593,1653,6,1
9594,1653,7,1
9595,1653,8,1
9596,1654,3,1
9597,1654,4,1
9598,1654,5,1
9599,1654,6,1
9600,1654,7,1
9601,1654,8,1
9602,1655,3,1
9603,1655,4,1
9604,1655,5,1
9605,1655,7,1
9606,1655,8,1
9607,1656,1,1
9608,1656,3,1
9609,1656,4,1
9610,1656,5,1
9611,1656,6,1
9612,1656,7,1
9613,1656,8,1
9614,1657,1,1
9615,1657,3,1
9616,1657,4,1
9617,1657,5,1
9618,1657,6,1
9619,1657,7,1
9620,1657,8,1
9621,1658,3,1
9622,1658,4,1
9623,1658,5,1
9624,1658,7,1
9625,1658,8,1
9626,1659,3,1
9627,1659,4,1
9628,1659,5,1
9629,1659,6,1
9630,1659,7,1
9631,1659,8,1
9632,1660,1,1
9633,1660,3,1
9634,1660,4,1
9635,1660,5,1
9636,1660,6,1
9637,1660,7,1
9638,1660,8,1
9639,1661,1,1
9640,1661,3,1
9641,1661,4,1
9642,1661,5,1
9643,1661,6,1
9644,1661,7,1
9645,1661,8,1
9646,1662,1,1
9647,1662,3,1
9648,1662,4,1
9649,1662,5,1
9650,1662,6,1
9651,1662,7,1
9652,1662,8,1
9653,1663,3,1
9654,1663,4,1
9655,1663,5,1
9656,1663,7,1
9657,1663,8,1
9658,1664,3,1
9659,1664,4,1
9660,1664,5,1
9661,1664,6,1
9662,1664,7,1
9663,1664,8,1
9664,1665,1,1
9665,1665,3,1
9666,1665,4,1
9667,1665,5,1
9668,1665,7,1
9669,1665,8,1
9670,1666,3,1
9671,1666,4,1
9672,1666,5,1
9673,1666,6,1
9674,1666,7,1
9675,1666,8,1
9676,1667,3,1
9677,1667,4,1
9678,1667,5,1
9679,1667,6,1
9680,1667,7,1
9681,1667,8,1
9682,1668,3,1
9683,1668,4,1
9684,1668,5,1
9685,1668,7,1
9686,1668,8,1
9687,1669,3,1
9688,1669,4,1
9689,1669,5,1
9690,1669,6,1
9691,1669,7,1
9692,1669,8,1
9693,1670,3,1
9694,1670,4,1
9695,1670,5,1
9696,1670,7,1
9697,1670,8,1
9698,1671,3,1
9699,1671,4,1
9700,1671,5,1
9701,1671,7,1
9702,1671,8,1
9703,1672,3,1
9704,1672,4,1
9705,1672,5,1
9706,1672,6,1
9707,1672,7,1
9708,1672,8,1
9709,1673,3,1
9710,1673,4,1
9711,1673,5,1
9712,1673,6,1
9713,1673,7,1
9714,1673,8,1
9715,1674,3,1
9716,1674,4,1
9717,1674,5,1
9718,1674,6,1
9719,1674,7,1
9720,1674,8,1
9721,1675,3,1
9722,1675,4,1
9723,1675,5,1
9724,1675,6,1
9725,1675,7,1
9726,1675,8,1
9727,1676,3,1
9728,1676,4,1
9729,1676,5,1
9730,1676,6,1
9731,1676,7,1
9732,1676,8,1
9733,1677,3,1
9734,1677,4,1
9735,1677,5,1
9736,1677,6,1
9737,1677,7,1
9738,1677,8,1
9739,1678,3,1
9740,1678,4,1
9741,1678,5,1
9742,1678,7,1
9743,1678,8,1
9744,1679,3,1
9745,1679,4,1
9746,1679,5,1
9747,1679,6,1
9748,1679,7,1
9749,1679,8,1
9750,1680,3,1
9751,1680,4,1
9752,1680,5,1
9753,1680,6,1
9754,1680,7,1
9755,1680,8,1
9756,1681,3,1
9757,1681,4,1
9758,1681,5,1
9759,1681,6,1
9760,1681,7,1
9761,1681,8,1
9762,1682,3,1
9763,1682,4,1
9764,1682,5,1
9765,1682,6,1
9766,1682,7,1
9767,1682,8,1
9768,1683,3,1
9769,1683,4,1
9770,1683,5,1
9771,1683,6,1
9772,1683,7,1
9773,1683,8,1
9774,1684,1,1
9775,1684,3,1
9776,1684,4,1
9777,1684,5,1
9778,1684,6,1
9779,1684,7,1
9780,1684,8,1
9781,1685,1,1
9782,1685,3,1
9783,1685,4,1
9784,1685,5,1
9785,1685,6,1
9786,1685,7,1
9787,1685,8,1
9788,1686,1,1
9789,1686,3,1
9790,1686,4,1
9791,1686,5,1
9792,1686,7,1
9793,1686,8,1
9794,1687,3,1
9795,1687,4,1
9796,1687,5,1
9797,1687,6,1
9798,1687,7,1
9799,1687,8,1
9800,1688,1,1
9801,1688,3,1
9802,1688,4,1
9803,1688,5,1
9804,1688,6,1
9805,1688,7,1
9806,1688,8,1
9807,1689,3,1
9808,1689,4,1
9809,1689,5,1
9810,1689,6,1
9811,1689,7,1
9812,1689,8,1
9813,1690,1,1
9814,1690,3,1
9815,1690,4,1
9816,1690,5,1
9817,1690,6,1
9818,1690,7,1
9819,1690,8,1
9820,1691,3,1
9821,1691,4,1
9822,1691,5,1
9823,1691,7,1
9824,1691,8,1
9825,1692,3,1
9826,1692,4,1
9827,1692,5,1
9828,1692,7,1
9829,1692,8,1
9830,1693,3,1
9831,1693,4,1
9832,1693,5,1
9833,1693,6,1
9834,1693,7,1
9835,1693,8,1
9836,1694,3,1
9837,1694,4,1
9838,1694,5,1
9839,1694,6,1
9840,1694,7,1
9841,1694,8,1
9842,1695,3,1
9843,1695,4,1
9844,1695,5,1
9845,1695,7,1
9846,1695,8,1
9847,1696,3,1
9848,1696,4,1
9849,1696,5,1
9850,1696,6,1
9851,1696,7,1
9852,1696,8,1
9853,1697,3,1
9854,1697,4,1
9855,1697,5,1
9856,1697,6,1
9857,1697,7,1
9858,1697,8,1
9859,1698,1,1
9860,1698,3,1
9861,1698,4,1
9862,1698,5,1
9863,1698,6,1
9864,1698,7,1
9865,1698,8,1
9866,1699,3,1
9867,1699,4,1
9868,1699,5,1
9869,1699,6,1
9870,1699,7,1
9871,1699,8,1
9872,1700,3,1
9873,1700,4,1
9874,1700,5,1
9875,1700,6,1
9876,1700,7,1
9877,1700,8,1
9878,1701,1,1
9879,1701,3,1
9880,1701,4,1
9881,1701,5,1
9882,1701,6,1
9883,1701,7,1
9884,1701,8,1
9885,1702,3,1
9886,1702,4,1
9887,1702,5,1
9888,1702,7,1
9889,1702,8,1
9890,1703,1,1
9891,1703,3,1
9892,1703,4,1
9893,1703,5,1
9894,1703,6,1
9895,1703,7,1
9896,1703,8,1
9897,1704,1,1
9898,1704,3,1
9899,1704,4,1
9900,1704,5,1
9901,1704,6,1
9902,1704,7,1
9903,1704,8,1
9904,1705,3,1
9905,1705,4,1
9906,1705,5,1
9907,1705,6,1
9908,1705,7,1
9909,1705,8,1
9910,1706,1,1
9911,1706,3,1
9912,1706,4,1
9913,1706,5,1
9914,1706,6,1
9915,1706,7,1
9916,1706,8,1
9917,1707,1,1
9918,1707,3,1
9919,1707,4,1
9920,1707,5,1
9921,1707,6,1
9922,1707,7,1
9923,1707,8,1
9924,1708,3,1
9925,1708,4,1
9926,1708,5,1
9927,1708,6,1
9928,1708,7,1
9929,1708,8,1
9930,1709,3,1
9931,1709,4,1
9932,1709,5,1
9933,1709,6,1
9934,1709,7,1
9935,1709,8,1
9936,1710,1,1
9937,1710,3,1
9938,1710,4,1
9939,1710,5,1
9940,1710,7,1
9941,1710,8,1
9942,1711,3,1
9943,1711,4,1
9944,1711,5,1
9945,1711,6,1
9946,1711,7,1
9947,1711,8,1
9948,1712,1,1
9949,1712,3,1
9950,1712,4,1
9951,1712,5,1
9952,1712,6,1
9953,1712,7,1
9954,1712,8,1
9955,1713,3,1
9956,1713,4,1
9957,1713,5,1
9958,1713,6,1
9959,1713,7,1
9960,1713,8,1
9961,1714,3,1
9962,1714,4,1
9963,1714,5,1
9964,1714,6,1
9965,1714,7,1
9966,1714,8,1
9967,1715,3,1
9968,1715,4,1
9969,1715,5,1
9970,1715,6,1
9971,1715,7,1
9972,1715,8,1
9973,1716,1,1
9974,1716,3,1
9975,1716,4,1
9976,1716,5,1
9977,1716,6,1
9978,1716,7,1
9979,1716,8,1
9980,1717,1,1
9981,1717,3,1
9982,1717,4,1
9983,1717,5,1
9984,1717,6,1
9985,1717,7,1
9986,1717,8,1
9987,1718,1,1
9988,1718,3,1
9989,1718,4,1
9990,1718,5,1
9991,1718,6,1
9992,1718,7,1
9993,1718,8,1
9994,1719,3,1
9995,1719,4,1
9996,1719,5,1
9997,1719,6,1
9998,1719,7,1
9999,1719,8,1
10000,1720,3,1
10001,1720,4,1
10002,1720,5,1
10003,1720,7,1
10004,1720,8,1
10005,1721,1,1
10006,1721,3,1
10007,1721,4,1
10008,1721,5,1
10009,1721,6,1
10010,1721,7,1
10011,1721,8,1
10012,1722,3,1
10013,1722,4,1
10014,1722,5,1
10015,1722,6,1
10016,1722,7,1
10017,1722,8,1
10018,1723,3,1
10019,1723,4,1
10020,1723,5,1
10021,1723,7,1
10022,1723,8,1
10023,1724,3,1
10024,1724,4,1
10025,1724,5,1
10026,1724,6,1
10027,1724,7,1
10028,1724,8,1
10029,1725,3,1
10030,1725,4,1
10031,1725,5,1
10032,1725,6,1
10033,1725,7,1
10034,1725,8,1
10035,1726,3,1
10036,1726,4,1
10037,1726,5,1
10038,1726,6,1
10039,1726,7,1
10040,1726,8,1
10041,1727,3,1
10042,1727,4,1
10043,1727,5,1
10044,1727,6,1
10045,1727,7,1
10046,1727,8,1
10047,1728,3,1
10048,1728,4,1
10049,1728,5,1
10050,1728,6,1
10051,1728,7,1
10052,1728,8,1
10053,1729,3,1
10054,1729,4,1
10055,1729,5,1
10056,1729,6,1
10057,1729,7,1
10058,1729,8,1
10059,1730,3,1
10060,1730,4,1
10061,1730,5,1
10062,1730,6,1
10063,1730,7,1
10064,1730,8,1
10065,1731,3,1
10066,1731,4,1
10067,1731,5,1
10068,1731,6,1
10069,1731,7,1
10070,1731,8,1
10071,1732,3,1
10072,1732,4,1
10073,1732,5,1
10074,1732,6,1
10075,1732,7,1
10076,1732,8,1
10077,1733,3,1
10078,1733,4,1
10079,1733,5,1
10080,1733,6,1
10081,1733,7,1
10082,1733,8,1
10083,1734,3,1
10084,1734,4,1
10085,1734,5,1
10086,1734,6,1
10087,1734,7,1
10088,1734,8,1
10089,1735,3,1
10090,1735,4,1
10091,1735,5,1
10092,1735,6,1
10093,1735,7,1
10094,1735,8,1
10095,1736,3,1
10096,1736,4,1
10097,1736,5,1
10098,1736,6,1
10099,1736,7,1
10100,1736,8,1
10101,1737,3,1
10102,1737,4,1
10103,1737,5,1
10104,1737,6,1
10105,1737,7,1
10106,1737,8,1
10107,1738,3,1
10108,1738,4,1
10109,1738,5,1
10110,1738,6,1
10111,1738,7,1
10112,1738,8,1
10113,1739,3,1
10114,1739,4,1
10115,1739,5,1
10116,1739,6,1
10117,1739,7,1
10118,1739,8,1
10119,1740,3,1
10120,1740,4,1
10121,1740,5,1
10122,1740,7,1
10123,1740,8,1
10124,1741,3,1
10125,1741,4,1
10126,1741,5,1
10127,1741,6,1
10128,1741,7,1
10129,1741,8,1
10130,1742,3,1
10131,1742,4,1
10132,1742,5,1
10133,1742,7,1
10134,1742,8,1
10135,1743,3,1
10136,1743,4,1
10137,1743,5,1
10138,1743,6,1
10139,1743,7,1
10140,1743,8,1
10141,1744,3,1
10142,1744,4,1
10143,1744,5,1
10144,1744,6,1
10145,1744,7,1
10146,1744,8,1
10147,1745,3,1
10148,1745,4,1
10149,1745,5,1
10150,1745,6,1
10151,1745,7,1
10152,1745,8,1
10153,1746,3,1
10154,1746,4,1
10155,1746,5,1
10156,1746,6,1
10157,1746,7,1
10158,1746,8,1
10159,1747,3,1
10160,1747,4,1
10161,1747,5,1
10162,1747,6,1
10163,1747,7,1
10164,1747,8,1
10165,1748,3,1
10166,1748,4,1
10167,1748,5,1
10168,1748,6,1
10169,1748,7,1
10170,1748,8,1
10171,1749,3,1
10172,1749,4,1
10173,1749,5,1
10174,1749,6,1
10175,1749,7,1
10176,1749,8,1
10177,1750,3,1
10178,1750,4,1
10179,1750,5,1
10180,1750,6,1
10181,1750,7,1
10182,1750,8,1
10183,1751,3,1
10184,1751,4,1
10185,1751,5,1
10186,1751,6,1
10187,1751,7,1
10188,1751,8,1
10189,1752,3,1
10190,1752,4,1
10191,1752,5,1
10192,1752,6,1
10193,1752,7,1
10194,1752,8,1
10195,1753,3,1
10196,1753,4,1
10197,1753,5,1
10198,1753,6,1
10199,1753,7,1
10200,1753,8,1
10201,1754,1,1
10202,1754,3,1
10203,1754,4,1
10204,1754,5,1
10205,1754,6,1
10206,1754,7,1
10207,1754,8,1
10208,1755,3,1
10209,1755,4,1
10210,1755,5,1
10211,1755,6,1
10212,1755,7,1
10213,1755,8,1
10214,1756,3,1
10215,1756,4,1
10216,1756,5,1
10217,1756,6,1
10218,1756,7,1
10219,1756,8,1
10220,1757,3,1
10221,1757,4,1
10222,1757,5,1
10223,1757,6,1
10224,1757,7,1
10225,1757,8,1
10226,1758,3,1
10227,1758,4,1
10228,1758,5,1
10229,1758,7,1
10230,1758,8,1
10231,1759,3,1
10232,1759,4,1
10233,1759,5,1
10234,1759,6,1
10235,1759,7,1
10236,1759,8,1
10237,1760,3,1
10238,1760,4,1
10239,1760,5,1
10240,1760,6,1
10241,1760,7,1
10242,1760,8,1
10243,1761,3,1
10244,1761,4,1
10245,1761,5,1
10246,1761,6,1
10247,1761,7,1
10248,1761,8,1
10249,1762,3,1
10250,1762,4,1
10251,1762,5,1
10252,1762,6,1
10253,1762,7,1
10254,1762,8,1
10255,1763,3,1
10256,1763,4,1
10257,1763,5,1
10258,1763,7,1
10259,1763,8,1
10260,1764,1,1
10261,1764,3,1
10262,1764,4,1
10263,1764,5,1
10264,1764,6,1
10265,1764,7,1
10266,1764,8,1
10267,1765,3,1
10268,1765,4,1
10269,1765,5,1
10270,1765,6,1
10271,1765,7,1
10272,1765,8,1
10273,1766,3,1
10274,1766,4,1
10275,1766,5,1
10276,1766,6,1
10277,1766,7,1
10278,1766,8,1
10279,1767,3,1
10280,1767,4,1
10281,1767,5,1
10282,1767,7,1
10283,1767,8,1
10284,1768,3,1
10285,1768,4,1
10286,1768,5,1
10287,1768,6,1
10288,1768,7,1
10289,1768,8,1
10290,1769,1,1
10291,1769,3,1
10292,1769,4,1
10293,1769,5,1
10294,1769,6,1
10295,1769,7,1
10296,1769,8,1
10297,1770,3,1
10298,1770,4,1
10299,1770,5,1
10300,1770,6,1
10301,1770,7,1
10302,1770,8,1
10303,1771,3,1
10304,1771,4,1
10305,1771,5,1
10306,1771,6,1
10307,1771,7,1
10308,1771,8,1
10309,1772,3,1
10310,1772,4,1
10311,1772,5,1
10312,1772,6,1
10313,1772,7,1
10314,1772,8,1
10315,1773,3,1
10316,1773,4,1
10317,1773,5,1
10318,1773,6,1
10319,1773,7,1
10320,1773,8,1
10321,1774,3,1
10322,1774,4,1
10323,1774,5,1
10324,1774,6,1
10325,1774,7,1
10326,1774,8,1
10327,1775,3,1
10328,1775,4,1
10329,1775,5,1
10330,1775,6,1
10331,1775,7,1
10332,1775,8,1
10333,1776,3,1
10334,1776,4,1
10335,1776,5,1
10336,1776,6,1
10337,1776,7,1
10338,1776,8,1
10339,1777,1,1
10340,1777,3,1
10341,1777,4,1
10342,1777,5,1
10343,1777,7,1
10344,1777,8,1
10345,1778,3,1
10346,1778,4,1
10347,1778,5,1
10348,1778,6,1
10349,1778,7,1
10350,1778,8,1
10351,1779,1,1
10352,1779,3,1
10353,1779,4,1
10354,1779,5,1
10355,1779,7,1
10356,1779,8,1
10357,1780,1,1
10358,1780,3,1
10359,1780,4,1
10360,1780,5,1
10361,1780,6,1
10362,1780,7,1
10363,1780,8,1
10364,1781,1,1
10365,1781,3,1
10366,1781,4,1
10367,1781,5,1
10368,1781,6,1
10369,1781,7,1
10370,1781,8,1
10371,1782,1,1
10372,1782,3,1
10373,1782,4,1
10374,1782,5,1
10375,1782,7,1
10376,1782,8,1
10377,1783,3,1
10378,1783,4,1
10379,1783,5,1
10380,1783,6,1
10381,1783,7,1
10382,1783,8,1
10383,1784,3,1
10384,1784,4,1
10385,1784,5,1
10386,1784,6,1
10387,1784,7,1
10388,1784,8,1
10389,1785,3,1
10390,1785,4,1
10391,1785,5,1
10392,1785,6,1
10393,1785,7,1
10394,1785,8,1
10395,1786,3,1
10396,1786,4,1
10397,1786,5,1
10398,1786,6,1
10399,1786,7,1
10400,1786,8,1
10401,1787,3,1
10402,1787,4,1
10403,1787,5,1
10404,1787,6,1
10405,1787,7,1
10406,1787,8,1
10407,1788,1,1
10408,1788,3,1
10409,1788,4,1
10410,1788,5,1
10411,1788,7,1
10412,1788,8,1
10413,1789,1,1
10414,1789,3,1
10415,1789,4,1
10416,1789,5,1
10417,1789,6,1
10418,1789,7,1
10419,1789,8,1
10420,1790,3,1
10421,1790,4,1
10422,1790,5,1
10423,1790,7,1
10424,1790,8,1
10425,1791,1,1
10426,1791,3,1
10427,1791,4,1
10428,1791,5,1
10429,1791,6,1
10430,1791,7,1
10431,1791,8,1
10432,1792,3,1
10433,1792,4,1
10434,1792,5,1
10435,1792,7,1
10436,1792,8,1
10437,1793,3,1
10438,1793,4,1
10439,1793,5,1
10440,1793,6,1
10441,1793,7,1
10442,1793,8,1
10443,1794,1,1
10444,1794,3,1
10445,1794,4,1
10446,1794,5,1
10447,1794,7,1
10448,1794,8,1
10449,1795,3,1
10450,1795,4,1
10451,1795,5,1
10452,1795,6,1
10453,1795,7,1
10454,1795,8,1
10455,1796,1,1
10456,1796,3,1
10457,1796,4,1
10458,1796,5,1
10459,1796,6,1
10460,1796,7,1
10461,1796,8,1
10462,1797,3,1
10463,1797,4,1
10464,1797,5,1
10465,1797,6,1
10466,1797,7,1
10467,1797,8,1
10468,1798,1,1
10469,1798,3,1
10470,1798,4,1
10471,1798,5,1
10472,1798,6,1
10473,1798,7,1
10474,1798,8,1
10475,1799,3,1
10476,1799,4,1
10477,1799,5,1
10478,1799,6,1
10479,1799,7,1
10480,1799,8,1
10481,1800,1,1
10482,1800,3,1
10483,1800,4,1
10484,1800,5,1
10485,1800,6,1
10486,1800,7,1
10487,1800,8,1
10488,1801,1,1
10489,1801,3,1
10490,1801,4,1
10491,1801,5,1
10492,1801,6,1
10493,1801,7,1
10494,1801,8,1
10495,1802,3,1
10496,1802,4,1
10497,1802,5,1
10498,1802,7,1
10499,1802,8,1
10500,1803,1,1
10501,1803,3,1
10502,1803,4,1
10503,1803,5,1
10504,1803,6,1
10505,1803,7,1
10506,1803,8,1
10507,1804,3,1
10508,1804,4,1
10509,1804,5,1
10510,1804,6,1
10511,1804,7,1
10512,1804,8,1
10513,1805,3,1
10514,1805,4,1
10515,1805,5,1
10516,1805,6,1
10517,1805,7,1
10518,1805,8,1
10519,1806,3,1
10520,1806,4,1
10521,1806,5,1
10522,1806,6,1
10523,1806,7,1
10524,1806,8,1
10525,1807,3,1
10526,1807,4,1
10527,1807,5,1
10528,1807,6,1
10529,1807,7,1
10530,1807,8,1
10531,1808,1,1
10532,1808,3,1
10533,1808,4,1
10534,1808,5,1
10535,1808,6,1
10536,1808,7,1
10537,1808,8,1
10538,1809,1,1
10539,1809,3,1
10540,1809,4,1
10541,1809,5,1
10542,1809,6,1
10543,1809,7,1
10544,1809,8,1
10545,1810,3,1
10546,1810,4,1
10547,1810,5,1
10548,1810,6,1
10549,1810,7,1
10550,1810,8,1
10551,1811,1,1
10552,1811,3,1
10553,1811,4,1
10554,1811,5,1
10555,1811,6,1
10556,1811,7,1
10557,1811,8,1
10558,1812,1,1
10559,1812,3,1
10560,1812,4,1
10561,1812,5,1
10562,1812,7,1
10563,1812,8,1
10564,1813,3,1
10565,1813,4,1
10566,1813,5,1
10567,1813,7,1
10568,1813,8,1
10569,1814,3,1
10570,1814,4,1
10571,1814,5,1
10572,1814,6,1
10573,1814,7,1
10574,1814,8,1
10575,1815,3,1
10576,1815,4,1
10577,1815,5,1
10578,1815,7,1
10579,1815,8,1
10580,1816,3,1
10581,1816,4,1
10582,1816,5,1
10583,1816,7,1
10584,1816,8,1
10585,1817,3,1
10586,1817,4,1
10587,1817,5,1
10588,1817,6,1
10589,1817,7,1
10590,1817,8,1
10591,1818,1,1
10592,1818,3,1
10593,1818,4,1
10594,1818,5,1
10595,1818,6,1
10596,1818,7,1
10597,1818,8,1
10598,1819,3,1
10599,1819,4,1
10600,1819,5,1
10601,1819,6,1
10602,1819,7,1
10603,1819,8,1
10604,1820,1,1
10605,1820,3,1
10606,1820,4,1
10607,1820,5,1
10608,1820,6,1
10609,1820,7,1
10610,1820,8,1
10611,1821,1,1
10612,1821,3,1
10613,1821,4,1
10614,1821,5,1
10615,1821,6,1
10616,1821,7,1
10617,1821,8,1
10618,1822,3,1
10619,1822,4,1
10620,1822,5,1
10621,1822,7,1
10622,1822,8,1
10623,1823,1,1
10624,1823,3,1
10625,1823,4,1
10626,1823,5,1
10627,1823,6,1
10628,1823,7,1
10629,1823,8,1
10630,1824,3,1
10631,1824,4,1
10632,1824,5,1
10633,1824,7,1
10634,1824,8,1
10635,1825,3,1
10636,1825,4,1
10637,1825,5,1
10638,1825,6,1
10639,1825,7,1
10640,1825,8,1
10641,1826,3,1
10642,1826,4,1
10643,1826,5,1
10644,1826,6,1
10645,1826,7,1
10646,1826,8,1
10647,1827,3,1
10648,1827,4,1
10649,1827,5,1
10650,1827,6,1
10651,1827,7,1
10652,1827,8,1
10653,1828,3,1
10654,1828,4,1
10655,1828,5,1
10656,1828,6,1
10657,1828,7,1
10658,1828,8,1
10659,1829,3,1
10660,1829,4,1
10661,1829,5,1
10662,1829,6,1
10663,1829,7,1
10664,1829,8,1
10665,1830,3,1
10666,1830,4,1
10667,1830,5,1
10668,1830,6,1
10669,1830,7,1
10670,1830,8,1
10671,1831,3,1
10672,1831,4,1
10673,1831,5,1
10674,1831,6,1
10675,1831,7,1
10676,1831,8,1
10677,1832,3,1
10678,1832,4,1
10679,1832,5,1
10680,1832,6,1
10681,1832,7,1
10682,1832,8,1
10683,1833,3,1
10684,1833,4,1
10685,1833,5,1
10686,1833,6,1
10687,1833,7,1
10688,1833,8,1
10689,1834,3,1
10690,1834,4,1
10691,1834,5,1
10692,1834,6,1
10693,1834,7,1
10694,1834,8,1
10695,1835,3,1
10696,1835,4,1
10697,1835,5,1
10698,1835,6,1
10699,1835,7,1
10700,1835,8,1
10701,1836,3,1
10702,1836,4,1
10703,1836,5,1
10704,1836,6,1
10705,1836,7,1
10706,1836,8,1
10707,1837,3,1
10708,1837,4,1
10709,1837,5,1
10710,1837,6,1
10711,1837,7,1
10712,1837,8,1
10713,1838,3,1
10714,1838,4,1
10715,1838,5,1
10716,1838,6,1
10717,1838,7,1
10718,1838,8,1
10719,1839,3,1
10720,1839,4,1
10721,1839,5,1
10722,1839,6,1
10723,1839,7,1
10724,1839,8,1
10725,1840,1,1
10726,1840,3,1
10727,1840,4,1
10728,1840,5,1
10729,1840,6,1
10730,1840,7,1
10731,1840,8,1
10732,1841,3,1
10733,1841,4,1
10734,1841,5,1
10735,1841,6,1
10736,1841,7,1
10737,1841,8,1
10738,1842,3,1
10739,1842,4,1
10740,1842,5,1
10741,1842,6,1
10742,1842,7,1
10743,1842,8,1
10744,1843,3,1
10745,1843,4,1
10746,1843,5,1
10747,1843,7,1
10748,1843,8,1
10749,1844,3,1
10750,1844,4,1
10751,1844,5,1
10752,1844,6,1
10753,1844,7,1
10754,1844,8,1
10755,1845,1,1
10756,1845,3,1
10757,1845,4,1
10758,1845,5,1
10759,1845,6,1
10760,1845,7,1
10761,1845,8,1
10762,1846,3,1
10763,1846,4,1
10764,1846,5,1
10765,1846,6,1
10766,1846,7,1
10767,1846,8,1
10768,1847,1,1
10769,1847,3,1
10770,1847,4,1
10771,1847,5,1
10772,1847,6,1
10773,1847,7,1
10774,1847,8,1
10775,1848,3,1
10776,1848,4,1
10777,1848,5,1
10778,1848,6,1
10779,1848,7,1
10780,1848,8,1
10781,1849,3,1
10782,1849,4,1
10783,1849,5,1
10784,1849,6,1
10785,1849,7,1
10786,1849,8,1
10787,1850,3,1
10788,1850,4,1
10789,1850,5,1
10790,1850,6,1
10791,1850,7,1
10792,1850,8,1
10793,1851,3,1
10794,1851,4,1
10795,1851,5,1
10796,1851,6,1
10797,1851,7,1
10798,1851,8,1
10799,1852,3,1
10800,1852,4,1
10801,1852,5,1
10802,1852,6,1
10803,1852,7,1
10804,1852,8,1
10805,1853,3,1
10806,1853,4,1
10807,1853,5,1
10808,1853,6,1
10809,1853,7,1
10810,1853,8,1
10811,1854,1,1
10812,1854,3,1
10813,1854,4,1
10814,1854,5,1
10815,1854,6,1
10816,1854,7,1
10817,1854,8,1
10818,1855,1,1
10819,1855,3,1
10820,1855,4,1
10821,1855,5,1
10822,1855,6,1
10823,1855,7,1
10824,1855,8,1
10825,1856,3,1
10826,1856,4,1
10827,1856,5,1
10828,1856,6,1
10829,1856,7,1
10830,1856,8,1
10831,1857,3,1
10832,1857,4,1
10833,1857,5,1
10834,1857,6,1
10835,1857,7,1
10836,1857,8,1
10837,1858,1,1
10838,1858,3,1
10839,1858,4,1
10840,1858,5,1
10841,1858,6,1
10842,1858,7,1
10843,1858,8,1
10844,1859,3,1
10845,1859,4,1
10846,1859,5,1
10847,1859,6,1
10848,1859,7,1
10849,1859,8,1
10850,1860,3,1
10851,1860,4,1
10852,1860,5,1
10853,1860,6,1
10854,1860,7,1
10855,1860,8,1
10856,1861,1,1
10857,1861,3,1
10858,1861,4,1
10859,1861,5,1
10860,1861,6,1
10861,1861,7,1
10862,1861,8,1
10863,1862,3,1
10864,1862,4,1
10865,1862,5,1
10866,1862,6,1
10867,1862,7,1
10868,1862,8,1
10869,1863,3,1
10870,1863,4,1
10871,1863,5,1
10872,1863,6,1
10873,1863,7,1
10874,1863,8,1
10875,1864,3,1
10876,1864,4,1
10877,1864,5,1
10878,1864,6,1
10879,1864,7,1
10880,1864,8,1
10881,1865,3,1
10882,1865,4,1
10883,1865,5,1
10884,1865,6,1
10885,1865,7,1
10886,1865,8,1
10887,1866,3,1
10888,1866,4,1
10889,1866,5,1
10890,1866,6,1
10891,1866,7,1
10892,1866,8,1
10893,1867,1,1
10894,1867,3,1
10895,1867,4,1
10896,1867,5,1
10897,1867,6,1
10898,1867,7,1
10899,1867,8,1
10900,1868,3,1
10901,1868,4,1
10902,1868,5,1
10903,1868,6,1
10904,1868,7,1
10905,1868,8,1
10906,1869,3,1
10907,1869,4,1
10908,1869,5,1
10909,1869,7,1
10910,1869,8,1
10911,1870,3,1
10912,1870,4,1
10913,1870,5,1
10914,1870,6,1
10915,1870,7,1
10916,1870,8,1
10917,1871,3,1
10918,1871,4,1
10919,1871,5,1
10920,1871,6,1
10921,1871,7,1
10922,1871,8,1
10923,1872,3,1
10924,1872,4,1
10925,1872,5,1
10926,1872,6,1
10927,1872,7,1
10928,1872,8,1
10929,1873,3,1
10930,1873,4,1
10931,1873,5,1
10932,1873,6,1
10933,1873,7,1
10934,1873,8,1
10935,1874,3,1
10936,1874,4,1
10937,1874,5,1
10938,1874,6,1
10939,1874,7,1
10940,1874,8,1
10941,1875,3,1
10942,1875,4,1
10943,1875,5,1
10944,1875,6,1
10945,1875,7,1
10946,1875,8,1
10947,1876,1,1
10948,1876,3,1
10949,1876,4,1
10950,1876,5,1
10951,1876,6,1
10952,1876,7,1
10953,1876,8,1
10954,1877,3,1
10955,1877,4,1
10956,1877,5,1
10957,1877,7,1
10958,1877,8,1
10959,1878,3,1
10960,1878,4,1
10961,1878,5,1
10962,1878,6,1
10963,1878,7,1
10964,1878,8,1
10965,1879,3,1
10966,1879,4,1
10967,1879,5,1
10968,1879,6,1
10969,1879,7,1
10970,1879,8,1
10971,1880,3,1
10972,1880,4,1
10973,1880,5,1
10974,1880,6,1
10975,1880,7,1
10976,1880,8,1
10977,1881,3,1
10978,1881,4,1
10979,1881,5,1
10980,1881,7,1
10981,1881,8,1
10982,1882,3,1
10983,1882,4,1
10984,1882,5,1
10985,1882,6,1
10986,1882,7,1
10987,1882,8,1
10988,1883,1,1
10989,1883,3,1
10990,1883,4,1
10991,1883,5,1
10992,1883,6,1
10993,1883,7,1
10994,1883,8,1
10995,1884,3,1
10996,1884,4,1
10997,1884,5,1
10998,1884,7,1
10999,1884,8,1
11000,1885,1,1
11001,1885,3,1
11002,1885,4,1
11003,1885,5,1
11004,1885,6,1
11005,1885,7,1
11006,1885,8,1
11007,1886,3,1
11008,1886,4,1
11009,1886,5,1
11010,1886,6,1
11011,1886,7,1
11012,1886,8,1
11013,1887,1,1
11014,1887,3,1
11015,1887,4,1
11016,1887,5,1
11017,1887,6,1
11018,1887,7,1
11019,1887,8,1
11020,1888,3,1
11021,1888,4,1
11022,1888,5,1
11023,1888,6,1
11024,1888,7,1
11025,1888,8,1
11026,1889,1,1
11027,1889,3,1
11028,1889,4,1
11029,1889,5,1
11030,1889,7,1
11031,1889,8,1
11032,1890,3,1
11033,1890,4,1
11034,1890,5,1
11035,1890,6,1
11036,1890,7,1
11037,1890,8,1
11038,1891,1,1
11039,1891,3,1
11040,1891,4,1
11041,1891,5,1
11042,1891,6,1
11043,1891,7,1
11044,1891,8,1
11045,1892,3,1
11046,1892,4,1
11047,1892,5,1
11048,1892,6,1
11049,1892,7,1
11050,1892,8,1
11051,1893,3,1
11052,1893,4,1
11053,1893,5,1
11054,1893,6,1
11055,1893,7,1
11056,1893,8,1
11057,1894,3,1
11058,1894,4,1
11059,1894,5,1
11060,1894,6,1
11061,1894,7,1
11062,1894,8,1
11063,1895,1,1
11064,1895,3,1
11065,1895,4,1
11066,1895,5,1
11067,1895,6,1
11068,1895,7,1
11069,1895,8,1
11070,1896,3,1
11071,1896,4,1
11072,1896,5,1
11073,1896,6,1
11074,1896,7,1
11075,1896,8,1
11076,1897,3,1
11077,1897,4,1
11078,1897,5,1
11079,1897,6,1
11080,1897,7,1
11081,1897,8,1
11082,1898,3,1
11083,1898,4,1
11084,1898,5,1
11085,1898,7,1
11086,1898,8,1
11087,1899,1,1
11088,1899,3,1
11089,1899,4,1
11090,1899,5,1
11091,1899,6,1
11092,1899,7,1
11093,1899,8,1
11094,1900,3,1
11095,1900,4,1
11096,1900,5,1
11097,1900,6,1
11098,1900,7,1
11099,1900,8,1
11100,1901,3,1
11101,1901,4,1
11102,1901,5,1
11103,1901,6,1
11104,1901,7,1
11105,1901,8,1
11106,1902,3,1
11107,1902,4,1
11108,1902,5,1
11109,1902,7,1
11110,1902,8,1
11111,1903,1,1
11112,1903,3,1
11113,1903,4,1
11114,1903,5,1
11115,1903,7,1
11116,1903,8,1
11117,1904,3,1
11118,1904,4,1
11119,1904,5,1
11120,1904,6,1
11121,1904,7,1
11122,1904,8,1
11123,1905,3,1
11124,1905,4,1
11125,1905,5,1
11126,1905,6,1
11127,1905,7,1
11128,1905,8,1
11129,1906,3,1
11130,1906,4,1
11131,1906,5,1
11132,1906,6,1
11133,1906,7,1
11134,1906,8,1
11135,1907,3,1
11136,1907,4,1
11137,1907,5,1
11138,1907,6,1
11139,1907,7,1
11140,1907,8,1
11141,1908,3,1
11142,1908,4,1
11143,1908,5,1
11144,1908,6,1
11145,1908,7,1
11146,1908,8,1
11147,1909,3,1
11148,1909,4,1
11149,1909,5,1
11150,1909,6,1
11151,1909,7,1
11152,1909,8,1
11153,1910,3,1
11154,1910,4,1
11155,1910,5,1
11156,1910,6,1
11157,1910,7,1
11158,1910,8,1
11159,1911,3,1
11160,1911,4,1
11161,1911,5,1
11162,1911,7,1
11163,1911,8,1
11164,1912,3,1
11165,1912,4,1
11166,1912,5,1
11167,1912,6,1
11168,1912,7,1
11169,1912,8,1
11170,1913,3,1
11171,1913,4,1
11172,1913,5,1
11173,1913,6,1
11174,1913,7,1
11175,1913,8,1
11176,1914,3,1
11177,1914,4,1
11178,1914,5,1
11179,1914,6,1
11180,1914,7,1
11181,1914,8,1
11182,1915,3,1
11183,1915,4,1
11184,1915,5,1
11185,1915,6,1
11186,1915,7,1
11187,1915,8,1
11188,1916,1,1
11189,1916,3,1
11190,1916,4,1
11191,1916,5,1
11192,1916,7,1
11193,1916,8,1
11194,1917,1,1
11195,1917,3,1
11196,1917,4,1
11197,1917,5,1
11198,1917,7,1
11199,1917,8,1
11200,1918,3,1
11201,1918,4,1
11202,1918,5,1
11203,1918,6,1
11204,1918,7,1
11205,1918,8,1
11206,1919,1,1
11207,1919,3,1
11208,1919,4,1
11209,1919,5,1
11210,1919,6,1
11211,1919,7,1
11212,1919,8,1
11213,1920,3,1
11214,1920,4,1
11215,1920,5,1
11216,1920,7,1
11217,1920,8,1
11218,1921,3,1
11219,1921,4,1
11220,1921,5,1
11221,1921,7,1
11222,1921,8,1
11223,1922,3,1
11224,1922,4,1
11225,1922,5,1
11226,1922,6,1
11227,1922,7,1
11228,1922,8,1
11229,1923,1,1
11230,1923,3,1
11231,1923,4,1
11232,1923,5,1
11233,1923,6,1
11234,1923,7,1
11235,1923,8,1
11236,1924,3,1
11237,1924,4,1
11238,1924,5,1
11239,1924,6,1
11240,1924,7,1
11241,1924,8,1
11242,1925,3,1
11243,1925,4,1
11244,1925,5,1
11245,1925,6,1
11246,1925,7,1
11247,1925,8,1
11248,1926,3,1
11249,1926,4,1
11250,1926,5,1
11251,1926,6,1
11252,1926,7,1
11253,1926,8,1
11254,1927,1,1
11255,1927,3,1
11256,1927,4,1
11257,1927,5,1
11258,1927,7,1
11259,1927,8,1
11260,1928,3,1
11261,1928,4,1
11262,1928,5,1
11263,1928,7,1
11264,1928,8,1
11265,1929,3,1
11266,1929,4,1
11267,1929,5,1
11268,1929,6,1
11269,1929,7,1
11270,1929,8,1
11271,1930,3,1
11272,1930,4,1
11273,1930,5,1
11274,1930,6,1
11275,1930,7,1
11276,1930,8,1
11277,1931,3,1
11278,1931,4,1
11279,1931,5,1
11280,1931,7,1
11281,1931,8,1
11282,1932,3,1
11283,1932,4,1
11284,1932,5,1
11285,1932,7,1
11286,1932,8,1
11287,1933,3,1
11288,1933,4,1
11289,1933,5,1
11290,1933,6,1
11291,1933,7,1
11292,1933,8,1
11293,1934,3,1
11294,1934,4,1
11295,1934,5,1
11296,1934,7,1
11297,1934,8,1
11298,1935,3,1
11299,1935,4,1
11300,1935,5,1
11301,1935,6,1
11302,1935,7,1
11303,1935,8,1
11304,1936,3,1
11305,1936,4,1
11306,1936,5,1
11307,1936,6,1
11308,1936,7,1
11309,1936,8,1
11310,1937,1,1
11311,1937,3,1
11312,1937,4,1
11313,1937,5,1
11314,1937,6,1
11315,1937,7,1
11316,1937,8,1
11317,1938,3,1
11318,1938,4,1
11319,1938,5,1
11320,1938,6,1
11321,1938,7,1
11322,1938,8,1
11323,1939,3,1
11324,1939,4,1
11325,1939,5,1
11326,1939,6,1
11327,1939,7,1
11328,1939,8,1
11329,1940,3,1
11330,1940,4,1
11331,1940,5,1
11332,1940,6,1
11333,1940,7,1
11334,1940,8,1
11335,1941,3,1
11336,1941,4,1
11337,1941,5,1
11338,1941,6,1
11339,1941,7,1
11340,1941,8,1
11341,1942,3,1
11342,1942,4,1
11343,1942,5,1
11344,1942,6,1
11345,1942,7,1
11346,1942,8,1
11347,1943,3,1
11348,1943,4,1
11349,1943,5,1
11350,1943,6,1
11351,1943,7,1
11352,1943,8,1
11353,1944,3,1
11354,1944,4,1
11355,1944,5,1
11356,1944,7,1
11357,1944,8,1
11358,1945,1,1
11359,1945,3,1
11360,1945,4,1
11361,1945,5,1
11362,1945,6,1
11363,1945,7,1
11364,1945,8,1
11365,1946,1,1
11366,1946,3,1
11367,1946,4,1
11368,1946,5,1
11369,1946,6,1
11370,1946,7,1
11371,1946,8,1
11372,1947,3,1
11373,1947,4,1
11374,1947,5,1
11375,1947,6,1
11376,1947,7,1
11377,1947,8,1
11378,1948,3,1
11379,1948,4,1
11380,1948,5,1
11381,1948,6,1
11382,1948,7,1
11383,1948,8,1
11384,1949,1,1
11385,1949,3,1
11386,1949,4,1
11387,1949,5,1
11388,1949,6,1
11389,1949,7,1
11390,1949,8,1
11391,1950,3,1
11392,1950,4,1
11393,1950,5,1
11394,1950,6,1
11395,1950,7,1
11396,1950,8,1
11397,1951,1,1
11398,1951,3,1
11399,1951,4,1
11400,1951,5,1
11401,1951,7,1
11402,1951,8,1
11403,1952,3,1
11404,1952,4,1
11405,1952,5,1
11406,1952,6,1
11407,1952,7,1
11408,1952,8,1
11409,1953,1,1
11410,1953,3,1
11411,1953,4,1
11412,1953,5,1
11413,1953,6,1
11414,1953,7,1
11415,1953,8,1
11416,1954,3,1
11417,1954,4,1
11418,1954,5,1
11419,1954,6,1
11420,1954,7,1
11421,1954,8,1
11422,1955,3,1
11423,1955,4,1
11424,1955,5,1
11425,1955,6,1
11426,1955,7,1
11427,1955,8,1
11428,1956,3,1
11429,1956,4,1
11430,1956,5,1
11431,1956,6,1
11432,1956,7,1
11433,1956,8,1
11434,1957,1,1
11435,1957,3,1
11436,1957,4,1
11437,1957,5,1
11438,1957,6,1
11439,1957,7,1
11440,1957,8,1
11441,1958,3,1
11442,1958,4,1
11443,1958,5,1
11444,1958,6,1
11445,1958,7,1
11446,1958,8,1
11447,1959,3,1
11448,1959,4,1
11449,1959,5,1
11450,1959,7,1
11451,1959,8,1
11452,1960,3,1
11453,1960,4,1
11454,1960,5,1
11455,1960,6,1
11456,1960,7,1
11457,1960,8,1
11458,1961,1,1
11459,1961,3,1
11460,1961,4,1
11461,1961,5,1
11462,1961,6,1
11463,1961,7,1
11464,1961,8,1
11465,1962,3,1
11466,1962,4,1
11467,1962,5,1
11468,1962,7,1
11469,1962,8,1
11470,1963,3,1
11471,1963,4,1
11472,1963,5,1
11473,1963,6,1
11474,1963,7,1
11475,1963,8,1
11476,1964,3,1
11477,1964,4,1
11478,1964,5,1
11479,1964,6,1
11480,1964,7,1
11481,1964,8,1
11482,1965,3,1
11483,1965,4,1
11484,1965,5,1
11485,1965,6,1
11486,1965,7,1
11487,1965,8,1
11488,1966,3,1
11489,1966,4,1
11490,1966,5,1
11491,1966,7,1
11492,1966,8,1
11493,1967,3,1
11494,1967,4,1
11495,1967,5,1
11496,1967,6,1
11497,1967,7,1
11498,1967,8,1
11499,1968,3,1
11500,1968,4,1
11501,1968,5,1
11502,1968,6,1
11503,1968,7,1
11504,1968,8,1
11505,1969,3,1
11506,1969,4,1
11507,1969,5,1
11508,1969,7,1
11509,1969,8,1
11510,1970,3,1
11511,1970,4,1
11512,1970,5,1
11513,1970,6,1
11514,1970,7,1
11515,1970,8,1
11516,1971,3,1
11517,1971,4,1
11518,1971,5,1
11519,1971,6,1
11520,1971,7,1
11521,1971,8,1
11522,1972,3,1
11523,1972,4,1
11524,1972,5,1
11525,1972,7,1
11526,1972,8,1
11527,1973,3,1
11528,1973,4,1
11529,1973,5,1
11530,1973,7,1
11531,1973,8,1
11532,1974,3,1
11533,1974,4,1
11534,1974,5,1
11535,1974,6,1
11536,1974,7,1
11537,1974,8,1
11538,1975,3,1
11539,1975,4,1
11540,1975,5,1
11541,1975,6,1
11542,1975,7,1
11543,1975,8,1
11544,1976,3,1
11545,1976,4,1
11546,1976,5,1
11547,1976,6,1
11548,1976,7,1
11549,1976,8,1
11550,1977,1,1
11551,1977,3,1
11552,1977,4,1
11553,1977,5,1
11554,1977,7,1
11555,1977,8,1
11556,1978,3,1
11557,1978,4,1
11558,1978,5,1
11559,1978,6,1
11560,1978,7,1
11561,1978,8,1
11562,1979,1,1
11563,1979,3,1
11564,1979,4,1
11565,1979,5,1
11566,1979,7,1
11567,1979,8,1
11568,1980,3,1
11569,1980,4,1
11570,1980,5,1
11571,1980,6,1
11572,1980,7,1
11573,1980,8,1
11574,1981,3,1
11575,1981,4,1
11576,1981,5,1
11577,1981,6,1
11578,1981,7,1
11579,1981,8,1
11580,1982,1,1
11581,1982,3,1
11582,1982,4,1
11583,1982,5,1
11584,1982,6,1
11585,1982,7,1
11586,1982,8,1
11587,1983,3,1
11588,1983,4,1
11589,1983,5,1
11590,1983,6,1
11591,1983,7,1
11592,1983,8,1
11593,1984,3,1
11594,1984,4,1
11595,1984,5,1
11596,1984,6,1
11597,1984,7,1
11598,1984,8,1
11599,1985,1,1
11600,1985,3,1
11601,1985,4,1
11602,1985,5,1
11603,1985,6,1
11604,1985,7,1
11605,1985,8,1
11606,1986,3,1
11607,1986,4,1
11608,1986,5,1
11609,1986,6,1
11610,1986,7,1
11611,1986,8,1
11612,1987,3,1
11613,1987,4,1
11614,1987,5,1
11615,1987,6,1
11616,1987,7,1
11617,1987,8,1
11618,1988,3,1
11619,1988,4,1
11620,1988,5,1
11621,1988,6,1
11622,1988,7,1
11623,1988,8,1
11624,1989,3,1
11625,1989,4,1
11626,1989,5,1
11627,1989,6,1
11628,1989,7,1
11629,1989,8,1
11630,1990,3,1
11631,1990,4,1
11632,1990,5,1
11633,1990,7,1
11634,1990,8,1
11635,1991,1,1
11636,1991,3,1
11637,1991,4,1
11638,1991,5,1
11639,1991,6,1
11640,1991,7,1
11641,1991,8,1
11642,1992,3,1
11643,1992,4,1
11644,1992,5,1
11645,1992,6,1
11646,1992,7,1
11647,1992,8,1
11648,1993,3,1
11649,1993,4,1
11650,1993,5,1
11651,1993,6,1
11652,1993,7,1
11653,1993,8,1
11654,1994,1,1
11655,1994,3,1
11656,1994,4,1
11657,1994,5,1
11658,1994,6,1
11659,1994,7,1
11660,1994,8,1
11661,1995,3,1
11662,1995,4,1
11663,1995,5,1
11664,1995,6,1
11665,1995,7,1
11666,1995,8,1
11667,1996,1,1
11668,1996,3,1
11669,1996,4,1
11670,1996,5,1
11671,1996,6,1
11672,1996,7,1
11673,1996,8,1
11674,1997,3,1
11675,1997,4,1
11676,1997,5,1
11677,1997,7,1
11678,1997,8,1
11679,1998,1,1
11680,1998,3,1
11681,1998,4,1
11682,1998,5,1
11683,1998,6,1
11684,1998,7,1
11685,1998,8,1
11686,1999,3,1
11687,1999,4,1
11688,1999,5,1
11689,1999,6,1
11690,1999,7,1
11691,1999,8,1
11692,2000,3,1
11693,2000,4,1
11694,2000,5,1
11695,2000,6,1
11696,2000,7,1
11697,2000,8,1
11698,2001,1,1
11699,2001,3,1
11700,2001,4,1
11701,2001,5,1
11702,2001,7,1
11703,2001,8,1
11704,2002,3,1
11705,2002,4,1
11706,2002,5,1
11707,2002,6,1
11708,2002,7,1
11709,2002,8,1
11710,2003,1,1
11711,2003,3,1
11712,2003,4,1
11713,2003,5,1
11714,2003,6,1
11715,2003,7,1
11716,2003,8,1
11717,2004,1,1
11718,2004,3,1
11719,2004,4,1
11720,2004,5,1
11721,2004,6,1
11722,2004,7,1
11723,2004,8,1
11724,2005,1,1
11725,2005,3,1
11726,2005,4,1
11727,2005,5,1
11728,2005,6,1
11729,2005,7,1
11730,2005,8,1
11731,2006,3,1
11732,2006,4,1
11733,2006,5,1
11734,2006,6,1
11735,2006,7,1
11736,2006,8,1
11737,2007,3,1
11738,2007,4,1
11739,2007,5,1
11740,2007,6,1
11741,2007,7,1
11742,2007,8,1
11743,2008,3,1
11744,2008,4,1
11745,2008,5,1
11746,2008,6,1
11747,2008,7,1
11748,2008,8,1
11749,2009,3,1
11750,2009,4,1
11751,2009,5,1
11752,2009,7,1
11753,2009,8,1
11754,2010,3,1
11755,2010,4,1
11756,2010,5,1
11757,2010,6,1
11758,2010,7,1
11759,2010,8,1
11760,2011,3,1
11761,2011,4,1
11762,2011,5,1
11763,2011,6,1
11764,2011,7,1
11765,2011,8,1
11766,2012,3,1
11767,2012,4,1
11768,2012,5,1
11769,2012,6,1
11770,2012,7,1
11771,2012,8,1
11772,2013,3,1
11773,2013,4,1
11774,2013,5,1
11775,2013,6,1
11776,2013,7,1
11777,2013,8,1
11778,2014,3,1
11779,2014,4,1
11780,2014,5,1
11781,2014,6,1
11782,2014,7,1
11783,2014,8,1
11784,2015,3,1
11785,2015,4,1
11786,2015,5,1
11787,2015,6,1
11788,2015,7,1
11789,2015,8,1
11790,2016,3,1
11791,2016,4,1
11792,2016,5,1
11793,2016,6,1
11794,2016,7,1
11795,2016,8,1
11796,2017,3,1
11797,2017,4,1
11798,2017,5,1
11799,2017,6,1
11800,2017,7,1
11801,2017,8,1
11802,2018,3,1
11803,2018,4,1
11804,2018,5,1
11805,2018,6,1
11806,2018,7,1
11807,2018,8,1
11808,2019,3,1
11809,2019,4,1
11810,2019,5,1
11811,2019,6,1
11812,2019,7,1
11813,2019,8,1
11814,2020,3,1
11815,2020,4,1
11816,2020,5,1
11817,2020,6,1
11818,2020,7,1
11819,2020,8,1
11820,2021,3,1
11821,2021,4,1
11822,2021,5,1
11823,2021,6,1
11824,2021,7,1
11825,2021,8,1
11826,2022,3,1
11827,2022,4,1
11828,2022,5,1
11829,2022,7,1
11830,2022,8,1
11831,2023,3,1
11832,2023,4,1
11833,2023,5,1
11834,2023,6,1
11835,2023,7,1
11836,2023,8,1
11837,2024,3,1
11838,2024,4,1
11839,2024,5,1
11840,2024,6,1
11841,2024,7,1
11842,2024,8,1
11843,2025,1,1
11844,2025,3,1
11845,2025,4,1
11846,2025,5,1
11847,2025,7,1
11848,2025,8,1
11849,2026,3,1
11850,2026,4,1
11851,2026,5,1
11852,2026,6,1
11853,2026,7,1
11854,2026,8,1
11855,2027,3,1
11856,2027,4,1
11857,2027,5,1
11858,2027,6,1
11859,2027,7,1
11860,2027,8,1
11861,2028,3,1
11862,2028,4,1
11863,2028,5,1
11864,2028,6,1
11865,2028,7,1
11866,2028,8,1
11867,2029,3,1
11868,2029,4,1
11869,2029,5,1
11870,2029,6,1
11871,2029,7,1
11872,2029,8,1
11873,2030,3,1
11874,2030,4,1
11875,2030,5,1
11876,2030,6,1
11877,2030,7,1
11878,2030,8,1
11879,2031,1,1
11880,2031,3,1
11881,2031,4,1
11882,2031,5,1
11883,2031,6,1
11884,2031,7,1
11885,2031,8,1
11886,2032,1,1
11887,2032,3,1
11888,2032,4,1
11889,2032,5,1
11890,2032,6,1
11891,2032,7,1
11892,2032,8,1
11893,2033,3,1
11894,2033,4,1
11895,2033,5,1
11896,2033,6,1
11897,2033,7,1
11898,2033,8,1
11899,2034,3,1
11900,2034,4,1
11901,2034,5,1
11902,2034,6,1
11903,2034,7,1
11904,2034,8,1
11905,2035,3,1
11906,2035,4,1
11907,2035,5,1
11908,2035,7,1
11909,2035,8,1
11910,2036,3,1
11911,2036,4,1
11912,2036,5,1
11913,2036,6,1
11914,2036,7,1
11915,2036,8,1
11916,2037,3,1
11917,2037,4,1
11918,2037,5,1
11919,2037,6,1
11920,2037,7,1
11921,2037,8,1
11922,2038,3,1
11923,2038,4,1
11924,2038,5,1
11925,2038,7,1
11926,2038,8,1
11927,2039,1,1
11928,2039,3,1
11929,2039,4,1
11930,2039,5,1
11931,2039,7,1
11932,2039,8,1
11933,2040,3,1
11934,2040,4,1
11935,2040,5,1
11936,2040,6,1
11937,2040,7,1
11938,2040,8,1
11939,2041,3,1
11940,2041,4,1
11941,2041,5,1
11942,2041,6,1
11943,2041,7,1
11944,2041,8,1
11945,2042,3,1
11946,2042,4,1
11947,2042,5,1
11948,2042,7,1
11949,2042,8,1
11950,2043,3,1
11951,2043,4,1
11952,2043,5,1
11953,2043,6,1
11954,2043,7,1
11955,2043,8,1
11956,2044,3,1
11957,2044,4,1
11958,2044,5,1
11959,2044,6,1
11960,2044,7,1
11961,2044,8,1
11962,2045,3,1
11963,2045,4,1
11964,2045,5,1
11965,2045,6,1
11966,2045,7,1
11967,2045,8,1
11968,2046,3,1
11969,2046,4,1
11970,2046,5,1
11971,2046,6,1
11972,2046,7,1
11973,2046,8,1
11974,2047,1,1
11975,2047,3,1
11976,2047,4,1
11977,2047,5,1
11978,2047,7,1
11979,2047,8,1
11980,2048,3,1
11981,2048,4,1
11982,2048,5,1
11983,2048,6,1
11984,2048,7,1
11985,2048,8,1
11986,2049,3,1
11987,2049,4,1
11988,2049,5,1
11989,2049,6,1
11990,2049,7,1
11991,2049,8,1
11992,2050,1,1
11993,2050,3,1
11994,2050,4,1
11995,2050,5,1
11996,2050,6,1
11997,2050,7,1
11998,2050,8,1
11999,2051,1,1
12000,2051,3,1
12001,2051,4,1
12002,2051,5,1
12003,2051,7,1
12004,2051,8,1
12005,2052,3,1
12006,2052,4,1
12007,2052,5,1
12008,2052,6,1
12009,2052,7,1
12010,2052,8,1
12011,2053,1,1
12012,2053,3,1
12013,2053,4,1
12014,2053,5,1
12015,2053,6,1
12016,2053,7,1
12017,2053,8,1
12018,2054,3,1
12019,2054,4,1
12020,2054,5,1
12021,2054,6,1
12022,2054,7,1
12023,2054,8,1
12024,2055,3,1
12025,2055,4,1
12026,2055,5,1
12027,2055,6,1
12028,2055,7,1
12029,2055,8,1
12030,2056,3,1
12031,2056,4,1
12032,2056,5,1
12033,2056,7,1
12034,2056,8,1
12035,2057,1,1
12036,2057,3,1
12037,2057,4,1
12038,2057,5,1
12039,2057,7,1
12040,2057,8,1
12041,2058,3,1
12042,2058,4,1
12043,2058,5,1
12044,2058,6,1
12045,2058,7,1
12046,2058,8,1
12047,2059,3,1
12048,2059,4,1
12049,2059,5,1
12050,2059,6,1
12051,2059,7,1
12052,2059,8,1
12053,2060,3,1
12054,2060,4,1
12055,2060,5,1
12056,2060,6,1
12057,2060,7,1
12058,2060,8,1
12059,2061,3,1
12060,2061,4,1
12061,2061,5,1
12062,2061,6,1
12063,2061,7,1
12064,2061,8,1
12065,2062,3,1
12066,2062,4,1
12067,2062,5,1
12068,2062,7,1
12069,2062,8,1
12070,2063,3,1
12071,2063,4,1
12072,2063,5,1
12073,2063,6,1
12074,2063,7,1
12075,2063,8,1
12076,2064,3,1
12077,2064,4,1
12078,2064,5,1
12079,2064,6,1
12080,2064,7,1
12081,2064,8,1
12082,2065,3,1
12083,2065,4,1
12084,2065,5,1
12085,2065,6,1
12086,2065,7,1
12087,2065,8,1
12088,2066,3,1
12089,2066,4,1
12090,2066,5,1
12091,2066,6,1
12092,2066,7,1
12093,2066,8,1
12094,2067,3,1
12095,2067,4,1
12096,2067,5,1
12097,2067,6,1
12098,2067,7,1
12099,2067,8,1
12100,2068,3,1
12101,2068,4,1
12102,2068,5,1
12103,2068,6,1
12104,2068,7,1
12105,2068,8,1
12106,2069,1,1
12107,2069,3,1
12108,2069,4,1
12109,2069,5,1
12110,2069,6,1
12111,2069,7,1
12112,2069,8,1
12113,2070,3,1
12114,2070,4,1
12115,2070,5,1
12116,2070,6,1
12117,2070,7,1
12118,2070,8,1
12119,2071,3,1
12120,2071,4,1
12121,2071,5,1
12122,2071,7,1
12123,2071,8,1
12124,2072,3,1
12125,2072,4,1
12126,2072,5,1
12127,2072,6,1
12128,2072,7,1
12129,2072,8,1
12130,2073,3,1
12131,2073,4,1
12132,2073,5,1
12133,2073,6,1
12134,2073,7,1
12135,2073,8,1
12136,2074,1,1
12137,2074,3,1
12138,2074,4,1
12139,2074,5,1
12140,2074,6,1
12141,2074,7,1
12142,2074,8,1
12143,2075,3,1
12144,2075,4,1
12145,2075,5,1
12146,2075,6,1
12147,2075,7,1
12148,2075,8,1
12149,2076,3,1
12150,2076,4,1
12151,2076,5,1
12152,2076,6,1
12153,2076,7,1
12154,2076,8,1
12155,2077,3,1
12156,2077,4,1
12157,2077,5,1
12158,2077,6,1
12159,2077,7,1
12160,2077,8,1
12161,2078,3,1
12162,2078,4,1
12163,2078,5,1
12164,2078,6,1
12165,2078,7,1
12166,2078,8,1
12167,2079,3,1
12168,2079,4,1
12169,2079,5,1
12170,2079,6,1
12171,2079,7,1
12172,2079,8,1
12173,2080,1,1
12174,2080,3,1
12175,2080,4,1
12176,2080,5,1
12177,2080,6,1
12178,2080,7,1
12179,2080,8,1
12180,2081,3,1
12181,2081,4,1
12182,2081,5,1
12183,2081,7,1
12184,2081,8,1
12185,2082,3,1
12186,2082,4,1
12187,2082,5,1
12188,2082,6,1
12189,2082,7,1
12190,2082,8,1
12191,2083,3,1
12192,2083,4,1
12193,2083,5,1
12194,2083,6,1
12195,2083,7,1
12196,2083,8,1
12197,2084,3,1
12198,2084,4,1
12199,2084,5,1
12200,2084,6,1
12201,2084,7,1
12202,2084,8,1
12203,2085,1,1
12204,2085,3,1
12205,2085,4,1
12206,2085,5,1
12207,2085,6,1
12208,2085,7,1
12209,2085,8,1
12210,2086,3,1
12211,2086,4,1
12212,2086,5,1
12213,2086,6,1
12214,2086,7,1
12215,2086,8,1
12216,2087,3,1
12217,2087,4,1
12218,2087,5,1
12219,2087,6,1
12220,2087,7,1
12221,2087,8,1
12222,2088,3,1
12223,2088,4,1
12224,2088,5,1
12225,2088,6,1
12226,2088,7,1
12227,2088,8,1
12228,2089,3,1
12229,2089,4,1
12230,2089,5,1
12231,2089,6,1
12232,2089,7,1
12233,2089,8,1
12234,2090,1,1
12235,2090,3,1
12236,2090,4,1
12237,2090,5,1
12238,2090,7,1
12239,2090,8,1
12240,2091,1,1
12241,2091,3,1
12242,2091,4,1
12243,2091,5,1
12244,2091,6,1
12245,2091,7,1
12246,2091,8,1
12247,2092,3,1
12248,2092,4,1
12249,2092,5,1
12250,2092,6,1
12251,2092,7,1
12252,2092,8,1
12253,2093,1,1
12254,2093,3,1
12255,2093,4,1
12256,2093,5,1
12257,2093,7,1
12258,2093,8,1
12259,2094,3,1
12260,2094,4,1
12261,2094,5,1
12262,2094,7,1
12263,2094,8,1
12264,2095,3,1
12265,2095,4,1
12266,2095,5,1
12267,2095,6,1
12268,2095,7,1
12269,2095,8,1
12270,2096,1,1
12271,2096,3,1
12272,2096,4,1
12273,2096,5,1
12274,2096,6,1
12275,2096,7,1
12276,2096,8,1
12277,2097,3,1
12278,2097,4,1
12279,2097,5,1
12280,2097,7,1
12281,2097,8,1
12282,2098,3,1
12283,2098,4,1
12284,2098,5,1
12285,2098,7,1
12286,2098,8,1
12287,2099,1,1
12288,2099,3,1
12289,2099,4,1
12290,2099,5,1
12291,2099,6,1
12292,2099,7,1
12293,2099,8,1
12294,2100,1,1
12295,2100,3,1
12296,2100,4,1
12297,2100,5,1
12298,2100,6,1
12299,2100,7,1
12300,2100,8,1
12301,2101,3,1
12302,2101,4,1
12303,2101,5,1
12304,2101,6,1
12305,2101,7,1
12306,2101,8,1
12307,2102,3,1
12308,2102,4,1
12309,2102,5,1
12310,2102,6,1
12311,2102,7,1
12312,2102,8,1
12313,2103,1,1
12314,2103,3,1
12315,2103,4,1
12316,2103,5,1
12317,2103,6,1
12318,2103,7,1
12319,2103,8,1
12320,2104,3,1
12321,2104,4,1
12322,2104,5,1
12323,2104,6,1
12324,2104,7,1
12325,2104,8,1
12326,2105,3,1
12327,2105,4,1
12328,2105,5,1
12329,2105,6,1
12330,2105,7,1
12331,2105,8,1
12332,2106,3,1
12333,2106,4,1
12334,2106,5,1
12335,2106,6,1
12336,2106,7,1
12337,2106,8,1
12338,2107,3,1
12339,2107,4,1
12340,2107,5,1
12341,2107,6,1
12342,2107,7,1
12343,2107,8,1
12344,2108,3,1
12345,2108,4,1
12346,2108,5,1
12347,2108,6,1
12348,2108,7,1
12349,2108,8,1
12350,2109,3,1
12351,2109,4,1
12352,2109,5,1
12353,2109,6,1
12354,2109,7,1
12355,2109,8,1
12356,2110,3,1
12357,2110,4,1
12358,2110,5,1
12359,2110,6,1
12360,2110,7,1
12361,2110,8,1
12362,2111,3,1
12363,2111,4,1
12364,2111,5,1
12365,2111,6,1
12366,2111,7,1
12367,2111,8,1
12368,2112,3,1
12369,2112,4,1
12370,2112,5,1
12371,2112,6,1
12372,2112,7,1
12373,2112,8,1
12374,2113,3,1
12375,2113,4,1
12376,2113,5,1
12377,2113,6,1
12378,2113,7,1
12379,2113,8,1
12380,2114,3,1
12381,2114,4,1
12382,2114,5,1
12383,2114,7,1
12384,2114,8,1
12385,2115,3,1
12386,2115,4,1
12387,2115,5,1
12388,2115,6,1
12389,2115,7,1
12390,2115,8,1
12391,2116,1,1
12392,2116,3,1
12393,2116,4,1
12394,2116,5,1
12395,2116,7,1
12396,2116,8,1
12397,2117,3,1
12398,2117,4,1
12399,2117,5,1
12400,2117,6,1
12401,2117,7,1
12402,2117,8,1
12403,2118,3,1
12404,2118,4,1
12405,2118,5,1
12406,2118,6,1
12407,2118,7,1
12408,2118,8,1
12409,2119,3,1
12410,2119,4,1
12411,2119,5,1
12412,2119,7,1
12413,2119,8,1
12414,2120,3,1
12415,2120,4,1
12416,2120,5,1
12417,2120,6,1
12418,2120,7,1
12419,2120,8,1
12420,2121,1,1
12421,2121,3,1
12422,2121,4,1
12423,2121,5,1
12424,2121,6,1
12425,2121,7,1
12426,2121,8,1
12427,2122,1,1
12428,2122,3,1
12429,2122,4,1
12430,2122,5,1
12431,2122,7,1
12432,2122,8,1
12433,2123,3,1
12434,2123,4,1
12435,2123,5,1
12436,2123,6,1
12437,2123,7,1
12438,2123,8,1
12439,2124,3,1
12440,2124,4,1
12441,2124,5,1
12442,2124,6,1
12443,2124,7,1
12444,2124,8,1
12445,2125,1,1
12446,2125,3,1
12447,2125,4,1
12448,2125,5,1
12449,2125,7,1
12450,2125,8,1
12451,2126,1,1
12452,2126,3,1
12453,2126,4,1
12454,2126,5,1
12455,2126,6,1
12456,2126,7,1
12457,2126,8,1
12458,2127,3,1
12459,2127,4,1
12460,2127,5,1
12461,2127,7,1
12462,2127,8,1
12463,2128,3,1
12464,2128,4,1
12465,2128,5,1
12466,2128,6,1
12467,2128,7,1
12468,2128,8,1
12469,2129,1,1
12470,2129,3,1
12471,2129,4,1
12472,2129,5,1
12473,2129,7,1
12474,2129,8,1
12475,2130,3,1
12476,2130,4,1
12477,2130,5,1
12478,2130,6,1
12479,2130,7,1
12480,2130,8,1
12481,2131,1,1
12482,2131,3,1
12483,2131,4,1
12484,2131,5,1
12485,2131,7,1
12486,2131,8,1
12487,2132,3,1
12488,2132,4,1
12489,2132,5,1
12490,2132,6,1
12491,2132,7,1
12492,2132,8,1
12493,2133,1,1
12494,2133,3,1
12495,2133,4,1
12496,2133,5,1
12497,2133,6,1
12498,2133,7,1
12499,2133,8,1
12500,2134,3,1
12501,2134,4,1
12502,2134,5,1
12503,2134,6,1
12504,2134,7,1
12505,2134,8,1
12506,2135,3,1
12507,2135,4,1
12508,2135,5,1
12509,2135,6,1
12510,2135,7,1
12511,2135,8,1
12512,2136,3,1
12513,2136,4,1
12514,2136,5,1
12515,2136,7,1
12516,2136,8,1
12517,2137,3,1
12518,2137,4,1
12519,2137,5,1
12520,2137,7,1
12521,2137,8,1
12522,2138,3,1
12523,2138,4,1
12524,2138,5,1
12525,2138,7,1
12526,2138,8,1
12527,2139,3,1
12528,2139,4,1
12529,2139,5,1
12530,2139,6,1
12531,2139,7,1
12532,2139,8,1
12533,2140,1,1
12534,2140,3,1
12535,2140,4,1
12536,2140,5,1
12537,2140,6,1
12538,2140,7,1
12539,2140,8,1
12540,2141,3,1
12541,2141,4,1
12542,2141,5,1
12543,2141,6,1
12544,2141,7,1
12545,2141,8,1
12546,2142,3,1
12547,2142,4,1
12548,2142,5,1
12549,2142,6,1
12550,2142,7,1
12551,2142,8,1
12552,2143,3,1
12553,2143,4,1
12554,2143,5,1
12555,2143,6,1
12556,2143,7,1
12557,2143,8,1
12558,2144,3,1
12559,2144,4,1
12560,2144,5,1
12561,2144,6,1
12562,2144,7,1
12563,2144,8,1
12564,2145,3,1
12565,2145,4,1
12566,2145,5,1
12567,2145,7,1
12568,2145,8,1
12569,2146,3,1
12570,2146,4,1
12571,2146,5,1
12572,2146,6,1
12573,2146,7,1
12574,2146,8,1
12575,2147,1,1
12576,2147,3,1
12577,2147,4,1
12578,2147,5,1
12579,2147,6,1
12580,2147,7,1
12581,2147,8,1
12582,2148,3,1
12583,2148,4,1
12584,2148,5,1
12585,2148,6,1
12586,2148,7,1
12587,2148,8,1
12588,2149,3,1
12589,2149,4,1
12590,2149,5,1
12591,2149,6,1
12592,2149,7,1
12593,2149,8,1
12594,2150,1,1
12595,2150,3,1
12596,2150,4,1
12597,2150,5,1
12598,2150,6,1
12599,2150,7,1
12600,2150,8,1
12601,2151,3,1
12602,2151,4,1
12603,2151,5,1
12604,2151,6,1
12605,2151,7,1
12606,2151,8,1
12607,2152,3,1
12608,2152,4,1
12609,2152,5,1
12610,2152,6,1
12611,2152,7,1
12612,2152,8,1
12613,2153,3,1
12614,2153,4,1
12615,2153,5,1
12616,2153,6,1
12617,2153,7,1
12618,2153,8,1
12619,2154,3,1
12620,2154,4,1
12621,2154,5,1
12622,2154,7,1
12623,2154,8,1
12624,2155,3,1
12625,2155,4,1
12626,2155,5,1
12627,2155,6,1
12628,2155,7,1
12629,2155,8,1
12630,2156,3,1
12631,2156,4,1
12632,2156,5,1
12633,2156,6,1
12634,2156,7,1
12635,2156,8,1
12636,2157,1,1
12637,2157,3,1
12638,2157,4,1
12639,2157,5,1
12640,2157,6,1
12641,2157,7,1
12642,2157,8,1
12643,2158,1,1
12644,2158,3,1
12645,2158,4,1
12646,2158,5,1
12647,2158,6,1
12648,2158,7,1
12649,2158,8,1
12650,2159,3,1
12651,2159,4,1
12652,2159,5,1
12653,2159,6,1
12654,2159,7,1
12655,2159,8,1
12656,2160,3,1
12657,2160,4,1
12658,2160,5,1
12659,2160,6,1
12660,2160,7,1
12661,2160,8,1
12662,2161,3,1
12663,2161,4,1
12664,2161,5,1
12665,2161,6,1
12666,2161,7,1
12667,2161,8,1
12668,2162,3,1
12669,2162,4,1
12670,2162,5,1
12671,2162,7,1
12672,2162,8,1
12673,2163,3,1
12674,2163,4,1
12675,2163,5,1
12676,2163,6,1
12677,2163,7,1
12678,2163,8,1
12679,2164,3,1
12680,2164,4,1
12681,2164,5,1
12682,2164,6,1
12683,2164,7,1
12684,2164,8,1
12685,2165,3,1
12686,2165,4,1
12687,2165,5,1
12688,2165,7,1
12689,2165,8,1
12690,2166,3,1
12691,2166,4,1
12692,2166,5,1
12693,2166,7,1
12694,2166,8,1
12695,2167,3,1
12696,2167,4,1
12697,2167,5,1
12698,2167,6,1
12699,2167,7,1
12700,2167,8,1
12701,2168,3,1
12702,2168,4,1
12703,2168,5,1
12704,2168,6,1
12705,2168,7,1
12706,2168,8,1
12707,2169,3,1
12708,2169,4,1
12709,2169,5,1
12710,2169,6,1
12711,2169,7,1
12712,2169,8,1
12713,2170,3,1
12714,2170,4,1
12715,2170,5,1
12716,2170,7,1
12717,2170,8,1
12718,2171,3,1
12719,2171,4,1
12720,2171,5,1
12721,2171,7,1
12722,2171,8,1
12723,2172,3,1
12724,2172,4,1
12725,2172,5,1
12726,2172,7,1
12727,2172,8,1
12728,2173,3,1
12729,2173,4,1
12730,2173,5,1
12731,2173,7,1
12732,2173,8,1
12733,2174,3,1
12734,2174,4,1
12735,2174,5,1
12736,2174,6,1
12737,2174,7,1
12738,2174,8,1
12739,2175,1,1
12740,2175,3,1
12741,2175,4,1
12742,2175,5,1
12743,2175,6,1
12744,2175,7,1
12745,2175,8,1
12746,2176,3,1
12747,2176,4,1
12748,2176,5,1
12749,2176,6,1
12750,2176,7,1
12751,2176,8,1
12752,2177,3,1
12753,2177,4,1
12754,2177,5,1
12755,2177,6,1
12756,2177,7,1
12757,2177,8,1
12758,2178,3,1
12759,2178,4,1
12760,2178,5,1
12761,2178,7,1
12762,2178,8,1
12763,2179,3,1
12764,2179,4,1
12765,2179,5,1
12766,2179,6,1
12767,2179,7,1
12768,2179,8,1
12769,2180,1,1
12770,2180,3,1
12771,2180,4,1
12772,2180,5,1
12773,2180,6,1
12774,2180,7,1
12775,2180,8,1
12776,2181,3,1
12777,2181,4,1
12778,2181,5,1
12779,2181,6,1
12780,2181,7,1
12781,2181,8,1
12782,2182,3,1
12783,2182,4,1
12784,2182,5,1
12785,2182,6,1
12786,2182,7,1
12787,2182,8,1
12788,2183,1,1
12789,2183,3,1
12790,2183,4,1
12791,2183,5,1
12792,2183,6,1
12793,2183,7,1
12794,2183,8,1
12795,2184,1,1
12796,2184,3,1
12797,2184,4,1
12798,2184,5,1
12799,2184,6,1
12800,2184,7,1
12801,2184,8,1
12802,2185,3,1
12803,2185,4,1
12804,2185,5,1
12805,2185,6,1
12806,2185,7,1
12807,2185,8,1
12808,2186,3,1
12809,2186,4,1
12810,2186,5,1
12811,2186,6,1
12812,2186,7,1
12813,2186,8,1
12814,2187,3,1
12815,2187,4,1
12816,2187,5,1
12817,2187,6,1
12818,2187,7,1
12819,2187,8,1
12820,2188,3,1
12821,2188,4,1
12822,2188,5,1
12823,2188,7,1
12824,2188,8,1
12825,2189,3,1
12826,2189,4,1
12827,2189,5,1
12828,2189,6,1
12829,2189,7,1
12830,2189,8,1
12831,2190,3,1
12832,2190,4,1
12833,2190,5,1
12834,2190,6,1
12835,2190,7,1
12836,2190,8,1
12837,2191,3,1
12838,2191,4,1
12839,2191,5,1
12840,2191,6,1
12841,2191,7,1
12842,2191,8,1
12843,2192,1,1
12844,2192,3,1
12845,2192,4,1
12846,2192,5,1
12847,2192,7,1
12848,2192,8,1
12849,2193,3,1
12850,2193,4,1
12851,2193,5,1
12852,2193,7,1
12853,2193,8,1
12854,2194,1,1
12855,2194,3,1
12856,2194,4,1
12857,2194,5,1
12858,2194,6,1
12859,2194,7,1
12860,2194,8,1
12861,2195,3,1
12862,2195,4,1
12863,2195,5,1
12864,2195,6,1
12865,2195,7,1
12866,2195,8,1
12867,2196,3,1
12868,2196,4,1
12869,2196,5,1
12870,2196,6,1
12871,2196,7,1
12872,2196,8,1
12873,2197,3,1
12874,2197,4,1
12875,2197,5,1
12876,2197,7,1
12877,2197,8,1
12878,2198,1,1
12879,2198,3,1
12880,2198,4,1
12881,2198,5,1
12882,2198,6,1
12883,2198,7,1
12884,2198,8,1
12885,2199,3,1
12886,2199,4,1
12887,2199,5,1
12888,2199,7,1
12889,2199,8,1
12890,2200,1,1
12891,2200,3,1
12892,2200,4,1
12893,2200,5,1
12894,2200,6,1
12895,2200,7,1
12896,2200,8,1
12897,2201,3,1
12898,2201,4,1
12899,2201,5,1
12900,2201,6,1
12901,2201,7,1
12902,2201,8,1
12903,2202,3,1
12904,2202,4,1
12905,2202,5,1
12906,2202,7,1
12907,2202,8,1
12908,2203,3,1
12909,2203,4,1
12910,2203,5,1
12911,2203,6,1
12912,2203,7,1
12913,2203,8,1
12914,2204,3,1
12915,2204,4,1
12916,2204,5,1
12917,2204,6,1
12918,2204,7,1
12919,2204,8,1
12920,2205,1,1
12921,2205,3,1
12922,2205,4,1
12923,2205,5,1
12924,2205,6,1
12925,2205,7,1
12926,2205,8,1
12927,2206,3,1
12928,2206,4,1
12929,2206,5,1
12930,2206,7,1
12931,2206,8,1
12932,2207,3,1
12933,2207,4,1
12934,2207,5,1
12935,2207,6,1
12936,2207,7,1
12937,2207,8,1
12938,2208,3,1
12939,2208,4,1
12940,2208,5,1
12941,2208,6,1
12942,2208,7,1
12943,2208,8,1
12944,2209,3,1
12945,2209,4,1
12946,2209,5,1
12947,2209,7,1
12948,2209,8,1
12949,2210,3,1
12950,2210,4,1
12951,2210,5,1
12952,2210,7,1
12953,2210,8,1
12954,2211,3,1
12955,2211,4,1
12956,2211,5,1
12957,2211,6,1
12958,2211,7,1
12959,2211,8,1
12960,2212,3,1
12961,2212,4,1
12962,2212,5,1
12963,2212,7,1
12964,2212,8,1
12965,2213,3,1
12966,2213,4,1
12967,2213,5,1
12968,2213,6,1
12969,2213,7,1
12970,2213,8,1
12971,2214,1,1
12972,2214,3,1
12973,2214,4,1
12974,2214,5,1
12975,2214,6,1
12976,2214,7,1
12977,2214,8,1
12978,2215,3,1
12979,2215,4,1
12980,2215,5,1
12981,2215,6,1
12982,2215,7,1
12983,2215,8,1
12984,2216,3,1
12985,2216,4,1
12986,2216,5,1
12987,2216,6,1
12988,2216,7,1
12989,2216,8,1
12990,2217,1,1
12991,2217,3,1
12992,2217,4,1
12993,2217,5,1
12994,2217,6,1
12995,2217,7,1
12996,2217,8,1
12997,2218,3,1
12998,2218,4,1
12999,2218,5,1
13000,2218,6,1
13001,2218,7,1
13002,2218,8,1
13003,2219,1,1
13004,2219,3,1
13005,2219,4,1
13006,2219,5,1
13007,2219,7,1
13008,2219,8,1
13009,2220,3,1
13010,2220,4,1
13011,2220,5,1
13012,2220,7,1
13013,2220,8,1
13014,2221,3,1
13015,2221,4,1
13016,2221,5,1
13017,2221,7,1
13018,2221,8,1
13019,2222,3,1
13020,2222,4,1
13021,2222,5,1
13022,2222,6,1
13023,2222,7,1
13024,2222,8,1
13025,2223,1,1
13026,2223,3,1
13027,2223,4,1
13028,2223,5,1
13029,2223,6,1
13030,2223,7,1
13031,2223,8,1
13032,2224,3,1
13033,2224,4,1
13034,2224,5,1
13035,2224,6,1
13036,2224,7,1
13037,2224,8,1
13038,2225,3,1
13039,2225,4,1
13040,2225,5,1
13041,2225,6,1
13042,2225,7,1
13043,2225,8,1
13044,2226,1,1
13045,2226,3,1
13046,2226,4,1
13047,2226,5,1
13048,2226,7,1
13049,2226,8,1
13050,2227,3,1
13051,2227,4,1
13052,2227,5,1
13053,2227,6,1
13054,2227,7,1
13055,2227,8,1
13056,2228,3,1
13057,2228,4,1
13058,2228,5,1
13059,2228,6,1
13060,2228,7,1
13061,2228,8,1
13062,2229,3,1
13063,2229,4,1
13064,2229,5,1
13065,2229,6,1
13066,2229,7,1
13067,2229,8,1
13068,2230,3,1
13069,2230,4,1
13070,2230,5,1
13071,2230,6,1
13072,2230,7,1
13073,2230,8,1
13074,2231,1,1
13075,2231,3,1
13076,2231,4,1
13077,2231,5,1
13078,2231,7,1
13079,2231,8,1
13080,2232,3,1
13081,2232,4,1
13082,2232,5,1
13083,2232,6,1
13084,2232,7,1
13085,2232,8,1
13086,2233,3,1
13087,2233,4,1
13088,2233,5,1
13089,2233,6,1
13090,2233,7,1
13091,2233,8,1
13092,2234,1,1
13093,2234,3,1
13094,2234,4,1
13095,2234,5,1
13096,2234,6,1
13097,2234,7,1
13098,2234,8,1
13099,2235,3,1
13100,2235,4,1
13101,2235,5,1
13102,2235,6,1
13103,2235,7,1
13104,2235,8,1
13105,2236,3,1
13106,2236,4,1
13107,2236,5,1
13108,2236,6,1
13109,2236,7,1
13110,2236,8,1
13111,2237,1,1
13112,2237,3,1
13113,2237,4,1
13114,2237,5,1
13115,2237,7,1
13116,2237,8,1
13117,2238,3,1
13118,2238,4,1
13119,2238,5,1
13120,2238,6,1
13121,2238,7,1
13122,2238,8,1
13123,2239,1,1
13124,2239,3,1
13125,2239,4,1
13126,2239,5,1
13127,2239,7,1
13128,2239,8,1
13129,2240,3,1
13130,2240,4,1
13131,2240,5,1
13132,2240,6,1
13133,2240,7,1
13134,2240,8,1
13135,2241,1,1
13136,2241,3,1
13137,2241,4,1
13138,2241,5,1
13139,2241,7,1
13140,2241,8,1
13141,2242,3,1
13142,2242,4,1
13143,2242,5,1
13144,2242,7,1
13145,2242,8,1
13146,2243,3,1
13147,2243,4,1
13148,2243,5,1
13149,2243,6,1
13150,2243,7,1
13151,2243,8,1
13152,2244,1,1
13153,2244,3,1
13154,2244,4,1
13155,2244,5,1
13156,2244,6,1
13157,2244,7,1
13158,2244,8,1
13159,2245,3,1
13160,2245,4,1
13161,2245,5,1
13162,2245,7,1
13163,2245,8,1
13164,2246,1,1
13165,2246,3,1
13166,2246,4,1
13167,2246,5,1
13168,2246,6,1
13169,2246,7,1
13170,2246,8,1
13171,2247,3,1
13172,2247,4,1
13173,2247,5,1
13174,2247,6,1
13175,2247,7,1
13176,2247,8,1
13177,2248,1,1
13178,2248,3,1
13179,2248,4,1
13180,2248,5,1
13181,2248,6,1
13182,2248,7,1
13183,2248,8,1
13184,2249,3,1
13185,2249,4,1
13186,2249,5,1
13187,2249,6,1
13188,2249,7,1
13189,2249,8,1
13190,2250,1,1
13191,2250,3,1
13192,2250,4,1
13193,2250,5,1
13194,2250,7,1
13195,2250,8,1
13196,2251,3,1
13197,2251,4,1
13198,2251,5,1
13199,2251,6,1
13200,2251,7,1
13201,2251,8,1
13202,2252,1,1
13203,2252,3,1
13204,2252,4,1
13205,2252,5,1
13206,2252,6,1
13207,2252,7,1
13208,2252,8,1
13209,2253,3,1
13210,2253,4,1
13211,2253,5,1
13212,2253,6,1
13213,2253,7,1
13214,2253,8,1
13215,2254,3,1
13216,2254,4,1
13217,2254,5,1
13218,2254,6,1
13219,2254,7,1
13220,2254,8,1
13221,2255,3,1
13222,2255,4,1
13223,2255,5,1
13224,2255,6,1
13225,2255,7,1
13226,2255,8,1
13227,2256,3,1
13228,2256,4,1
13229,2256,5,1
13230,2256,6,1
13231,2256,7,1
13232,2256,8,1
13233,2257,3,1
13234,2257,4,1
13235,2257,5,1
13236,2257,6,1
13237,2257,7,1
13238,2257,8,1
13239,2258,3,1
13240,2258,4,1
13241,2258,5,1
13242,2258,7,1
13243,2258,8,1
13244,2259,3,1
13245,2259,4,1
13246,2259,5,1
13247,2259,6,1
13248,2259,7,1
13249,2259,8,1
13250,2260,3,1
13251,2260,4,1
13252,2260,5,1
13253,2260,6,1
13254,2260,7,1
13255,2260,8,1
13256,2261,3,1
13257,2261,4,1
13258,2261,5,1
13259,2261,6,1
13260,2261,7,1
13261,2261,8,1
13262,2262,3,1
13263,2262,4,1
13264,2262,5,1
13265,2262,6,1
13266,2262,7,1
13267,2262,8,1
13268,2263,3,1
13269,2263,4,1
13270,2263,5,1
13271,2263,6,1
13272,2263,7,1
13273,2263,8,1
13274,2264,3,1
13275,2264,4,1
13276,2264,5,1
13277,2264,6,1
13278,2264,7,1
13279,2264,8,1
13280,2265,3,1
13281,2265,4,1
13282,2265,5,1
13283,2265,6,1
13284,2265,7,1
13285,2265,8,1
13286,2266,3,1
13287,2266,4,1
13288,2266,5,1
13289,2266,6,1
13290,2266,7,1
13291,2266,8,1
13292,2267,1,1
13293,2267,3,1
13294,2267,4,1
13295,2267,5,1
13296,2267,6,1
13297,2267,7,1
13298,2267,8,1
13299,2268,1,1
13300,2268,3,1
13301,2268,4,1
13302,2268,5,1
13303,2268,6,1
13304,2268,7,1
13305,2268,8,1
13306,2269,3,1
13307,2269,4,1
13308,2269,5,1
13309,2269,7,1
13310,2269,8,1
13311,2270,3,1
13312,2270,4,1
13313,2270,5,1
13314,2270,6,1
13315,2270,7,1
13316,2270,8,1
13317,2271,3,1
13318,2271,4,1
13319,2271,5,1
13320,2271,6,1
13321,2271,7,1
13322,2271,8,1
13323,2272,3,1
13324,2272,4,1
13325,2272,5,1
13326,2272,6,1
13327,2272,7,1
13328,2272,8,1
13329,2273,3,1
13330,2273,4,1
13331,2273,5,1
13332,2273,6,1
13333,2273,7,1
13334,2273,8,1
13335,2274,3,1
13336,2274,4,1
13337,2274,5,1
13338,2274,6,1
13339,2274,7,1
13340,2274,8,1
13341,2275,3,1
13342,2275,4,1
13343,2275,5,1
13344,2275,6,1
13345,2275,7,1
13346,2275,8,1
13347,2276,3,1
13348,2276,4,1
13349,2276,5,1
13350,2276,7,1
13351,2276,8,1
13352,2277,3,1
13353,2277,4,1
13354,2277,5,1
13355,2277,6,1
13356,2277,7,1
13357,2277,8,1
13358,2278,1,1
13359,2278,3,1
13360,2278,4,1
13361,2278,5,1
13362,2278,7,1
13363,2278,8,1
13364,2279,3,1
13365,2279,4,1
13366,2279,5,1
13367,2279,6,1
13368,2279,7,1
13369,2279,8,1
13370,2280,1,1
13371,2280,3,1
13372,2280,4,1
13373,2280,5,1
13374,2280,7,1
13375,2280,8,1
13376,2281,1,1
13377,2281,3,1
13378,2281,4,1
13379,2281,5,1
13380,2281,6,1
13381,2281,7,1
13382,2281,8,1
13383,2282,3,1
13384,2282,4,1
13385,2282,5,1
13386,2282,6,1
13387,2282,7,1
13388,2282,8,1
13389,2283,1,1
13390,2283,3,1
13391,2283,4,1
13392,2283,5,1
13393,2283,6,1
13394,2283,7,1
13395,2283,8,1
13396,2284,3,1
13397,2284,4,1
13398,2284,5,1
13399,2284,6,1
13400,2284,7,1
13401,2284,8,1
13402,2285,3,1
13403,2285,4,1
13404,2285,5,1
13405,2285,6,1
13406,2285,7,1
13407,2285,8,1
13408,2286,1,1
13409,2286,3,1
13410,2286,4,1
13411,2286,5,1
13412,2286,6,1
13413,2286,7,1
13414,2286,8,1
13415,2287,1,1
13416,2287,3,1
13417,2287,4,1
13418,2287,5,1
13419,2287,6,1
13420,2287,7,1
13421,2287,8,1
13422,2288,3,1
13423,2288,4,1
13424,2288,5,1
13425,2288,6,1
13426,2288,7,1
13427,2288,8,1
13428,2289,3,1
13429,2289,4,1
13430,2289,5,1
13431,2289,7,1
13432,2289,8,1
13433,2290,3,1
13434,2290,4,1
13435,2290,5,1
13436,2290,6,1
13437,2290,7,1
13438,2290,8,1
13439,2291,3,1
13440,2291,4,1
13441,2291,5,1
13442,2291,6,1
13443,2291,7,1
13444,2291,8,1
13445,2292,3,1
13446,2292,4,1
13447,2292,5,1
13448,2292,7,1
13449,2292,8,1
13450,2293,3,1
13451,2293,4,1
13452,2293,5,1
13453,2293,6,1
13454,2293,7,1
13455,2293,8,1
13456,2294,1,1
13457,2294,3,1
13458,2294,4,1
13459,2294,5,1
13460,2294,6,1
13461,2294,7,1
13462,2294,8,1
13463,2295,3,1
13464,2295,4,1
13465,2295,5,1
13466,2295,6,1
13467,2295,7,1
13468,2295,8,1
13469,2296,3,1
13470,2296,4,1
13471,2296,5,1
13472,2296,6,1
13473,2296,7,1
13474,2296,8,1
13475,2297,3,1
13476,2297,4,1
13477,2297,5,1
13478,2297,6,1
13479,2297,7,1
13480,2297,8,1
13481,2298,1,1
13482,2298,3,1
13483,2298,4,1
13484,2298,5,1
13485,2298,6,1
13486,2298,7,1
13487,2298,8,1
13488,2299,3,1
13489,2299,4,1
13490,2299,5,1
13491,2299,6,1
13492,2299,7,1
13493,2299,8,1
13494,2300,3,1
13495,2300,4,1
13496,2300,5,1
13497,2300,6,1
13498,2300,7,1
13499,2300,8,1
13500,2301,3,1
13501,2301,4,1
13502,2301,5,1
13503,2301,6,1
13504,2301,7,1
13505,2301,8,1
13506,2302,1,1
13507,2302,3,1
13508,2302,4,1
13509,2302,5,1
13510,2302,6,1
13511,2302,7,1
13512,2302,8,1
13513,2303,3,1
13514,2303,4,1
13515,2303,5,1
13516,2303,7,1
13517,2303,8,1
13518,2304,3,1
13519,2304,4,1
13520,2304,5,1
13521,2304,6,1
13522,2304,7,1
13523,2304,8,1
13524,2305,1,1
13525,2305,3,1
13526,2305,4,1
13527,2305,5,1
13528,2305,7,1
13529,2305,8,1
13530,2306,3,1
13531,2306,4,1
13532,2306,5,1
13533,2306,6,1
13534,2306,7,1
13535,2306,8,1
13536,2307,1,1
13537,2307,3,1
13538,2307,4,1
13539,2307,5,1
13540,2307,6,1
13541,2307,7,1
13542,2307,8,1
13543,2308,3,1
13544,2308,4,1
13545,2308,5,1
13546,2308,6,1
13547,2308,7,1
13548,2308,8,1
13549,2309,3,1
13550,2309,4,1
13551,2309,5,1
13552,2309,6,1
13553,2309,7,1
13554,2309,8,1
13555,2310,3,1
13556,2310,4,1
13557,2310,5,1
13558,2310,7,1
13559,2310,8,1
13560,2311,3,1
13561,2311,4,1
13562,2311,5,1
13563,2311,6,1
13564,2311,7,1
13565,2311,8,1
13566,2312,1,1
13567,2312,3,1
13568,2312,4,1
13569,2312,5,1
13570,2312,6,1
13571,2312,7,1
13572,2312,8,1
13573,2313,3,1
13574,2313,4,1
13575,2313,5,1
13576,2313,6,1
13577,2313,7,1
13578,2313,8,1
13579,2314,3,1
13580,2314,4,1
13581,2314,5,1
13582,2314,6,1
13583,2314,7,1
13584,2314,8,1
13585,2315,3,1
13586,2315,4,1
13587,2315,5,1
13588,2315,6,1
13589,2315,7,1
13590,2315,8,1
13591,2316,3,1
13592,2316,4,1
13593,2316,5,1
13594,2316,6,1
13595,2316,7,1
13596,2316,8,1
13597,2317,3,1
13598,2317,4,1
13599,2317,5,1
13600,2317,6,1
13601,2317,7,1
13602,2317,8,1
13603,2318,1,1
13604,2318,3,1
13605,2318,4,1
13606,2318,5,1
13607,2318,6,1
13608,2318,7,1
13609,2318,8,1
13610,2319,3,1
13611,2319,4,1
13612,2319,5,1
13613,2319,6,1
13614,2319,7,1
13615,2319,8,1
13616,2320,3,1
13617,2320,4,1
13618,2320,5,1
13619,2320,6,1
13620,2320,7,1
13621,2320,8,1
13622,2321,3,1
13623,2321,4,1
13624,2321,5,1
13625,2321,6,1
13626,2321,7,1
13627,2321,8,1
13628,2322,1,1
13629,2322,3,1
13630,2322,4,1
13631,2322,5,1
13632,2322,6,1
13633,2322,7,1
13634,2322,8,1
13635,2323,3,1
13636,2323,4,1
13637,2323,5,1
13638,2323,7,1
13639,2323,8,1
13640,2324,3,1
13641,2324,4,1
13642,2324,5,1
13643,2324,7,1
13644,2324,8,1
13645,2325,1,1
13646,2325,3,1
13647,2325,4,1
13648,2325,5,1
13649,2325,6,1
13650,2325,7,1
13651,2325,8,1
13652,2326,1,1
13653,2326,3,1
13654,2326,4,1
13655,2326,5,1
13656,2326,6,1
13657,2326,7,1
13658,2326,8,1
13659,2327,3,1
13660,2327,4,1
13661,2327,5,1
13662,2327,6,1
13663,2327,7,1
13664,2327,8,1
13665,2328,3,1
13666,2328,4,1
13667,2328,5,1
13668,2328,6,1
13669,2328,7,1
13670,2328,8,1
13671,2329,3,1
13672,2329,4,1
13673,2329,5,1
13674,2329,6,1
13675,2329,7,1
13676,2329,8,1
13677,2330,3,1
13678,2330,4,1
13679,2330,5,1
13680,2330,6,1
13681,2330,7,1
13682,2330,8,1
13683,2331,1,1
13684,2331,3,1
13685,2331,4,1
13686,2331,5,1
13687,2331,6,1
13688,2331,7,1
13689,2331,8,1
13690,2332,1,1
13691,2332,3,1
13692,2332,4,1
13693,2332,5,1
13694,2332,6,1
13695,2332,7,1
13696,2332,8,1
13697,2333,3,1
13698,2333,4,1
13699,2333,5,1
13700,2333,6,1
13701,2333,7,1
13702,2333,8,1
13703,2334,3,1
13704,2334,4,1
13705,2334,5,1
13706,2334,6,1
13707,2334,7,1
13708,2334,8,1
13709,2335,1,1
13710,2335,3,1
13711,2335,4,1
13712,2335,5,1
13713,2335,6,1
13714,2335,7,1
13715,2335,8,1
13716,2336,3,1
13717,2336,4,1
13718,2336,5,1
13719,2336,7,1
13720,2336,8,1
13721,2337,3,1
13722,2337,4,1
13723,2337,5,1
13724,2337,6,1
13725,2337,7,1
13726,2337,8,1
13727,2338,3,1
13728,2338,4,1
13729,2338,5,1
13730,2338,7,1
13731,2338,8,1
13732,2339,1,1
13733,2339,3,1
13734,2339,4,1
13735,2339,5,1
13736,2339,6,1
13737,2339,7,1
13738,2339,8,1
13739,2340,3,1
13740,2340,4,1
13741,2340,5,1
13742,2340,7,1
13743,2340,8,1
13744,2341,3,1
13745,2341,4,1
13746,2341,5,1
13747,2341,6,1
13748,2341,7,1
13749,2341,8,1
13750,2342,3,1
13751,2342,4,1
13752,2342,5,1
13753,2342,6,1
13754,2342,7,1
13755,2342,8,1
13756,2343,3,1
13757,2343,4,1
13758,2343,5,1
13759,2343,6,1
13760,2343,7,1
13761,2343,8,1
13762,2344,3,1
13763,2344,4,1
13764,2344,5,1
13765,2344,6,1
13766,2344,7,1
13767,2344,8,1
13768,2345,1,1
13769,2345,3,1
13770,2345,4,1
13771,2345,5,1
13772,2345,6,1
13773,2345,7,1
13774,2345,8,1
13775,2346,1,1
13776,2346,3,1
13777,2346,4,1
13778,2346,5,1
13779,2346,7,1
13780,2346,8,1
13781,2347,1,1
13782,2347,3,1
13783,2347,4,1
13784,2347,5,1
13785,2347,6,1
13786,2347,7,1
13787,2347,8,1
13788,2348,1,1
13789,2348,3,1
13790,2348,4,1
13791,2348,5,1
13792,2348,7,1
13793,2348,8,1
13794,2349,3,1
13795,2349,4,1
13796,2349,5,1
13797,2349,6,1
13798,2349,7,1
13799,2349,8,1
13800,2350,3,1
13801,2350,4,1
13802,2350,5,1
13803,2350,6,1
13804,2350,7,1
13805,2350,8,1
13806,2351,3,1
13807,2351,4,1
13808,2351,5,1
13809,2351,6,1
13810,2351,7,1
13811,2351,8,1
13812,2352,3,1
13813,2352,4,1
13814,2352,5,1
13815,2352,6,1
13816,2352,7,1
13817,2352,8,1
13818,2353,3,1
13819,2353,4,1
13820,2353,5,1
13821,2353,7,1
13822,2353,8,1
13823,2354,3,1
13824,2354,4,1
13825,2354,5,1
13826,2354,6,1
13827,2354,7,1
13828,2354,8,1
13829,2355,3,1
13830,2355,4,1
13831,2355,5,1
13832,2355,7,1
13833,2355,8,1
13834,2356,1,1
13835,2356,3,1
13836,2356,4,1
13837,2356,5,1
13838,2356,6,1
13839,2356,7,1
13840,2356,8,1
13841,2357,3,1
13842,2357,4,1
13843,2357,5,1
13844,2357,6,1
13845,2357,7,1
13846,2357,8,1
13847,2358,3,1
13848,2358,4,1
13849,2358,5,1
13850,2358,7,1
13851,2358,8,1
13852,2359,3,1
13853,2359,4,1
13854,2359,5,1
13855,2359,6,1
13856,2359,7,1
13857,2359,8,1
13858,2360,1,1
13859,2360,3,1
13860,2360,4,1
13861,2360,5,1
13862,2360,6,1
13863,2360,7,1
13864,2360,8,1
13865,2361,3,1
13866,2361,4,1
13867,2361,5,1
13868,2361,6,1
13869,2361,7,1
13870,2361,8,1
13871,2362,1,1
13872,2362,3,1
13873,2362,4,1
13874,2362,5,1
13875,2362,6,1
13876,2362,7,1
13877,2362,8,1
13878,2363,3,1
13879,2363,4,1
13880,2363,5,1
13881,2363,6,1
13882,2363,7,1
13883,2363,8,1
13884,2364,3,1
13885,2364,4,1
13886,2364,5,1
13887,2364,6,1
13888,2364,7,1
13889,2364,8,1
13890,2365,3,1
13891,2365,4,1
13892,2365,5,1
13893,2365,6,1
13894,2365,7,1
13895,2365,8,1
13896,2366,3,1
13897,2366,4,1
13898,2366,5,1
13899,2366,6,1
13900,2366,7,1
13901,2366,8,1
13902,2367,1,1
13903,2367,3,1
13904,2367,4,1
13905,2367,5,1
13906,2367,6,1
13907,2367,7,1
13908,2367,8,1
13909,2368,3,1
13910,2368,4,1
13911,2368,5,1
13912,2368,6,1
13913,2368,7,1
13914,2368,8,1
13915,2369,3,1
13916,2369,4,1
13917,2369,5,1
13918,2369,6,1
13919,2369,7,1
13920,2369,8,1
13921,2370,3,1
13922,2370,4,1
13923,2370,5,1
13924,2370,6,1
13925,2370,7,1
13926,2370,8,1
13927,2371,3,1
13928,2371,4,1
13929,2371,5,1
13930,2371,6,1
13931,2371,7,1
13932,2371,8,1
13933,2372,3,1
13934,2372,4,1
13935,2372,5,1
13936,2372,6,1
13937,2372,7,1
13938,2372,8,1
13939,2373,3,1
13940,2373,4,1
13941,2373,5,1
13942,2373,6,1
13943,2373,7,1
13944,2373,8,1
13945,2374,3,1
13946,2374,4,1
13947,2374,5,1
13948,2374,6,1
13949,2374,7,1
13950,2374,8,1
13951,2375,3,1
13952,2375,4,1
13953,2375,5,1
13954,2375,6,1
13955,2375,7,1
13956,2375,8,1
13957,2376,3,1
13958,2376,4,1
13959,2376,5,1
13960,2376,6,1
13961,2376,7,1
13962,2376,8,1
13963,2377,3,1
13964,2377,4,1
13965,2377,5,1
13966,2377,6,1
13967,2377,7,1
13968,2377,8,1
13969,2378,3,1
13970,2378,4,1
13971,2378,5,1
13972,2378,6,1
13973,2378,7,1
13974,2378,8,1
13975,2379,3,1
13976,2379,4,1
13977,2379,5,1
13978,2379,6,1
13979,2379,7,1
13980,2379,8,1
13981,2380,1,1
13982,2380,3,1
13983,2380,4,1
13984,2380,5,1
13985,2380,6,1
13986,2380,7,1
13987,2380,8,1
13988,2381,3,1
13989,2381,4,1
13990,2381,5,1
13991,2381,6,1
13992,2381,7,1
13993,2381,8,1
13994,2382,3,1
13995,2382,4,1
13996,2382,5,1
13997,2382,6,1
13998,2382,7,1
13999,2382,8,1
14000,2383,3,1
14001,2383,4,1
14002,2383,5,1
14003,2383,6,1
14004,2383,7,1
14005,2383,8,1
14006,2384,3,1
14007,2384,4,1
14008,2384,5,1
14009,2384,6,1
14010,2384,7,1
14011,2384,8,1
14012,2385,3,1
14013,2385,4,1
14014,2385,5,1
14015,2385,6,1
14016,2385,7,1
14017,2385,8,1
14018,2386,3,1
14019,2386,4,1
14020,2386,5,1
14021,2386,6,1
14022,2386,7,1
14023,2386,8,1
14024,2387,3,1
14025,2387,4,1
14026,2387,5,1
14027,2387,7,1
14028,2387,8,1
14029,2388,3,1
14030,2388,4,1
14031,2388,5,1
14032,2388,6,1
14033,2388,7,1
14034,2388,8,1
14035,2389,3,1
14036,2389,4,1
14037,2389,5,1
14038,2389,6,1
14039,2389,7,1
14040,2389,8,1
14041,2390,3,1
14042,2390,4,1
14043,2390,5,1
14044,2390,6,1
14045,2390,7,1
14046,2390,8,1
14047,2391,3,1
14048,2391,4,1
14049,2391,5,1
14050,2391,6,1
14051,2391,7,1
14052,2391,8,1
14053,2392,3,1
14054,2392,4,1
14055,2392,5,1
14056,2392,6,1
14057,2392,7,1
14058,2392,8,1
14059,2393,3,1
14060,2393,4,1
14061,2393,5,1
14062,2393,6,1
14063,2393,7,1
14064,2393,8,1
14065,2394,3,1
14066,2394,4,1
14067,2394,5,1
14068,2394,6,1
14069,2394,7,1
14070,2394,8,1
14071,2395,3,1
14072,2395,4,1
14073,2395,5,1
14074,2395,6,1
14075,2395,7,1
14076,2395,8,1
14077,2396,3,1
14078,2396,4,1
14079,2396,5,1
14080,2396,6,1
14081,2396,7,1
14082,2396,8,1
14083,2397,3,1
14084,2397,4,1
14085,2397,5,1
14086,2397,6,1
14087,2397,7,1
14088,2397,8,1
14089,2398,3,1
14090,2398,4,1
14091,2398,5,1
14092,2398,6,1
14093,2398,7,1
14094,2398,8,1
14095,2399,3,1
14096,2399,4,1
14097,2399,5,1
14098,2399,6,1
14099,2399,7,1
14100,2399,8,1
14101,2400,3,1
14102,2400,4,1
14103,2400,5,1
14104,2400,6,1
14105,2400,7,1
14106,2400,8,1
14107,2401,3,1
14108,2401,4,1
14109,2401,5,1
14110,2401,7,1
14111,2401,8,1
14112,2402,3,1
14113,2402,4,1
14114,2402,5,1
14115,2402,6,1
14116,2402,7,1
14117,2402,8,1
14118,2403,1,1
14119,2403,3,1
14120,2403,4,1
14121,2403,5,1
14122,2403,6,1
14123,2403,7,1
14124,2403,8,1
14125,2404,3,1
14126,2404,4,1
14127,2404,5,1
14128,2404,6,1
14129,2404,7,1
14130,2404,8,1
14131,2405,3,1
14132,2405,4,1
14133,2405,5,1
14134,2405,6,1
14135,2405,7,1
14136,2405,8,1
14137,2406,1,1
14138,2406,3,1
14139,2406,4,1
14140,2406,5,1
14141,2406,7,1
14142,2406,8,1
14143,2407,3,1
14144,2407,4,1
14145,2407,5,1
14146,2407,6,1
14147,2407,7,1
14148,2407,8,1
14149,2408,3,1
14150,2408,4,1
14151,2408,5,1
14152,2408,6,1
14153,2408,7,1
14154,2408,8,1
14155,2409,1,1
14156,2409,3,1
14157,2409,4,1
14158,2409,5,1
14159,2409,6,1
14160,2409,7,1
14161,2409,8,1
14162,2410,1,1
14163,2410,3,1
14164,2410,4,1
14165,2410,5,1
14166,2410,6,1
14167,2410,7,1
14168,2410,8,1
14169,2411,3,1
14170,2411,4,1
14171,2411,5,1
14172,2411,6,1
14173,2411,7,1
14174,2411,8,1
14175,2412,3,1
14176,2412,4,1
14177,2412,5,1
14178,2412,7,1
14179,2412,8,1
14180,2413,3,1
14181,2413,4,1
14182,2413,5,1
14183,2413,6,1
14184,2413,7,1
14185,2413,8,1
14186,2414,1,1
14187,2414,3,1
14188,2414,4,1
14189,2414,5,1
14190,2414,6,1
14191,2414,7,1
14192,2414,8,1
14193,2415,3,1
14194,2415,4,1
14195,2415,5,1
14196,2415,6,1
14197,2415,7,1
14198,2415,8,1
14199,2416,1,1
14200,2416,3,1
14201,2416,4,1
14202,2416,5,1
14203,2416,6,1
14204,2416,7,1
14205,2416,8,1
14206,2417,3,1
14207,2417,4,1
14208,2417,5,1
14209,2417,6,1
14210,2417,7,1
14211,2417,8,1
14212,2418,1,1
14213,2418,3,1
14214,2418,4,1
14215,2418,5,1
14216,2418,6,1
14217,2418,7,1
14218,2418,8,1
14219,2419,3,1
14220,2419,4,1
14221,2419,5,1
14222,2419,6,1
14223,2419,7,1
14224,2419,8,1
14225,2420,3,1
14226,2420,4,1
14227,2420,5,1
14228,2420,6,1
14229,2420,7,1
14230,2420,8,1
14231,2421,3,1
14232,2421,4,1
14233,2421,5,1
14234,2421,6,1
14235,2421,7,1
14236,2421,8,1
14237,2422,1,1
14238,2422,3,1
14239,2422,4,1
14240,2422,5,1
14241,2422,6,1
14242,2422,7,1
14243,2422,8,1
14244,2423,3,1
14245,2423,4,1
14246,2423,5,1
14247,2423,6,1
14248,2423,7,1
14249,2423,8,1
14250,2424,3,1
14251,2424,4,1
14252,2424,5,1
14253,2424,6,1
14254,2424,7,1
14255,2424,8,1
14256,2425,1,1
14257,2425,3,1
14258,2425,4,1
14259,2425,5,1
14260,2425,7,1
14261,2425,8,1
14262,2426,1,1
14263,2426,3,1
14264,2426,4,1
14265,2426,5,1
14266,2426,6,1
14267,2426,7,1
14268,2426,8,1
14269,2427,3,1
14270,2427,4,1
14271,2427,5,1
14272,2427,7,1
14273,2427,8,1
14274,2428,3,1
14275,2428,4,1
14276,2428,5,1
14277,2428,6,1
14278,2428,7,1
14279,2428,8,1
14280,2429,1,1
14281,2429,3,1
14282,2429,4,1
14283,2429,5,1
14284,2429,6,1
14285,2429,7,1
14286,2429,8,1
14287,2430,3,1
14288,2430,4,1
14289,2430,5,1
14290,2430,7,1
14291,2430,8,1
14292,2431,1,1
14293,2431,3,1
14294,2431,4,1
14295,2431,5,1
14296,2431,7,1
14297,2431,8,1
14298,2432,3,1
14299,2432,4,1
14300,2432,5,1
14301,2432,6,1
14302,2432,7,1
14303,2432,8,1
14304,2433,1,1
14305,2433,3,1
14306,2433,4,1
14307,2433,5,1
14308,2433,7,1
14309,2433,8,1
14310,2434,3,1
14311,2434,4,1
14312,2434,5,1
14313,2434,6,1
14314,2434,7,1
14315,2434,8,1
14316,2435,1,1
14317,2435,3,1
14318,2435,4,1
14319,2435,5,1
14320,2435,6,1
14321,2435,7,1
14322,2435,8,1
14323,2436,3,1
14324,2436,4,1
14325,2436,5,1
14326,2436,7,1
14327,2436,8,1
14328,2437,3,1
14329,2437,4,1
14330,2437,5,1
14331,2437,7,1
14332,2437,8,1
14333,2438,3,1
14334,2438,4,1
14335,2438,5,1
14336,2438,7,1
14337,2438,8,1
14338,2439,1,1
14339,2439,3,1
14340,2439,4,1
14341,2439,5,1
14342,2439,6,1
14343,2439,7,1
14344,2439,8,1
14345,2440,3,1
14346,2440,4,1
14347,2440,5,1
14348,2440,6,1
14349,2440,7,1
14350,2440,8,1
14351,2441,1,1
14352,2441,3,1
14353,2441,4,1
14354,2441,5,1
14355,2441,7,1
14356,2441,8,1
14357,2442,1,1
14358,2442,3,1
14359,2442,4,1
14360,2442,5,1
14361,2442,6,1
14362,2442,7,1
14363,2442,8,1
14364,2443,3,1
14365,2443,4,1
14366,2443,5,1
14367,2443,6,1
14368,2443,7,1
14369,2443,8,1
14370,2444,3,1
14371,2444,4,1
14372,2444,5,1
14373,2444,6,1
14374,2444,7,1
14375,2444,8,1
14376,2445,1,1
14377,2445,3,1
14378,2445,4,1
14379,2445,5,1
14380,2445,6,1
14381,2445,7,1
14382,2445,8,1
14383,2446,3,1
14384,2446,4,1
14385,2446,5,1
14386,2446,6,1
14387,2446,7,1
14388,2446,8,1
14389,2447,1,1
14390,2447,3,1
14391,2447,4,1
14392,2447,5,1
14393,2447,7,1
14394,2447,8,1
14395,2448,3,1
14396,2448,4,1
14397,2448,5,1
14398,2448,6,1
14399,2448,7,1
14400,2448,8,1
14401,2449,3,1
14402,2449,4,1
14403,2449,5,1
14404,2449,7,1
14405,2449,8,1
14406,2450,1,1
14407,2450,3,1
14408,2450,4,1
14409,2450,5,1
14410,2450,7,1
14411,2450,8,1
14412,2451,3,1
14413,2451,4,1
14414,2451,5,1
14415,2451,7,1
14416,2451,8,1
14417,2452,3,1
14418,2452,4,1
14419,2452,5,1
14420,2452,6,1
14421,2452,7,1
14422,2452,8,1
14423,2453,3,1
14424,2453,4,1
14425,2453,5,1
14426,2453,7,1
14427,2453,8,1
14428,2454,3,1
14429,2454,4,1
14430,2454,5,1
14431,2454,6,1
14432,2454,7,1
14433,2454,8,1
14434,2455,3,1
14435,2455,4,1
14436,2455,5,1
14437,2455,6,1
14438,2455,7,1
14439,2455,8,1
14440,2456,3,1
14441,2456,4,1
14442,2456,5,1
14443,2456,6,1
14444,2456,7,1
14445,2456,8,1
14446,2457,3,1
14447,2457,4,1
14448,2457,5,1
14449,2457,6,1
14450,2457,7,1
14451,2457,8,1
14452,2458,1,1
14453,2458,3,1
14454,2458,4,1
14455,2458,5,1
14456,2458,7,1
14457,2458,8,1
14458,2459,1,1
14459,2459,3,1
14460,2459,4,1
14461,2459,5,1
14462,2459,6,1
14463,2459,7,1
14464,2459,8,1
14465,2460,1,1
14466,2460,3,1
14467,2460,4,1
14468,2460,5,1
14469,2460,6,1
14470,2460,7,1
14471,2460,8,1
14472,2461,3,1
14473,2461,4,1
14474,2461,5,1
14475,2461,7,1
14476,2461,8,1
14477,2462,3,1
14478,2462,4,1
14479,2462,5,1
14480,2462,7,1
14481,2462,8,1
14482,2463,1,1
14483,2463,3,1
14484,2463,4,1
14485,2463,5,1
14486,2463,7,1
14487,2463,8,1
14488,2464,1,1
14489,2464,3,1
14490,2464,4,1
14491,2464,5,1
14492,2464,7,1
14493,2464,8,1
14494,2465,1,1
14495,2465,3,1
14496,2465,4,1
14497,2465,5,1
14498,2465,6,1
14499,2465,7,1
14500,2465,8,1
14501,2466,3,1
14502,2466,4,1
14503,2466,5,1
14504,2466,6,1
14505,2466,7,1
14506,2466,8,1
14507,2467,3,1
14508,2467,4,1
14509,2467,5,1
14510,2467,6,1
14511,2467,7,1
14512,2467,8,1
14513,2468,3,1
14514,2468,4,1
14515,2468,5,1
14516,2468,7,1
14517,2468,8,1
14518,2469,1,1
14519,2469,3,1
14520,2469,4,1
14521,2469,5,1
14522,2469,6,1
14523,2469,7,1
14524,2469,8,1
14525,2470,3,1
14526,2470,4,1
14527,2470,5,1
14528,2470,6,1
14529,2470,7,1
14530,2470,8,1
14531,2471,3,1
14532,2471,4,1
14533,2471,5,1
14534,2471,6,1
14535,2471,7,1
14536,2471,8,1
14537,2472,1,1
14538,2472,3,1
14539,2472,4,1
14540,2472,5,1
14541,2472,6,1
14542,2472,7,1
14543,2472,8,1
14544,2473,3,1
14545,2473,4,1
14546,2473,5,1
14547,2473,6,1
14548,2473,7,1
14549,2473,8,1
14550,2474,3,1
14551,2474,4,1
14552,2474,5,1
14553,2474,7,1
14554,2474,8,1
14555,2475,1,1
14556,2475,3,1
14557,2475,4,1
14558,2475,5,1
14559,2475,6,1
14560,2475,7,1
14561,2475,8,1
14562,2476,3,1
14563,2476,4,1
14564,2476,5,1
14565,2476,6,1
14566,2476,7,1
14567,2476,8,1
14568,2477,3,1
14569,2477,4,1
14570,2477,5,1
14571,2477,7,1
14572,2477,8,1
14573,2478,3,1
14574,2478,4,1
14575,2478,5,1
14576,2478,6,1
14577,2478,7,1
14578,2478,8,1
14579,2479,3,1
14580,2479,4,1
14581,2479,5,1
14582,2479,7,1
14583,2479,8,1
14584,2480,3,1
14585,2480,4,1
14586,2480,5,1
14587,2480,7,1
14588,2480,8,1
14589,2481,3,1
14590,2481,4,1
14591,2481,5,1
14592,2481,7,1
14593,2481,8,1
14594,2482,3,1
14595,2482,4,1
14596,2482,5,1
14597,2482,6,1
14598,2482,7,1
14599,2482,8,1
14600,2483,3,1
14601,2483,4,1
14602,2483,5,1
14603,2483,7,1
14604,2483,8,1
14605,2484,3,1
14606,2484,4,1
14607,2484,5,1
14608,2484,6,1
14609,2484,7,1
14610,2484,8,1
14611,2485,3,1
14612,2485,4,1
14613,2485,5,1
14614,2485,7,1
14615,2485,8,1
14616,2486,3,1
14617,2486,4,1
14618,2486,5,1
14619,2486,6,1
14620,2486,7,1
14621,2486,8,1
14622,2487,3,1
14623,2487,4,1
14624,2487,5,1
14625,2487,6,1
14626,2487,7,1
14627,2487,8,1
14628,2488,3,1
14629,2488,4,1
14630,2488,5,1
14631,2488,6,1
14632,2488,7,1
14633,2488,8,1
14634,2489,3,1
14635,2489,4,1
14636,2489,5,1
14637,2489,6,1
14638,2489,7,1
14639,2489,8,1
14640,2490,3,1
14641,2490,4,1
14642,2490,5,1
14643,2490,7,1
14644,2490,8,1
14645,2491,1,1
14646,2491,3,1
14647,2491,4,1
14648,2491,5,1
14649,2491,6,1
14650,2491,7,1
14651,2491,8,1
14652,2492,3,1
14653,2492,4,1
14654,2492,5,1
14655,2492,6,1
14656,2492,7,1
14657,2492,8,1
14658,2493,3,1
14659,2493,4,1
14660,2493,5,1
14661,2493,6,1
14662,2493,7,1
14663,2493,8,1
14664,2494,3,1
14665,2494,4,1
14666,2494,5,1
14667,2494,6,1
14668,2494,7,1
14669,2494,8,1
14670,2495,3,1
14671,2495,4,1
14672,2495,5,1
14673,2495,6,1
14674,2495,7,1
14675,2495,8,1
14676,2496,3,1
14677,2496,4,1
14678,2496,5,1
14679,2496,6,1
14680,2496,7,1
14681,2496,8,1
14682,2497,3,1
14683,2497,4,1
14684,2497,5,1
14685,2497,6,1
14686,2497,7,1
14687,2497,8,1
14688,2498,3,1
14689,2498,4,1
14690,2498,5,1
14691,2498,6,1
14692,2498,7,1
14693,2498,8,1
14694,2499,3,1
14695,2499,4,1
14696,2499,5,1
14697,2499,6,1
14698,2499,7,1
14699,2499,8,1
14700,2500,3,1
14701,2500,4,1
14702,2500,5,1
14703,2500,6,1
14704,2500,7,1
14705,2500,8,1
14706,2501,3,1
14707,2501,4,1
14708,2501,5,1
14709,2501,6,1
14710,2501,7,1
14711,2501,8,1
14712,2502,3,1
14713,2502,4,1
14714,2502,5,1
14715,2502,6,1
14716,2502,7,1
14717,2502,8,1
14718,2503,3,1
14719,2503,4,1
14720,2503,5,1
14721,2503,6,1
14722,2503,7,1
14723,2503,8,1
14724,2504,3,1
14725,2504,4,1
14726,2504,5,1
14727,2504,6,1
14728,2504,7,1
14729,2504,8,1
14730,2505,3,1
14731,2505,4,1
14732,2505,5,1
14733,2505,6,1
14734,2505,7,1
14735,2505,8,1
14736,2506,3,1
14737,2506,4,1
14738,2506,5,1
14739,2506,7,1
14740,2506,8,1
14741,2507,3,1
14742,2507,4,1
14743,2507,5,1
14744,2507,6,1
14745,2507,7,1
14746,2507,8,1
14747,2508,3,1
14748,2508,4,1
14749,2508,5,1
14750,2508,7,1
14751,2508,8,1
14752,2509,3,1
14753,2509,4,1
14754,2509,5,1
14755,2509,6,1
14756,2509,7,1
14757,2509,8,1
14758,2510,3,1
14759,2510,4,1
14760,2510,5,1
14761,2510,6,1
14762,2510,7,1
14763,2510,8,1
14764,2511,1,1
14765,2511,3,1
14766,2511,4,1
14767,2511,5,1
14768,2511,6,1
14769,2511,7,1
14770,2511,8,1
14771,2512,3,1
14772,2512,4,1
14773,2512,5,1
14774,2512,7,1
14775,2512,8,1
14776,2513,3,1
14777,2513,4,1
14778,2513,5,1
14779,2513,6,1
14780,2513,7,1
14781,2513,8,1
14782,2514,3,1
14783,2514,4,1
14784,2514,5,1
14785,2514,6,1
14786,2514,7,1
14787,2514,8,1
14788,2515,3,1
14789,2515,4,1
14790,2515,5,1
14791,2515,6,1
14792,2515,7,1
14793,2515,8,1
14794,2516,3,1
14795,2516,4,1
14796,2516,5,1
14797,2516,6,1
14798,2516,7,1
14799,2516,8,1
14800,2517,3,1
14801,2517,4,1
14802,2517,5,1
14803,2517,7,1
14804,2517,8,1
14805,2518,1,1
14806,2518,3,1
14807,2518,4,1
14808,2518,5,1
14809,2518,6,1
14810,2518,7,1
14811,2518,8,1
14812,2519,1,1
14813,2519,3,1
14814,2519,4,1
14815,2519,5,1
14816,2519,6,1
14817,2519,7,1
14818,2519,8,1
14819,2520,3,1
14820,2520,4,1
14821,2520,5,1
14822,2520,7,1
14823,2520,8,1
14824,2521,3,1
14825,2521,4,1
14826,2521,5,1
14827,2521,6,1
14828,2521,7,1
14829,2521,8,1
14830,2522,1,1
14831,2522,3,1
14832,2522,4,1
14833,2522,5,1
14834,2522,6,1
14835,2522,7,1
14836,2522,8,1
14837,2523,1,1
14838,2523,3,1
14839,2523,4,1
14840,2523,5,1
14841,2523,7,1
14842,2523,8,1
14843,2524,1,1
14844,2524,3,1
14845,2524,4,1
14846,2524,5,1
14847,2524,6,1
14848,2524,7,1
14849,2524,8,1
14850,2525,3,1
14851,2525,4,1
14852,2525,5,1
14853,2525,6,1
14854,2525,7,1
14855,2525,8,1
14856,2526,1,1
14857,2526,3,1
14858,2526,4,1
14859,2526,5,1
14860,2526,6,1
14861,2526,7,1
14862,2526,8,1
14863,2527,3,1
14864,2527,4,1
14865,2527,5,1
14866,2527,6,1
14867,2527,7,1
14868,2527,8,1
14869,2528,1,1
14870,2528,3,1
14871,2528,4,1
14872,2528,5,1
14873,2528,6,1
14874,2528,7,1
14875,2528,8,1
14876,2529,3,1
14877,2529,4,1
14878,2529,5,1
14879,2529,6,1
14880,2529,7,1
14881,2529,8,1
14882,2530,3,1
14883,2530,4,1
14884,2530,5,1
14885,2530,7,1
14886,2530,8,1
14887,2531,3,1
14888,2531,4,1
14889,2531,5,1
14890,2531,6,1
14891,2531,7,1
14892,2531,8,1
14893,2532,3,1
14894,2532,4,1
14895,2532,5,1
14896,2532,6,1
14897,2532,7,1
14898,2532,8,1
14899,2533,3,1
14900,2533,4,1
14901,2533,5,1
14902,2533,6,1
14903,2533,7,1
14904,2533,8,1
14905,2534,3,1
14906,2534,4,1
14907,2534,5,1
14908,2534,6,1
14909,2534,7,1
14910,2534,8,1
14911,2535,1,1
14912,2535,3,1
14913,2535,4,1
14914,2535,5,1
14915,2535,6,1
14916,2535,7,1
14917,2535,8,1
14918,2536,3,1
14919,2536,4,1
14920,2536,5,1
14921,2536,6,1
14922,2536,7,1
14923,2536,8,1
14924,2537,3,1
14925,2537,4,1
14926,2537,5,1
14927,2537,6,1
14928,2537,7,1
14929,2537,8,1
14930,2538,3,1
14931,2538,4,1
14932,2538,5,1
14933,2538,6,1
14934,2538,7,1
14935,2538,8,1
14936,2539,3,1
14937,2539,4,1
14938,2539,5,1
14939,2539,7,1
14940,2539,8,1
14941,2540,3,1
14942,2540,4,1
14943,2540,5,1
14944,2540,6,1
14945,2540,7,1
14946,2540,8,1
14947,2541,3,1
14948,2541,4,1
14949,2541,5,1
14950,2541,6,1
14951,2541,7,1
14952,2541,8,1
14953,2542,3,1
14954,2542,4,1
14955,2542,5,1
14956,2542,6,1
14957,2542,7,1
14958,2542,8,1
14959,2543,3,1
14960,2543,4,1
14961,2543,5,1
14962,2543,6,1
14963,2543,7,1
14964,2543,8,1
14965,2544,3,1
14966,2544,4,1
14967,2544,5,1
14968,2544,6,1
14969,2544,7,1
14970,2544,8,1
14971,2545,1,1
14972,2545,3,1
14973,2545,4,1
14974,2545,5,1
14975,2545,6,1
14976,2545,7,1
14977,2545,8,1
14978,2546,3,1
14979,2546,4,1
14980,2546,5,1
14981,2546,7,1
14982,2546,8,1
14983,2547,1,1
14984,2547,3,1
14985,2547,4,1
14986,2547,5,1
14987,2547,6,1
14988,2547,7,1
14989,2547,8,1
14990,2548,1,1
14991,2548,3,1
14992,2548,4,1
14993,2548,5,1
14994,2548,6,1
14995,2548,7,1
14996,2548,8,1
14997,2549,1,1
14998,2549,3,1
14999,2549,4,1
15000,2549,5,1
15001,2549,6,1
15002,2549,7,1
15003,2549,8,1
15004,2550,3,1
15005,2550,4,1
15006,2550,5,1
15007,2550,7,1
15008,2550,8,1
15009,2551,3,1
15010,2551,4,1
15011,2551,5,1
15012,2551,6,1
15013,2551,7,1
15014,2551,8,1
15015,2552,1,1
15016,2552,3,1
15017,2552,4,1
15018,2552,5,1
15019,2552,7,1
15020,2552,8,1
15021,2553,3,1
15022,2553,4,1
15023,2553,5,1
15024,2553,7,1
15025,2553,8,1
15026,2554,3,1
15027,2554,4,1
15028,2554,5,1
15029,2554,6,1
15030,2554,7,1
15031,2554,8,1
15032,2555,3,1
15033,2555,4,1
15034,2555,5,1
15035,2555,6,1
15036,2555,7,1
15037,2555,8,1
15038,2556,1,1
15039,2556,3,1
15040,2556,4,1
15041,2556,5,1
15042,2556,6,1
15043,2556,7,1
15044,2556,8,1
15045,2557,1,1
15046,2557,3,1
15047,2557,4,1
15048,2557,5,1
15049,2557,6,1
15050,2557,7,1
15051,2557,8,1
15052,2558,1,1
15053,2558,3,1
15054,2558,4,1
15055,2558,5,1
15056,2558,6,1
15057,2558,7,1
15058,2558,8,1
15059,2559,3,1
15060,2559,4,1
15061,2559,5,1
15062,2559,6,1
15063,2559,7,1
15064,2559,8,1
15065,2560,3,1
15066,2560,4,1
15067,2560,5,1
15068,2560,7,1
15069,2560,8,1
15070,2561,3,1
15071,2561,4,1
15072,2561,5,1
15073,2561,6,1
15074,2561,7,1
15075,2561,8,1
15076,2562,3,1
15077,2562,4,1
15078,2562,5,1
15079,2562,6,1
15080,2562,7,1
15081,2562,8,1
15082,2563,3,1
15083,2563,4,1
15084,2563,5,1
15085,2563,6,1
15086,2563,7,1
15087,2563,8,1
15088,2564,3,1
15089,2564,4,1
15090,2564,5,1
15091,2564,7,1
15092,2564,8,1
15093,2565,3,1
15094,2565,4,1
15095,2565,5,1
15096,2565,6,1
15097,2565,7,1
15098,2565,8,1
15099,2566,1,1
15100,2566,3,1
15101,2566,4,1
15102,2566,5,1
15103,2566,6,1
15104,2566,7,1
15105,2566,8,1
15106,2567,3,1
15107,2567,4,1
15108,2567,5,1
15109,2567,6,1
15110,2567,7,1
15111,2567,8,1
15112,2568,3,1
15113,2568,4,1
15114,2568,5,1
15115,2568,7,1
15116,2568,8,1
15117,2569,3,1
15118,2569,4,1
15119,2569,5,1
15120,2569,6,1
15121,2569,7,1
15122,2569,8,1
15123,2570,3,1
15124,2570,4,1
15125,2570,5,1
15126,2570,7,1
15127,2570,8,1
15128,2571,3,1
15129,2571,4,1
15130,2571,5,1
15131,2571,6,1
15132,2571,7,1
15133,2571,8,1
15134,2572,3,1
15135,2572,4,1
15136,2572,5,1
15137,2572,6,1
15138,2572,7,1
15139,2572,8,1
15140,2573,1,1
15141,2573,3,1
15142,2573,4,1
15143,2573,5,1
15144,2573,6,1
15145,2573,7,1
15146,2573,8,1
15147,2574,3,1
15148,2574,4,1
15149,2574,5,1
15150,2574,6,1
15151,2574,7,1
15152,2574,8,1
15153,2575,3,1
15154,2575,4,1
15155,2575,5,1
15156,2575,6,1
15157,2575,7,1
15158,2575,8,1
15159,2576,3,1
15160,2576,4,1
15161,2576,5,1
15162,2576,6,1
15163,2576,7,1
15164,2576,8,1
15165,2577,3,1
15166,2577,4,1
15167,2577,5,1
15168,2577,6,1
15169,2577,7,1
15170,2577,8,1
15171,2578,1,1
15172,2578,3,1
15173,2578,4,1
15174,2578,5,1
15175,2578,6,1
15176,2578,7,1
15177,2578,8,1
15178,2579,3,1
15179,2579,4,1
15180,2579,5,1
15181,2579,7,1
15182,2579,8,1
15183,2580,3,1
15184,2580,4,1
15185,2580,5,1
15186,2580,7,1
15187,2580,8,1
15188,2581,3,1
15189,2581,4,1
15190,2581,5,1
15191,2581,6,1
15192,2581,7,1
15193,2581,8,1
15194,2582,3,1
15195,2582,4,1
15196,2582,5,1
15197,2582,6,1
15198,2582,7,1
15199,2582,8,1
15200,2583,3,1
15201,2583,4,1
15202,2583,5,1
15203,2583,6,1
15204,2583,7,1
15205,2583,8,1
15206,2584,3,1
15207,2584,4,1
15208,2584,5,1
15209,2584,6,1
15210,2584,7,1
15211,2584,8,1
15212,2585,3,1
15213,2585,4,1
15214,2585,5,1
15215,2585,6,1
15216,2585,7,1
15217,2585,8,1
15218,2586,3,1
15219,2586,4,1
15220,2586,5,1
15221,2586,6,1
15222,2586,7,1
15223,2586,8,1
15224,2587,1,1
15225,2587,3,1
15226,2587,4,1
15227,2587,5,1
15228,2587,7,1
15229,2587,8,1
15230,2588,1,1
15231,2588,3,1
15232,2588,4,1
15233,2588,5,1
15234,2588,6,1
15235,2588,7,1
15236,2588,8,1
15237,2589,1,1
15238,2589,3,1
15239,2589,4,1
15240,2589,5,1
15241,2589,6,1
15242,2589,7,1
15243,2589,8,1
15244,2590,3,1
15245,2590,4,1
15246,2590,5,1
15247,2590,6,1
15248,2590,7,1
15249,2590,8,1
15250,2591,3,1
15251,2591,4,1
15252,2591,5,1
15253,2591,6,1
15254,2591,7,1
15255,2591,8,1
15256,2592,3,1
15257,2592,4,1
15258,2592,5,1
15259,2592,6,1
15260,2592,7,1
15261,2592,8,1
15262,2593,3,1
15263,2593,4,1
15264,2593,5,1
15265,2593,7,1
15266,2593,8,1
15267,2594,1,1
15268,2594,3,1
15269,2594,4,1
15270,2594,5,1
15271,2594,6,1
15272,2594,7,1
15273,2594,8,1
15274,2595,3,1
15275,2595,4,1
15276,2595,5,1
15277,2595,6,1
15278,2595,7,1
15279,2595,8,1
15280,2596,3,1
15281,2596,4,1
15282,2596,5,1
15283,2596,6,1
15284,2596,7,1
15285,2596,8,1
15286,2597,3,1
15287,2597,4,1
15288,2597,5,1
15289,2597,7,1
15290,2597,8,1
15291,2598,3,1
15292,2598,4,1
15293,2598,5,1
15294,2598,6,1
15295,2598,7,1
15296,2598,8,1
15297,2599,3,1
15298,2599,4,1
15299,2599,5,1
15300,2599,6,1
15301,2599,7,1
15302,2599,8,1
15303,2600,3,1
15304,2600,4,1
15305,2600,5,1
15306,2600,7,1
15307,2600,8,1
15308,2601,3,1
15309,2601,4,1
15310,2601,5,1
15311,2601,7,1
15312,2601,8,1
15313,2602,1,1
15314,2602,3,1
15315,2602,4,1
15316,2602,5,1
15317,2602,6,1
15318,2602,7,1
15319,2602,8,1
15320,2603,3,1
15321,2603,4,1
15322,2603,5,1
15323,2603,6,1
15324,2603,7,1
15325,2603,8,1
15326,2604,3,1
15327,2604,4,1
15328,2604,5,1
15329,2604,6,1
15330,2604,7,1
15331,2604,8,1
15332,2605,3,1
15333,2605,4,1
15334,2605,5,1
15335,2605,6,1
15336,2605,7,1
15337,2605,8,1
15338,2606,1,1
15339,2606,3,1
15340,2606,4,1
15341,2606,5,1
15342,2606,6,1
15343,2606,7,1
15344,2606,8,1
15345,2607,3,1
15346,2607,4,1
15347,2607,5,1
15348,2607,6,1
15349,2607,7,1
15350,2607,8,1
15351,2608,1,1
15352,2608,3,1
15353,2608,4,1
15354,2608,5,1
15355,2608,6,1
15356,2608,7,1
15357,2608,8,1
15358,2609,3,1
15359,2609,4,1
15360,2609,5,1
15361,2609,6,1
15362,2609,7,1
15363,2609,8,1
15364,2610,3,1
15365,2610,4,1
15366,2610,5,1
15367,2610,6,1
15368,2610,7,1
15369,2610,8,1
15370,2611,3,1
15371,2611,4,1
15372,2611,5,1
15373,2611,6,1
15374,2611,7,1
15375,2611,8,1
15376,2612,3,1
15377,2612,4,1
15378,2612,5,1
15379,2612,6,1
15380,2612,7,1
15381,2612,8,1
15382,2613,3,1
15383,2613,4,1
15384,2613,5,1
15385,2613,6,1
15386,2613,7,1
15387,2613,8,1
15388,2614,3,1
15389,2614,4,1
15390,2614,5,1
15391,2614,6,1
15392,2614,7,1
15393,2614,8,1
15394,2615,3,1
15395,2615,4,1
15396,2615,5,1
15397,2615,6,1
15398,2615,7,1
15399,2615,8,1
15400,2616,3,1
15401,2616,4,1
15402,2616,5,1
15403,2616,6,1
15404,2616,7,1
15405,2616,8,1
15406,2617,1,1
15407,2617,3,1
15408,2617,4,1
15409,2617,5,1
15410,2617,6,1
15411,2617,7,1
15412,2617,8,1
15413,2618,3,1
15414,2618,4,1
15415,2618,5,1
15416,2618,6,1
15417,2618,7,1
15418,2618,8,1
15419,2619,1,1
15420,2619,3,1
15421,2619,4,1
15422,2619,5,1
15423,2619,6,1
15424,2619,7,1
15425,2619,8,1
15426,2620,3,1
15427,2620,4,1
15428,2620,5,1
15429,2620,6,1
15430,2620,7,1
15431,2620,8,1
15432,2621,3,1
15433,2621,4,1
15434,2621,5,1
15435,2621,6,1
15436,2621,7,1
15437,2621,8,1
15438,2622,3,1
15439,2622,4,1
15440,2622,5,1
15441,2622,6,1
15442,2622,7,1
15443,2622,8,1
15444,2623,1,1
15445,2623,3,1
15446,2623,4,1
15447,2623,5,1
15448,2623,6,1
15449,2623,7,1
15450,2623,8,1
15451,2624,3,1
15452,2624,4,1
15453,2624,5,1
15454,2624,6,1
15455,2624,7,1
15456,2624,8,1
15457,2625,3,1
15458,2625,4,1
15459,2625,5,1
15460,2625,6,1
15461,2625,7,1
15462,2625,8,1
15463,2626,3,1
15464,2626,4,1
15465,2626,5,1
15466,2626,6,1
15467,2626,7,1
15468,2626,8,1
15469,2627,1,1
15470,2627,3,1
15471,2627,4,1
15472,2627,5,1
15473,2627,6,1
15474,2627,7,1
15475,2627,8,1
15476,2628,3,1
15477,2628,4,1
15478,2628,5,1
15479,2628,6,1
15480,2628,7,1
15481,2628,8,1
15482,2629,1,1
15483,2629,3,1
15484,2629,4,1
15485,2629,5,1
15486,2629,6,1
15487,2629,7,1
15488,2629,8,1
15489,2630,1,1
15490,2630,3,1
15491,2630,4,1
15492,2630,5,1
15493,2630,6,1
15494,2630,7,1
15495,2630,8,1
15496,2631,1,1
15497,2631,3,1
15498,2631,4,1
15499,2631,5,1
15500,2631,7,1
15501,2631,8,1
15502,2632,1,1
15503,2632,3,1
15504,2632,4,1
15505,2632,5,1
15506,2632,6,1
15507,2632,7,1
15508,2632,8,1
15509,2633,1,1
15510,2633,3,1
15511,2633,4,1
15512,2633,5,1
15513,2633,6,1
15514,2633,7,1
15515,2633,8,1
15516,2634,1,1
15517,2634,3,1
15518,2634,4,1
15519,2634,5,1
15520,2634,7,1
15521,2634,8,1
15522,2635,3,1
15523,2635,4,1
15524,2635,5,1
15525,2635,6,1
15526,2635,7,1
15527,2635,8,1
15528,2636,3,1
15529,2636,4,1
15530,2636,5,1
15531,2636,7,1
15532,2636,8,1
15533,2637,3,1
15534,2637,4,1
15535,2637,5,1
15536,2637,7,1
15537,2637,8,1
15538,2638,3,1
15539,2638,4,1
15540,2638,5,1
15541,2638,6,1
15542,2638,7,1
15543,2638,8,1
15544,2639,3,1
15545,2639,4,1
15546,2639,5,1
15547,2639,7,1
15548,2639,8,1
15549,2640,1,1
15550,2640,3,1
15551,2640,4,1
15552,2640,5,1
15553,2640,6,1
15554,2640,7,1
15555,2640,8,1
15556,2641,3,1
15557,2641,4,1
15558,2641,5,1
15559,2641,6,1
15560,2641,7,1
15561,2641,8,1
15562,2642,3,1
15563,2642,4,1
15564,2642,5,1
15565,2642,7,1
15566,2642,8,1
15567,2643,3,1
15568,2643,4,1
15569,2643,5,1
15570,2643,6,1
15571,2643,7,1
15572,2643,8,1
15573,2644,1,1
15574,2644,3,1
15575,2644,4,1
15576,2644,5,1
15577,2644,6,1
15578,2644,7,1
15579,2644,8,1
15580,2645,1,1
15581,2645,3,1
15582,2645,4,1
15583,2645,5,1
15584,2645,6,1
15585,2645,7,1
15586,2645,8,1
15587,2646,3,1
15588,2646,4,1
15589,2646,5,1
15590,2646,6,1
15591,2646,7,1
15592,2646,8,1
15593,2647,3,1
15594,2647,4,1
15595,2647,5,1
15596,2647,6,1
15597,2647,7,1
15598,2647,8,1
15599,2648,3,1
15600,2648,4,1
15601,2648,5,1
15602,2648,6,1
15603,2648,7,1
15604,2648,8,1
15605,2649,3,1
15606,2649,4,1
15607,2649,5,1
15608,2649,6,1
15609,2649,7,1
15610,2649,8,1
15611,2650,1,1
15612,2650,3,1
15613,2650,4,1
15614,2650,5,1
15615,2650,7,1
15616,2650,8,1
15617,2651,3,1
15618,2651,4,1
15619,2651,5,1
15620,2651,6,1
15621,2651,7,1
15622,2651,8,1
15623,2652,3,1
15624,2652,4,1
15625,2652,5,1
15626,2652,6,1
15627,2652,7,1
15628,2652,8,1
15629,2653,3,1
15630,2653,4,1
15631,2653,5,1
15632,2653,6,1
15633,2653,7,1
15634,2653,8,1
15635,2654,3,1
15636,2654,4,1
15637,2654,5,1
15638,2654,6,1
15639,2654,7,1
15640,2654,8,1
15641,2655,3,1
15642,2655,4,1
15643,2655,5,1
15644,2655,7,1
15645,2655,8,1
15646,2656,3,1
15647,2656,4,1
15648,2656,5,1
15649,2656,7,1
15650,2656,8,1
15651,2657,1,1
15652,2657,3,1
15653,2657,4,1
15654,2657,5,1
15655,2657,6,1
15656,2657,7,1
15657,2657,8,1
15658,2658,1,1
15659,2658,3,1
15660,2658,4,1
15661,2658,5,1
15662,2658,6,1
15663,2658,7,1
15664,2658,8,1
15665,2659,1,1
15666,2659,3,1
15667,2659,4,1
15668,2659,5,1
15669,2659,6,1
15670,2659,7,1
15671,2659,8,1
15672,2660,3,1
15673,2660,4,1
15674,2660,5,1
15675,2660,6,1
15676,2660,7,1
15677,2660,8,1
15678,2661,3,1
15679,2661,4,1
15680,2661,5,1
15681,2661,6,1
15682,2661,7,1
15683,2661,8,1
15684,2662,1,1
15685,2662,3,1
15686,2662,4,1
15687,2662,5,1
15688,2662,6,1
15689,2662,7,1
15690,2662,8,1
15691,2663,3,1
15692,2663,4,1
15693,2663,5,1
15694,2663,6,1
15695,2663,7,1
15696,2663,8,1
15697,2664,3,1
15698,2664,4,1
15699,2664,5,1
15700,2664,6,1
15701,2664,7,1
15702,2664,8,1
15703,2665,1,1
15704,2665,3,1
15705,2665,4,1
15706,2665,5,1
15707,2665,6,1
15708,2665,7,1
15709,2665,8,1
15710,2666,3,1
15711,2666,4,1
15712,2666,5,1
15713,2666,6,1
15714,2666,7,1
15715,2666,8,1
15716,2667,3,1
15717,2667,4,1
15718,2667,5,1
15719,2667,6,1
15720,2667,7,1
15721,2667,8,1
15722,2668,3,1
15723,2668,4,1
15724,2668,5,1
15725,2668,6,1
15726,2668,7,1
15727,2668,8,1
15728,2669,3,1
15729,2669,4,1
15730,2669,5,1
15731,2669,6,1
15732,2669,7,1
15733,2669,8,1
15734,2670,3,1
15735,2670,4,1
15736,2670,5,1
15737,2670,6,1
15738,2670,7,1
15739,2670,8,1
15740,2671,3,1
15741,2671,4,1
15742,2671,5,1
15743,2671,6,1
15744,2671,7,1
15745,2671,8,1
15746,2672,1,1
15747,2672,3,1
15748,2672,4,1
15749,2672,5,1
15750,2672,6,1
15751,2672,7,1
15752,2672,8,1
15753,2673,3,1
15754,2673,4,1
15755,2673,5,1
15756,2673,6,1
15757,2673,7,1
15758,2673,8,1
15759,2674,3,1
15760,2674,4,1
15761,2674,5,1
15762,2674,6,1
15763,2674,7,1
15764,2674,8,1
15765,2675,3,1
15766,2675,4,1
15767,2675,5,1
15768,2675,7,1
15769,2675,8,1
15770,2676,1,1
15771,2676,3,1
15772,2676,4,1
15773,2676,5,1
15774,2676,6,1
15775,2676,7,1
15776,2676,8,1
15777,2677,1,1
15778,2677,3,1
15779,2677,4,1
15780,2677,5,1
15781,2677,6,1
15782,2677,7,1
15783,2677,8,1
15784,2678,3,1
15785,2678,4,1
15786,2678,5,1
15787,2678,7,1
15788,2678,8,1
15789,2679,3,1
15790,2679,4,1
15791,2679,5,1
15792,2679,6,1
15793,2679,7,1
15794,2679,8,1
15795,2680,3,1
15796,2680,4,1
15797,2680,5,1
15798,2680,7,1
15799,2680,8,1
15800,2681,3,1
15801,2681,4,1
15802,2681,5,1
15803,2681,7,1
15804,2681,8,1
15805,2682,3,1
15806,2682,4,1
15807,2682,5,1
15808,2682,6,1
15809,2682,7,1
15810,2682,8,1
15811,2683,1,1
15812,2683,3,1
15813,2683,4,1
15814,2683,5,1
15815,2683,7,1
15816,2683,8,1
15817,2684,1,1
15818,2684,3,1
15819,2684,4,1
15820,2684,5,1
15821,2684,6,1
15822,2684,7,1
15823,2684,8,1
15824,2685,3,1
15825,2685,4,1
15826,2685,5,1
15827,2685,6,1
15828,2685,7,1
15829,2685,8,1
15830,2686,3,1
15831,2686,4,1
15832,2686,5,1
15833,2686,6,1
15834,2686,7,1
15835,2686,8,1
15836,2687,3,1
15837,2687,4,1
15838,2687,5,1
15839,2687,6,1
15840,2687,7,1
15841,2687,8,1
15842,2688,1,1
15843,2688,3,1
15844,2688,4,1
15845,2688,5,1
15846,2688,7,1
15847,2688,8,1
15848,2689,3,1
15849,2689,4,1
15850,2689,5,1
15851,2689,6,1
15852,2689,7,1
15853,2689,8,1
15854,2690,3,1
15855,2690,4,1
15856,2690,5,1
15857,2690,6,1
15858,2690,7,1
15859,2690,8,1
15860,2691,3,1
15861,2691,4,1
15862,2691,5,1
15863,2691,6,1
15864,2691,7,1
15865,2691,8,1
15866,2692,3,1
15867,2692,4,1
15868,2692,5,1
15869,2692,6,1
15870,2692,7,1
15871,2692,8,1
15872,2693,1,1
15873,2693,3,1
15874,2693,4,1
15875,2693,5,1
15876,2693,6,1
15877,2693,7,1
15878,2693,8,1
15879,2694,3,1
15880,2694,4,1
15881,2694,5,1
15882,2694,6,1
15883,2694,7,1
15884,2694,8,1
15885,2695,3,1
15886,2695,4,1
15887,2695,5,1
15888,2695,6,1
15889,2695,7,1
15890,2695,8,1
15891,2696,3,1
15892,2696,4,1
15893,2696,5,1
15894,2696,6,1
15895,2696,7,1
15896,2696,8,1
15897,2697,3,1
15898,2697,4,1
15899,2697,5,1
15900,2697,6,1
15901,2697,7,1
15902,2697,8,1
15903,2698,3,1
15904,2698,4,1
15905,2698,5,1
15906,2698,6,1
15907,2698,7,1
15908,2698,8,1
15909,2699,3,1
15910,2699,4,1
15911,2699,5,1
15912,2699,6,1
15913,2699,7,1
15914,2699,8,1
15915,2700,3,1
15916,2700,4,1
15917,2700,5,1
15918,2700,6,1
15919,2700,7,1
15920,2700,8,1
15921,2701,1,1
15922,2701,3,1
15923,2701,4,1
15924,2701,5,1
15925,2701,6,1
15926,2701,7,1
15927,2701,8,1
15928,2702,3,1
15929,2702,4,1
15930,2702,5,1
15931,2702,7,1
15932,2702,8,1
15933,2703,3,1
15934,2703,4,1
15935,2703,5,1
15936,2703,6,1
15937,2703,7,1
15938,2703,8,1
15939,2704,3,1
15940,2704,4,1
15941,2704,5,1
15942,2704,6,1
15943,2704,7,1
15944,2704,8,1
15945,2705,3,1
15946,2705,4,1
15947,2705,5,1
15948,2705,6,1
15949,2705,7,1
15950,2705,8,1
15951,2706,1,1
15952,2706,3,1
15953,2706,4,1
15954,2706,5,1
15955,2706,6,1
15956,2706,7,1
15957,2706,8,1
15958,2707,3,1
15959,2707,4,1
15960,2707,5,1
15961,2707,6,1
15962,2707,7,1
15963,2707,8,1
15964,2708,3,1
15965,2708,4,1
15966,2708,5,1
15967,2708,7,1
15968,2708,8,1
15969,2709,3,1
15970,2709,4,1
15971,2709,5,1
15972,2709,7,1
15973,2709,8,1
15974,2710,3,1
15975,2710,4,1
15976,2710,5,1
15977,2710,7,1
15978,2710,8,1
15979,2711,3,1
15980,2711,4,1
15981,2711,5,1
15982,2711,6,1
15983,2711,7,1
15984,2711,8,1
15985,2712,3,1
15986,2712,4,1
15987,2712,5,1
15988,2712,7,1
15989,2712,8,1
15990,2713,1,1
15991,2713,3,1
15992,2713,4,1
15993,2713,5,1
15994,2713,6,1
15995,2713,7,1
15996,2713,8,1
15997,2714,3,1
15998,2714,4,1
15999,2714,5,1
16000,2714,6,1
16001,2714,7,1
16002,2714,8,1
16003,2715,3,1
16004,2715,4,1
16005,2715,5,1
16006,2715,6,1
16007,2715,7,1
16008,2715,8,1
16009,2716,1,1
16010,2716,3,1
16011,2716,4,1
16012,2716,5,1
16013,2716,6,1
16014,2716,7,1
16015,2716,8,1
16016,2717,3,1
16017,2717,4,1
16018,2717,5,1
16019,2717,6,1
16020,2717,7,1
16021,2717,8,1
16022,2718,3,1
16023,2718,4,1
16024,2718,5,1
16025,2718,6,1
16026,2718,7,1
16027,2718,8,1
16028,2719,3,1
16029,2719,4,1
16030,2719,5,1
16031,2719,7,1
16032,2719,8,1
16033,2720,3,1
16034,2720,4,1
16035,2720,5,1
16036,2720,6,1
16037,2720,7,1
16038,2720,8,1
16039,2721,3,1
16040,2721,4,1
16041,2721,5,1
16042,2721,6,1
16043,2721,7,1
16044,2721,8,1
16045,2722,3,1
16046,2722,4,1
16047,2722,5,1
16048,2722,6,1
16049,2722,7,1
16050,2722,8,1
16051,2723,3,1
16052,2723,4,1
16053,2723,5,1
16054,2723,6,1
16055,2723,7,1
16056,2723,8,1
16057,2724,1,1
16058,2724,3,1
16059,2724,4,1
16060,2724,5,1
16061,2724,7,1
16062,2724,8,1
16063,2725,3,1
16064,2725,4,1
16065,2725,5,1
16066,2725,6,1
16067,2725,7,1
16068,2725,8,1
16069,2726,3,1
16070,2726,4,1
16071,2726,5,1
16072,2726,6,1
16073,2726,7,1
16074,2726,8,1
16075,2727,3,1
16076,2727,4,1
16077,2727,5,1
16078,2727,6,1
16079,2727,7,1
16080,2727,8,1
16081,2728,3,1
16082,2728,4,1
16083,2728,5,1
16084,2728,6,1
16085,2728,7,1
16086,2728,8,1
16087,2729,3,1
16088,2729,4,1
16089,2729,5,1
16090,2729,6,1
16091,2729,7,1
16092,2729,8,1
16093,2730,3,1
16094,2730,4,1
16095,2730,5,1
16096,2730,6,1
16097,2730,7,1
16098,2730,8,1
16099,2731,3,1
16100,2731,4,1
16101,2731,5,1
16102,2731,6,1
16103,2731,7,1
16104,2731,8,1
16105,2732,1,1
16106,2732,3,1
16107,2732,4,1
16108,2732,5,1
16109,2732,6,1
16110,2732,7,1
16111,2732,8,1
16112,2733,3,1
16113,2733,4,1
16114,2733,5,1
16115,2733,7,1
16116,2733,8,1
16117,2734,1,1
16118,2734,3,1
16119,2734,4,1
16120,2734,5,1
16121,2734,7,1
16122,2734,8,1
16123,2735,3,1
16124,2735,4,1
16125,2735,5,1
16126,2735,6,1
16127,2735,7,1
16128,2735,8,1
16129,2736,1,1
16130,2736,3,1
16131,2736,4,1
16132,2736,5,1
16133,2736,6,1
16134,2736,7,1
16135,2736,8,1
16136,2737,3,1
16137,2737,4,1
16138,2737,5,1
16139,2737,6,1
16140,2737,7,1
16141,2737,8,1
16142,2738,3,1
16143,2738,4,1
16144,2738,5,1
16145,2738,6,1
16146,2738,7,1
16147,2738,8,1
16148,2739,3,1
16149,2739,4,1
16150,2739,5,1
16151,2739,6,1
16152,2739,7,1
16153,2739,8,1
16154,2740,3,1
16155,2740,4,1
16156,2740,5,1
16157,2740,6,1
16158,2740,7,1
16159,2740,8,1
16160,2741,3,1
16161,2741,4,1
16162,2741,5,1
16163,2741,6,1
16164,2741,7,1
16165,2741,8,1
16166,2742,1,1
16167,2742,3,1
16168,2742,4,1
16169,2742,5,1
16170,2742,6,1
16171,2742,7,1
16172,2742,8,1
16173,2743,3,1
16174,2743,4,1
16175,2743,5,1
16176,2743,6,1
16177,2743,7,1
16178,2743,8,1
16179,2744,1,1
16180,2744,3,1
16181,2744,4,1
16182,2744,5,1
16183,2744,6,1
16184,2744,7,1
16185,2744,8,1
16186,2745,1,1
16187,2745,3,1
16188,2745,4,1
16189,2745,5,1
16190,2745,6,1
16191,2745,7,1
16192,2745,8,1
16193,2746,3,1
16194,2746,4,1
16195,2746,5,1
16196,2746,7,1
16197,2746,8,1
16198,2747,3,1
16199,2747,4,1
16200,2747,5,1
16201,2747,6,1
16202,2747,7,1
16203,2747,8,1
16204,2748,3,1
16205,2748,4,1
16206,2748,5,1
16207,2748,6,1
16208,2748,7,1
16209,2748,8,1
16210,2749,3,1
16211,2749,4,1
16212,2749,5,1
16213,2749,6,1
16214,2749,7,1
16215,2749,8,1
16216,2750,3,1
16217,2750,4,1
16218,2750,5,1
16219,2750,7,1
16220,2750,8,1
16221,2751,3,1
16222,2751,4,1
16223,2751,5,1
16224,2751,6,1
16225,2751,7,1
16226,2751,8,1
16227,2752,3,1
16228,2752,4,1
16229,2752,5,1
16230,2752,6,1
16231,2752,7,1
16232,2752,8,1
16233,2753,3,1
16234,2753,4,1
16235,2753,5,1
16236,2753,6,1
16237,2753,7,1
16238,2753,8,1
16239,2754,3,1
16240,2754,4,1
16241,2754,5,1
16242,2754,7,1
16243,2754,8,1
16244,2755,1,1
16245,2755,3,1
16246,2755,4,1
16247,2755,5,1
16248,2755,6,1
16249,2755,7,1
16250,2755,8,1
16251,2756,3,1
16252,2756,4,1
16253,2756,5,1
16254,2756,6,1
16255,2756,7,1
16256,2756,8,1
16257,2757,3,1
16258,2757,4,1
16259,2757,5,1
16260,2757,6,1
16261,2757,7,1
16262,2757,8,1
16263,2758,3,1
16264,2758,4,1
16265,2758,5,1
16266,2758,6,1
16267,2758,7,1
16268,2758,8,1
16269,2759,1,1
16270,2759,3,1
16271,2759,4,1
16272,2759,5,1
16273,2759,7,1
16274,2759,8,1
16275,2760,3,1
16276,2760,4,1
16277,2760,5,1
16278,2760,7,1
16279,2760,8,1
16280,2761,3,1
16281,2761,4,1
16282,2761,5,1
16283,2761,6,1
16284,2761,7,1
16285,2761,8,1
16286,2762,3,1
16287,2762,4,1
16288,2762,5,1
16289,2762,6,1
16290,2762,7,1
16291,2762,8,1
16292,2763,3,1
16293,2763,4,1
16294,2763,5,1
16295,2763,6,1
16296,2763,7,1
16297,2763,8,1
16298,2764,3,1
16299,2764,4,1
16300,2764,5,1
16301,2764,6,1
16302,2764,7,1
16303,2764,8,1
16304,2765,3,1
16305,2765,4,1
16306,2765,5,1
16307,2765,7,1
16308,2765,8,1
16309,2766,3,1
16310,2766,4,1
16311,2766,5,1
16312,2766,6,1
16313,2766,7,1
16314,2766,8,1
16315,2767,3,1
16316,2767,4,1
16317,2767,5,1
16318,2767,6,1
16319,2767,7,1
16320,2767,8,1
16321,2768,3,1
16322,2768,4,1
16323,2768,5,1
16324,2768,6,1
16325,2768,7,1
16326,2768,8,1
16327,2769,3,1
16328,2769,4,1
16329,2769,5,1
16330,2769,7,1
16331,2769,8,1
16332,2770,3,1
16333,2770,4,1
16334,2770,5,1
16335,2770,6,1
16336,2770,7,1
16337,2770,8,1
16338,2771,3,1
16339,2771,4,1
16340,2771,5,1
16341,2771,6,1
16342,2771,7,1
16343,2771,8,1
16344,2772,3,1
16345,2772,4,1
16346,2772,5,1
16347,2772,6,1
16348,2772,7,1
16349,2772,8,1
16350,2773,1,1
16351,2773,3,1
16352,2773,4,1
16353,2773,5,1
16354,2773,6,1
16355,2773,7,1
16356,2773,8,1
16357,2774,1,1
16358,2774,3,1
16359,2774,4,1
16360,2774,5,1
16361,2774,7,1
16362,2774,8,1
16363,2775,3,1
16364,2775,4,1
16365,2775,5,1
16366,2775,6,1
16367,2775,7,1
16368,2775,8,1
16369,2776,1,1
16370,2776,3,1
16371,2776,4,1
16372,2776,5,1
16373,2776,6,1
16374,2776,7,1
16375,2776,8,1
16376,2777,3,1
16377,2777,4,1
16378,2777,5,1
16379,2777,6,1
16380,2777,7,1
16381,2777,8,1
16382,2778,3,1
16383,2778,4,1
16384,2778,5,1
16385,2778,6,1
16386,2778,7,1
16387,2778,8,1
16388,2779,1,1
16389,2779,3,1
16390,2779,4,1
16391,2779,5,1
16392,2779,7,1
16393,2779,8,1
16394,2780,1,1
16395,2780,3,1
16396,2780,4,1
16397,2780,5,1
16398,2780,6,1
16399,2780,7,1
16400,2780,8,1
16401,2781,3,1
16402,2781,4,1
16403,2781,5,1
16404,2781,6,1
16405,2781,7,1
16406,2781,8,1
16407,2782,3,1
16408,2782,4,1
16409,2782,5,1
16410,2782,7,1
16411,2782,8,1
16412,2783,1,1
16413,2783,3,1
16414,2783,4,1
16415,2783,5,1
16416,2783,6,1
16417,2783,7,1
16418,2783,8,1
16419,2784,3,1
16420,2784,4,1
16421,2784,5,1
16422,2784,6,1
16423,2784,7,1
16424,2784,8,1
16425,2785,3,1
16426,2785,4,1
16427,2785,5,1
16428,2785,6,1
16429,2785,7,1
16430,2785,8,1
16431,2786,3,1
16432,2786,4,1
16433,2786,5,1
16434,2786,6,1
16435,2786,7,1
16436,2786,8,1
16437,2787,3,1
16438,2787,4,1
16439,2787,5,1
16440,2787,6,1
16441,2787,7,1
16442,2787,8,1
16443,2788,3,1
16444,2788,4,1
16445,2788,5,1
16446,2788,7,1
16447,2788,8,1
16448,2789,1,1
16449,2789,3,1
16450,2789,4,1
16451,2789,5,1
16452,2789,6,1
16453,2789,7,1
16454,2789,8,1
16455,2790,3,1
16456,2790,4,1
16457,2790,5,1
16458,2790,6,1
16459,2790,7,1
16460,2790,8,1
16461,2791,3,1
16462,2791,4,1
16463,2791,5,1
16464,2791,6,1
16465,2791,7,1
16466,2791,8,1
16467,2792,1,1
16468,2792,3,1
16469,2792,4,1
16470,2792,5,1
16471,2792,7,1
16472,2792,8,1
16473,2793,3,1
16474,2793,4,1
16475,2793,5,1
16476,2793,6,1
16477,2793,7,1
16478,2793,8,1
16479,2794,3,1
16480,2794,4,1
16481,2794,5,1
16482,2794,6,1
16483,2794,7,1
16484,2794,8,1
16485,2795,3,1
16486,2795,4,1
16487,2795,5,1
16488,2795,6,1
16489,2795,7,1
16490,2795,8,1
16491,2796,3,1
16492,2796,4,1
16493,2796,5,1
16494,2796,7,1
16495,2796,8,1
16496,2797,3,1
16497,2797,4,1
16498,2797,5,1
16499,2797,6,1
16500,2797,7,1
16501,2797,8,1
16502,2798,3,1
16503,2798,4,1
16504,2798,5,1
16505,2798,6,1
16506,2798,7,1
16507,2798,8,1
16508,2799,1,1
16509,2799,3,1
16510,2799,4,1
16511,2799,5,1
16512,2799,6,1
16513,2799,7,1
16514,2799,8,1
16515,2800,1,1
16516,2800,3,1
16517,2800,4,1
16518,2800,5,1
16519,2800,6,1
16520,2800,7,1
16521,2800,8,1
16522,2801,3,1
16523,2801,4,1
16524,2801,5,1
16525,2801,7,1
16526,2801,8,1
16527,2802,3,1
16528,2802,4,1
16529,2802,5,1
16530,2802,6,1
16531,2802,7,1
16532,2802,8,1
16533,2803,1,1
16534,2803,3,1
16535,2803,4,1
16536,2803,5,1
16537,2803,6,1
16538,2803,7,1
16539,2803,8,1
16540,2804,3,1
16541,2804,4,1
16542,2804,5,1
16543,2804,7,1
16544,2804,8,1
16545,2805,3,1
16546,2805,4,1
16547,2805,5,1
16548,2805,6,1
16549,2805,7,1
16550,2805,8,1
16551,2806,3,1
16552,2806,4,1
16553,2806,5,1
16554,2806,6,1
16555,2806,7,1
16556,2806,8,1
16557,2807,1,1
16558,2807,3,1
16559,2807,4,1
16560,2807,5,1
16561,2807,7,1
16562,2807,8,1
16563,2808,3,1
16564,2808,4,1
16565,2808,5,1
16566,2808,6,1
16567,2808,7,1
16568,2808,8,1
16569,2809,3,1
16570,2809,4,1
16571,2809,5,1
16572,2809,7,1
16573,2809,8,1
16574,2810,3,1
16575,2810,4,1
16576,2810,5,1
16577,2810,6,1
16578,2810,7,1
16579,2810,8,1
16580,2811,3,1
16581,2811,4,1
16582,2811,5,1
16583,2811,6,1
16584,2811,7,1
16585,2811,8,1
16586,2812,3,1
16587,2812,4,1
16588,2812,5,1
16589,2812,6,1
16590,2812,7,1
16591,2812,8,1
16592,2813,3,1
16593,2813,4,1
16594,2813,5,1
16595,2813,6,1
16596,2813,7,1
16597,2813,8,1
16598,2814,3,1
16599,2814,4,1
16600,2814,5,1
16601,2814,6,1
16602,2814,7,1
16603,2814,8,1
16604,2815,3,1
16605,2815,4,1
16606,2815,5,1
16607,2815,6,1
16608,2815,7,1
16609,2815,8,1
16610,2816,3,1
16611,2816,4,1
16612,2816,5,1
16613,2816,6,1
16614,2816,7,1
16615,2816,8,1
16616,2817,3,1
16617,2817,4,1
16618,2817,5,1
16619,2817,6,1
16620,2817,7,1
16621,2817,8,1
16622,2818,3,1
16623,2818,4,1
16624,2818,5,1
16625,2818,6,1
16626,2818,7,1
16627,2818,8,1
16628,2819,3,1
16629,2819,4,1
16630,2819,5,1
16631,2819,6,1
16632,2819,7,1
16633,2819,8,1
16634,2820,3,1
16635,2820,4,1
16636,2820,5,1
16637,2820,6,1
16638,2820,7,1
16639,2820,8,1
16640,2821,3,1
16641,2821,4,1
16642,2821,5,1
16643,2821,6,1
16644,2821,7,1
16645,2821,8,1
16646,2822,3,1
16647,2822,4,1
16648,2822,5,1
16649,2822,7,1
16650,2822,8,1
16651,2823,3,1
16652,2823,4,1
16653,2823,5,1
16654,2823,6,1
16655,2823,7,1
16656,2823,8,1
16657,2824,3,1
16658,2824,4,1
16659,2824,5,1
16660,2824,6,1
16661,2824,7,1
16662,2824,8,1
16663,2825,3,1
16664,2825,4,1
16665,2825,5,1
16666,2825,6,1
16667,2825,7,1
16668,2825,8,1
16669,2826,3,1
16670,2826,4,1
16671,2826,5,1
16672,2826,6,1
16673,2826,7,1
16674,2826,8,1
16675,2827,3,1
16676,2827,4,1
16677,2827,5,1
16678,2827,6,1
16679,2827,7,1
16680,2827,8,1
16681,2828,1,1
16682,2828,3,1
16683,2828,4,1
16684,2828,5,1
16685,2828,6,1
16686,2828,7,1
16687,2828,8,1
16688,2829,1,1
16689,2829,3,1
16690,2829,4,1
16691,2829,5,1
16692,2829,6,1
16693,2829,7,1
16694,2829,8,1
16695,2830,3,1
16696,2830,4,1
16697,2830,5,1
16698,2830,6,1
16699,2830,7,1
16700,2830,8,1
16701,2831,1,1
16702,2831,3,1
16703,2831,4,1
16704,2831,5,1
16705,2831,6,1
16706,2831,7,1
16707,2831,8,1
16708,2832,3,1
16709,2832,4,1
16710,2832,5,1
16711,2832,7,1
16712,2832,8,1
16713,2833,3,1
16714,2833,4,1
16715,2833,5,1
16716,2833,6,1
16717,2833,7,1
16718,2833,8,1
16719,2834,3,1
16720,2834,4,1
16721,2834,5,1
16722,2834,6,1
16723,2834,7,1
16724,2834,8,1
16725,2835,3,1
16726,2835,4,1
16727,2835,5,1
16728,2835,6,1
16729,2835,7,1
16730,2835,8,1
16731,2836,3,1
16732,2836,4,1
16733,2836,5,1
16734,2836,6,1
16735,2836,7,1
16736,2836,8,1
16737,2837,3,1
16738,2837,4,1
16739,2837,5,1
16740,2837,6,1
16741,2837,7,1
16742,2837,8,1
16743,2838,3,1
16744,2838,4,1
16745,2838,5,1
16746,2838,6,1
16747,2838,7,1
16748,2838,8,1
16749,2839,3,1
16750,2839,4,1
16751,2839,5,1
16752,2839,7,1
16753,2839,8,1
16754,2840,3,1
16755,2840,4,1
16756,2840,5,1
16757,2840,6,1
16758,2840,7,1
16759,2840,8,1
16760,2841,1,1
16761,2841,3,1
16762,2841,4,1
16763,2841,5,1
16764,2841,6,1
16765,2841,7,1
16766,2841,8,1
16767,2842,3,1
16768,2842,4,1
16769,2842,5,1
16770,2842,6,1
16771,2842,7,1
16772,2842,8,1
16773,2843,3,1
16774,2843,4,1
16775,2843,5,1
16776,2843,6,1
16777,2843,7,1
16778,2843,8,1
16779,2844,3,1
16780,2844,4,1
16781,2844,5,1
16782,2844,6,1
16783,2844,7,1
16784,2844,8,1
16785,2845,3,1
16786,2845,4,1
16787,2845,5,1
16788,2845,6,1
16789,2845,7,1
16790,2845,8,1
16791,2846,3,1
16792,2846,4,1
16793,2846,5,1
16794,2846,6,1
16795,2846,7,1
16796,2846,8,1
16797,2847,1,1
16798,2847,3,1
16799,2847,4,1
16800,2847,5,1
16801,2847,7,1
16802,2847,8,1
16803,2848,3,1
16804,2848,4,1
16805,2848,5,1
16806,2848,6,1
16807,2848,7,1
16808,2848,8,1
16809,2849,3,1
16810,2849,4,1
16811,2849,5,1
16812,2849,6,1
16813,2849,7,1
16814,2849,8,1
16815,2850,3,1
16816,2850,4,1
16817,2850,5,1
16818,2850,7,1
16819,2850,8,1
16820,2851,3,1
16821,2851,4,1
16822,2851,5,1
16823,2851,7,1
16824,2851,8,1
16825,2852,3,1
16826,2852,4,1
16827,2852,5,1
16828,2852,6,1
16829,2852,7,1
16830,2852,8,1
16831,2853,3,1
16832,2853,4,1
16833,2853,5,1
16834,2853,6,1
16835,2853,7,1
16836,2853,8,1
16837,2854,3,1
16838,2854,4,1
16839,2854,5,1
16840,2854,6,1
16841,2854,7,1
16842,2854,8,1
16843,2855,3,1
16844,2855,4,1
16845,2855,5,1
16846,2855,6,1
16847,2855,7,1
16848,2855,8,1
16849,2856,3,1
16850,2856,4,1
16851,2856,5,1
16852,2856,6,1
16853,2856,7,1
16854,2856,8,1
16855,2857,3,1
16856,2857,4,1
16857,2857,5,1
16858,2857,6,1
16859,2857,7,1
16860,2857,8,1
16861,2858,3,1
16862,2858,4,1
16863,2858,5,1
16864,2858,6,1
16865,2858,7,1
16866,2858,8,1
16867,2859,1,1
16868,2859,3,1
16869,2859,4,1
16870,2859,5,1
16871,2859,7,1
16872,2859,8,1
16873,2860,1,1
16874,2860,3,1
16875,2860,4,1
16876,2860,5,1
16877,2860,6,1
16878,2860,7,1
16879,2860,8,1
16880,2861,3,1
16881,2861,4,1
16882,2861,5,1
16883,2861,6,1
16884,2861,7,1
16885,2861,8,1
16886,2862,1,1
16887,2862,3,1
16888,2862,4,1
16889,2862,5,1
16890,2862,7,1
16891,2862,8,1
16892,2863,1,1
16893,2863,3,1
16894,2863,4,1
16895,2863,5,1
16896,2863,6,1
16897,2863,7,1
16898,2863,8,1
16899,2864,3,1
16900,2864,4,1
16901,2864,5,1
16902,2864,6,1
16903,2864,7,1
16904,2864,8,1
16905,2865,1,1
16906,2865,3,1
16907,2865,4,1
16908,2865,5,1
16909,2865,6,1
16910,2865,7,1
16911,2865,8,1
16912,2866,1,1
16913,2866,3,1
16914,2866,4,1
16915,2866,5,1
16916,2866,6,1
16917,2866,7,1
16918,2866,8,1
16919,2867,3,1
16920,2867,4,1
16921,2867,5,1
16922,2867,6,1
16923,2867,7,1
16924,2867,8,1
16925,2868,3,1
16926,2868,4,1
16927,2868,5,1
16928,2868,6,1
16929,2868,7,1
16930,2868,8,1
16931,2869,3,1
16932,2869,4,1
16933,2869,5,1
16934,2869,6,1
16935,2869,7,1
16936,2869,8,1
16937,2870,3,1
16938,2870,4,1
16939,2870,5,1
16940,2870,7,1
16941,2870,8,1
16942,2871,3,1
16943,2871,4,1
16944,2871,5,1
16945,2871,7,1
16946,2871,8,1
16947,2872,3,1
16948,2872,4,1
16949,2872,5,1
16950,2872,6,1
16951,2872,7,1
16952,2872,8,1
16953,2873,3,1
16954,2873,4,1
16955,2873,5,1
16956,2873,6,1
16957,2873,7,1
16958,2873,8,1
16959,2874,3,1
16960,2874,4,1
16961,2874,5,1
16962,2874,6,1
16963,2874,7,1
16964,2874,8,1
16965,2875,3,1
16966,2875,4,1
16967,2875,5,1
16968,2875,6,1
16969,2875,7,1
16970,2875,8,1
16971,2876,3,1
16972,2876,4,1
16973,2876,5,1
16974,2876,6,1
16975,2876,7,1
16976,2876,8,1
16977,2877,3,1
16978,2877,4,1
16979,2877,5,1
16980,2877,6,1
16981,2877,7,1
16982,2877,8,1
16983,2878,1,1
16984,2878,3,1
16985,2878,4,1
16986,2878,5,1
16987,2878,6,1
16988,2878,7,1
16989,2878,8,1
16990,2879,1,1
16991,2879,3,1
16992,2879,4,1
16993,2879,5,1
16994,2879,6,1
16995,2879,7,1
16996,2879,8,1
16997,2880,3,1
16998,2880,4,1
16999,2880,5,1
17000,2880,6,1
17001,2880,7,1
17002,2880,8,1
17003,2881,1,1
17004,2881,3,1
17005,2881,4,1
17006,2881,5,1
17007,2881,6,1
17008,2881,7,1
17009,2881,8,1
17010,2882,1,1
17011,2882,3,1
17012,2882,4,1
17013,2882,5,1
17014,2882,6,1
17015,2882,7,1
17016,2882,8,1
17017,2883,3,1
17018,2883,4,1
17019,2883,5,1
17020,2883,7,1
17021,2883,8,1
17022,2884,3,1
17023,2884,4,1
17024,2884,5,1
17025,2884,6,1
17026,2884,7,1
17027,2884,8,1
17028,2885,3,1
17029,2885,4,1
17030,2885,5,1
17031,2885,7,1
17032,2885,8,1
17033,2886,3,1
17034,2886,4,1
17035,2886,5,1
17036,2886,6,1
17037,2886,7,1
17038,2886,8,1
17039,2887,3,1
17040,2887,4,1
17041,2887,5,1
17042,2887,7,1
17043,2887,8,1
17044,2888,1,1
17045,2888,3,1
17046,2888,4,1
17047,2888,5,1
17048,2888,6,1
17049,2888,7,1
17050,2888,8,1
17051,2889,3,1
17052,2889,4,1
17053,2889,5,1
17054,2889,6,1
17055,2889,7,1
17056,2889,8,1
17057,2890,3,1
17058,2890,4,1
17059,2890,5,1
17060,2890,6,1
17061,2890,7,1
17062,2890,8,1
17063,2891,1,1
17064,2891,3,1
17065,2891,4,1
17066,2891,5,1
17067,2891,6,1
17068,2891,7,1
17069,2891,8,1
17070,2892,1,1
17071,2892,3,1
17072,2892,4,1
17073,2892,5,1
17074,2892,6,1
17075,2892,7,1
17076,2892,8,1
17077,2893,3,1
17078,2893,4,1
17079,2893,5,1
17080,2893,6,1
17081,2893,7,1
17082,2893,8,1
17083,2894,1,1
17084,2894,3,1
17085,2894,4,1
17086,2894,5,1
17087,2894,6,1
17088,2894,7,1
17089,2894,8,1
17090,2895,3,1
17091,2895,4,1
17092,2895,5,1
17093,2895,6,1
17094,2895,7,1
17095,2895,8,1
17096,2896,3,1
17097,2896,4,1
17098,2896,5,1
17099,2896,6,1
17100,2896,7,1
17101,2896,8,1
17102,2897,3,1
17103,2897,4,1
17104,2897,5,1
17105,2897,6,1
17106,2897,7,1
17107,2897,8,1
17108,2898,1,1
17109,2898,3,1
17110,2898,4,1
17111,2898,5,1
17112,2898,6,1
17113,2898,7,1
17114,2898,8,1
17115,2899,3,1
17116,2899,4,1
17117,2899,5,1
17118,2899,6,1
17119,2899,7,1
17120,2899,8,1
17121,2900,3,1
17122,2900,4,1
17123,2900,5,1
17124,2900,7,1
17125,2900,8,1
17126,2901,3,1
17127,2901,4,1
17128,2901,5,1
17129,2901,6,1
17130,2901,7,1
17131,2901,8,1
17132,2902,3,1
17133,2902,4,1
17134,2902,5,1
17135,2902,6,1
17136,2902,7,1
17137,2902,8,1
17138,2903,1,1
17139,2903,3,1
17140,2903,4,1
17141,2903,5,1
17142,2903,6,1
17143,2903,7,1
17144,2903,8,1
17145,2904,3,1
17146,2904,4,1
17147,2904,5,1
17148,2904,7,1
17149,2904,8,1
17150,2905,3,1
17151,2905,4,1
17152,2905,5,1
17153,2905,7,1
17154,2905,8,1
17155,2906,3,1
17156,2906,4,1
17157,2906,5,1
17158,2906,7,1
17159,2906,8,1
17160,2907,3,1
17161,2907,4,1
17162,2907,5,1
17163,2907,6,1
17164,2907,7,1
17165,2907,8,1
17166,2908,3,1
17167,2908,4,1
17168,2908,5,1
17169,2908,7,1
17170,2908,8,1
17171,2909,1,1
17172,2909,3,1
17173,2909,4,1
17174,2909,5,1
17175,2909,6,1
17176,2909,7,1
17177,2909,8,1
17178,2910,3,1
17179,2910,4,1
17180,2910,5,1
17181,2910,6,1
17182,2910,7,1
17183,2910,8,1
17184,2911,3,1
17185,2911,4,1
17186,2911,5,1
17187,2911,7,1
17188,2911,8,1
17189,2912,3,1
17190,2912,4,1
17191,2912,5,1
17192,2912,6,1
17193,2912,7,1
17194,2912,8,1
17195,2913,3,1
17196,2913,4,1
17197,2913,5,1
17198,2913,6,1
17199,2913,7,1
17200,2913,8,1
17201,2914,3,1
17202,2914,4,1
17203,2914,5,1
17204,2914,6,1
17205,2914,7,1
17206,2914,8,1
17207,2915,3,1
17208,2915,4,1
17209,2915,5,1
17210,2915,6,1
17211,2915,7,1
17212,2915,8,1
17213,2916,3,1
17214,2916,4,1
17215,2916,5,1
17216,2916,6,1
17217,2916,7,1
17218,2916,8,1
17219,2917,3,1
17220,2917,4,1
17221,2917,5,1
17222,2917,7,1
17223,2917,8,1
17224,2918,1,1
17225,2918,3,1
17226,2918,4,1
17227,2918,5,1
17228,2918,6,1
17229,2918,7,1
17230,2918,8,1
17231,2919,3,1
17232,2919,4,1
17233,2919,5,1
17234,2919,6,1
17235,2919,7,1
17236,2919,8,1
17237,2920,3,1
17238,2920,4,1
17239,2920,5,1
17240,2920,6,1
17241,2920,7,1
17242,2920,8,1
17243,2921,3,1
17244,2921,4,1
17245,2921,5,1
17246,2921,6,1
17247,2921,7,1
17248,2921,8,1
17249,2922,3,1
17250,2922,4,1
17251,2922,5,1
17252,2922,6,1
17253,2922,7,1
17254,2922,8,1
17255,2923,3,1
17256,2923,4,1
17257,2923,5,1
17258,2923,6,1
17259,2923,7,1
17260,2923,8,1
17261,2924,1,1
17262,2924,3,1
17263,2924,4,1
17264,2924,5,1
17265,2924,6,1
17266,2924,7,1
17267,2924,8,1
17268,2925,1,1
17269,2925,3,1
17270,2925,4,1
17271,2925,5,1
17272,2925,6,1
17273,2925,7,1
17274,2925,8,1
17275,2926,3,1
17276,2926,4,1
17277,2926,5,1
17278,2926,6,1
17279,2926,7,1
17280,2926,8,1
17281,2927,3,1
17282,2927,4,1
17283,2927,5,1
17284,2927,6,1
17285,2927,7,1
17286,2927,8,1
17287,2928,3,1
17288,2928,4,1
17289,2928,5,1
17290,2928,6,1
17291,2928,7,1
17292,2928,8,1
17293,2929,3,1
17294,2929,4,1
17295,2929,5,1
17296,2929,6,1
17297,2929,7,1
17298,2929,8,1
17299,2930,3,1
17300,2930,4,1
17301,2930,5,1
17302,2930,6,1
17303,2930,7,1
17304,2930,8,1
17305,2931,1,1
17306,2931,3,1
17307,2931,4,1
17308,2931,5,1
17309,2931,6,1
17310,2931,7,1
17311,2931,8,1
17312,2932,3,1
17313,2932,4,1
17314,2932,5,1
17315,2932,7,1
17316,2932,8,1
17317,2933,3,1
17318,2933,4,1
17319,2933,5,1
17320,2933,6,1
17321,2933,7,1
17322,2933,8,1
17323,2934,3,1
17324,2934,4,1
17325,2934,5,1
17326,2934,6,1
17327,2934,7,1
17328,2934,8,1
17329,2935,3,1
17330,2935,4,1
17331,2935,5,1
17332,2935,7,1
17333,2935,8,1
17334,2936,3,1
17335,2936,4,1
17336,2936,5,1
17337,2936,6,1
17338,2936,7,1
17339,2936,8,1
17340,2937,3,1
17341,2937,4,1
17342,2937,5,1
17343,2937,6,1
17344,2937,7,1
17345,2937,8,1
17346,2938,1,1
17347,2938,3,1
17348,2938,4,1
17349,2938,5,1
17350,2938,6,1
17351,2938,7,1
17352,2938,8,1
17353,2939,1,1
17354,2939,3,1
17355,2939,4,1
17356,2939,5,1
17357,2939,6,1
17358,2939,7,1
17359,2939,8,1
17360,2940,3,1
17361,2940,4,1
17362,2940,5,1
17363,2940,6,1
17364,2940,7,1
17365,2940,8,1
17366,2941,3,1
17367,2941,4,1
17368,2941,5,1
17369,2941,6,1
17370,2941,7,1
17371,2941,8,1
17372,2942,3,1
17373,2942,4,1
17374,2942,5,1
17375,2942,7,1
17376,2942,8,1
17377,2943,3,1
17378,2943,4,1
17379,2943,5,1
17380,2943,6,1
17381,2943,7,1
17382,2943,8,1
17383,2944,1,1
17384,2944,3,1
17385,2944,4,1
17386,2944,5,1
17387,2944,6,1
17388,2944,7,1
17389,2944,8,1
17390,2945,3,1
17391,2945,4,1
17392,2945,5,1
17393,2945,6,1
17394,2945,7,1
17395,2945,8,1
17396,2946,3,1
17397,2946,4,1
17398,2946,5,1
17399,2946,6,1
17400,2946,7,1
17401,2946,8,1
17402,2947,3,1
17403,2947,4,1
17404,2947,5,1
17405,2947,6,1
17406,2947,7,1
17407,2947,8,1
17408,2948,3,1
17409,2948,4,1
17410,2948,5,1
17411,2948,6,1
17412,2948,7,1
17413,2948,8,1
17414,2949,1,1
17415,2949,3,1
17416,2949,4,1
17417,2949,5,1
17418,2949,7,1
17419,2949,8,1
17420,2950,1,1
17421,2950,3,1
17422,2950,4,1
17423,2950,5,1
17424,2950,6,1
17425,2950,7,1
17426,2950,8,1
17427,2951,3,1
17428,2951,4,1
17429,2951,5,1
17430,2951,7,1
17431,2951,8,1
17432,2952,1,1
17433,2952,3,1
17434,2952,4,1
17435,2952,5,1
17436,2952,6,1
17437,2952,7,1
17438,2952,8,1
17439,2953,1,1
17440,2953,3,1
17441,2953,4,1
17442,2953,5,1
17443,2953,7,1
17444,2953,8,1
17445,2954,3,1
17446,2954,4,1
17447,2954,5,1
17448,2954,6,1
17449,2954,7,1
17450,2954,8,1
17451,2955,3,1
17452,2955,4,1
17453,2955,5,1
17454,2955,6,1
17455,2955,7,1
17456,2955,8,1
17457,2956,1,1
17458,2956,3,1
17459,2956,4,1
17460,2956,5,1
17461,2956,6,1
17462,2956,7,1
17463,2956,8,1
17464,2957,3,1
17465,2957,4,1
17466,2957,5,1
17467,2957,6,1
17468,2957,7,1
17469,2957,8,1
17470,2958,1,1
17471,2958,3,1
17472,2958,4,1
17473,2958,5,1
17474,2958,6,1
17475,2958,7,1
17476,2958,8,1
17477,2959,1,1
17478,2959,3,1
17479,2959,4,1
17480,2959,5,1
17481,2959,6,1
17482,2959,7,1
17483,2959,8,1
17484,2960,3,1
17485,2960,4,1
17486,2960,5,1
17487,2960,6,1
17488,2960,7,1
17489,2960,8,1
17490,2961,3,1
17491,2961,4,1
17492,2961,5,1
17493,2961,6,1
17494,2961,7,1
17495,2961,8,1
17496,2962,1,1
17497,2962,3,1
17498,2962,4,1
17499,2962,5,1
17500,2962,6,1
17501,2962,7,1
17502,2962,8,1
17503,2963,1,1
17504,2963,3,1
17505,2963,4,1
17506,2963,5,1
17507,2963,6,1
17508,2963,7,1
17509,2963,8,1
17510,2964,3,1
17511,2964,4,1
17512,2964,5,1
17513,2964,7,1
17514,2964,8,1
17515,2965,1,1
17516,2965,3,1
17517,2965,4,1
17518,2965,5,1
17519,2965,6,1
17520,2965,7,1
17521,2965,8,1
17522,2966,3,1
17523,2966,4,1
17524,2966,5,1
17525,2966,6,1
17526,2966,7,1
17527,2966,8,1
17528,2967,1,1
17529,2967,3,1
17530,2967,4,1
17531,2967,5,1
17532,2967,6,1
17533,2967,7,1
17534,2967,8,1
17535,2968,3,1
17536,2968,4,1
17537,2968,5,1
17538,2968,7,1
17539,2968,8,1
17540,2969,3,1
17541,2969,4,1
17542,2969,5,1
17543,2969,6,1
17544,2969,7,1
17545,2969,8,1
17546,2970,1,1
17547,2970,3,1
17548,2970,4,1
17549,2970,5,1
17550,2970,6,1
17551,2970,7,1
17552,2970,8,1
17553,2971,1,1
17554,2971,3,1
17555,2971,4,1
17556,2971,5,1
17557,2971,6,1
17558,2971,7,1
17559,2971,8,1
17560,2972,3,1
17561,2972,4,1
17562,2972,5,1
17563,2972,6,1
17564,2972,7,1
17565,2972,8,1
17566,2973,3,1
17567,2973,4,1
17568,2973,5,1
17569,2973,6,1
17570,2973,7,1
17571,2973,8,1
17572,2974,1,1
17573,2974,3,1
17574,2974,4,1
17575,2974,5,1
17576,2974,6,1
17577,2974,7,1
17578,2974,8,1
17579,2975,3,1
17580,2975,4,1
17581,2975,5,1
17582,2975,6,1
17583,2975,7,1
17584,2975,8,1
17585,2976,1,1
17586,2976,3,1
17587,2976,4,1
17588,2976,5,1
17589,2976,6,1
17590,2976,7,1
17591,2976,8,1
17592,2977,1,1
17593,2977,3,1
17594,2977,4,1
17595,2977,5,1
17596,2977,6,1
17597,2977,7,1
17598,2977,8,1
17599,2978,1,1
17600,2978,3,1
17601,2978,4,1
17602,2978,5,1
17603,2978,7,1
17604,2978,8,1
17605,2979,3,1
17606,2979,4,1
17607,2979,5,1
17608,2979,6,1
17609,2979,7,1
17610,2979,8,1
17611,2980,3,1
17612,2980,4,1
17613,2980,5,1
17614,2980,6,1
17615,2980,7,1
17616,2980,8,1
17617,2981,1,1
17618,2981,3,1
17619,2981,4,1
17620,2981,5,1
17621,2981,6,1
17622,2981,7,1
17623,2981,8,1
17624,2982,1,1
17625,2982,3,1
17626,2982,4,1
17627,2982,5,1
17628,2982,6,1
17629,2982,7,1
17630,2982,8,1
17631,2983,3,1
17632,2983,4,1
17633,2983,5,1
17634,2983,7,1
17635,2983,8,1
17636,2984,3,1
17637,2984,4,1
17638,2984,5,1
17639,2984,6,1
17640,2984,7,1
17641,2984,8,1
17642,2985,3,1
17643,2985,4,1
17644,2985,5,1
17645,2985,6,1
17646,2985,7,1
17647,2985,8,1
17648,2986,3,1
17649,2986,4,1
17650,2986,5,1
17651,2986,7,1
17652,2986,8,1
17653,2987,3,1
17654,2987,4,1
17655,2987,5,1
17656,2987,7,1
17657,2987,8,1
17658,2988,3,1
17659,2988,4,1
17660,2988,5,1
17661,2988,6,1
17662,2988,7,1
17663,2988,8,1
17664,2989,3,1
17665,2989,4,1
17666,2989,5,1
17667,2989,6,1
17668,2989,7,1
17669,2989,8,1
17670,2990,3,1
17671,2990,4,1
17672,2990,5,1
17673,2990,7,1
17674,2990,8,1
17675,2991,3,1
17676,2991,4,1
17677,2991,5,1
17678,2991,6,1
17679,2991,7,1
17680,2991,8,1
17681,2992,3,1
17682,2992,4,1
17683,2992,5,1
17684,2992,6,1
17685,2992,7,1
17686,2992,8,1
17687,2993,3,1
17688,2993,4,1
17689,2993,5,1
17690,2993,6,1
17691,2993,7,1
17692,2993,8,1
17693,2994,3,1
17694,2994,4,1
17695,2994,5,1
17696,2994,7,1
17697,2994,8,1
17698,2995,3,1
17699,2995,4,1
17700,2995,5,1
17701,2995,6,1
17702,2995,7,1
17703,2995,8,1
17704,2996,3,1
17705,2996,4,1
17706,2996,5,1
17707,2996,6,1
17708,2996,7,1
17709,2996,8,1
17710,2997,3,1
17711,2997,4,1
17712,2997,5,1
17713,2997,6,1
17714,2997,7,1
17715,2997,8,1
17716,2998,3,1
17717,2998,4,1
17718,2998,5,1
17719,2998,6,1
17720,2998,7,1
17721,2998,8,1
17722,2999,3,1
17723,2999,4,1
17724,2999,5,1
17725,2999,7,1
17726,2999,8,1
17727,3000,3,1
17728,3000,4,1
17729,3000,5,1
17730,3000,6,1
17731,3000,7,1
17732,3000,8,1
17733,3001,3,1
17734,3001,4,1
17735,3001,5,1
17736,3001,7,1
17737,3001,8,1
17738,3002,3,1
17739,3002,4,1
17740,3002,5,1
17741,3002,6,1
17742,3002,7,1
17743,3002,8,1
17744,3003,3,1
17745,3003,4,1
17746,3003,5,1
17747,3003,6,1
17748,3003,7,1
17749,3003,8,1
17750,3004,1,1
17751,3004,3,1
17752,3004,4,1
17753,3004,5,1
17754,3004,6,1
17755,3004,7,1
17756,3004,8,1
17757,3005,1,1
17758,3005,3,1
17759,3005,4,1
17760,3005,5,1
17761,3005,6,1
17762,3005,7,1
17763,3005,8,1
17764,3006,1,1
17765,3006,3,1
17766,3006,4,1
17767,3006,5,1
17768,3006,6,1
17769,3006,7,1
17770,3006,8,1
17771,3007,3,1
17772,3007,4,1
17773,3007,5,1
17774,3007,6,1
17775,3007,7,1
17776,3007,8,1
17777,3008,3,1
17778,3008,4,1
17779,3008,5,1
17780,3008,6,1
17781,3008,7,1
17782,3008,8,1
17783,3009,3,1
17784,3009,4,1
17785,3009,5,1
17786,3009,6,1
17787,3009,7,1
17788,3009,8,1
17789,3010,3,1
17790,3010,4,1
17791,3010,5,1
17792,3010,6,1
17793,3010,7,1
17794,3010,8,1
17795,3011,1,1
17796,3011,3,1
17797,3011,4,1
17798,3011,5,1
17799,3011,6,1
17800,3011,7,1
17801,3011,8,1
17802,3012,3,1
17803,3012,4,1
17804,3012,5,1
17805,3012,6,1
17806,3012,7,1
17807,3012,8,1
17808,3013,3,1
17809,3013,4,1
17810,3013,5,1
17811,3013,6,1
17812,3013,7,1
17813,3013,8,1
17814,3014,3,1
17815,3014,4,1
17816,3014,5,1
17817,3014,7,1
17818,3014,8,1
